dataset,event_date,month,rows,year
branches,1990-01-03,1990-01,1,1990
branches,1990-01-20,1990-01,1,1990
branches,1990-02-05,1990-02,1,1990
branches,1990-02-20,1990-02,1,1990
branches,1990-03-18,1990-03,1,1990
branches,1990-04-29,1990-04,1,1990
branches,1990-05-13,1990-05,1,1990
branches,1990-06-25,1990-06,1,1990
branches,1990-07-21,1990-07,1,1990
branches,1990-08-17,1990-08,1,1990
branches,1990-11-02,1990-11,1,1990
branches,1990-11-03,1990-11,1,1990
branches,1991-01-03,1991-01,1,1991
branches,1991-01-29,1991-01,1,1991
branches,1991-03-14,1991-03,1,1991
branches,1991-03-25,1991-03,1,1991
branches,1991-04-23,1991-04,1,1991
branches,1991-05-20,1991-05,1,1991
branches,1991-05-24,1991-05,1,1991
branches,1991-06-02,1991-06,1,1991
branches,1991-06-03,1991-06,1,1991
branches,1991-06-04,1991-06,1,1991
branches,1991-10-09,1991-10,1,1991
branches,1991-11-04,1991-11,1,1991
branches,1991-11-23,1991-11,1,1991
branches,1991-12-28,1991-12,1,1991
branches,1992-02-25,1992-02,1,1992
branches,1992-03-18,1992-03,1,1992
branches,1992-05-29,1992-05,1,1992
branches,1992-06-04,1992-06,1,1992
branches,1992-08-29,1992-08,1,1992
branches,1992-09-08,1992-09,1,1992
branches,1992-10-30,1992-10,1,1992
branches,1992-11-06,1992-11,1,1992
branches,1992-12-20,1992-12,1,1992
branches,1993-01-18,1993-01,1,1993
branches,1993-02-04,1993-02,1,1993
branches,1993-02-22,1993-02,1,1993
branches,1993-05-02,1993-05,1,1993
branches,1993-05-22,1993-05,1,1993
branches,1993-06-16,1993-06,1,1993
branches,1993-07-22,1993-07,1,1993
branches,1993-09-25,1993-09,1,1993
branches,1993-10-26,1993-10,1,1993
branches,1994-01-03,1994-01,1,1994
branches,1994-02-03,1994-02,1,1994
branches,1994-03-30,1994-03,1,1994
branches,1994-06-27,1994-06,1,1994
branches,1994-06-30,1994-06,1,1994
branches,1994-07-03,1994-07,1,1994
branches,1994-07-05,1994-07,1,1994
branches,1994-08-06,1994-08,1,1994
branches,1994-08-30,1994-08,1,1994
branches,1994-10-08,1994-10,1,1994
branches,1994-10-13,1994-10,1,1994
branches,1995-05-08,1995-05,1,1995
branches,1995-06-12,1995-06,1,1995
branches,1995-08-02,1995-08,1,1995
branches,1995-08-04,1995-08,1,1995
branches,1995-08-31,1995-08,1,1995
branches,1995-09-21,1995-09,2,1995
branches,1995-09-23,1995-09,1,1995
branches,1995-10-02,1995-10,1,1995
branches,1995-11-02,1995-11,1,1995
branches,1995-11-20,1995-11,1,1995
branches,1995-12-29,1995-12,1,1995
branches,1996-01-10,1996-01,1,1996
branches,1996-04-03,1996-04,1,1996
branches,1996-05-06,1996-05,1,1996
branches,1996-05-29,1996-05,1,1996
branches,1996-06-12,1996-06,1,1996
branches,1996-06-20,1996-06,1,1996
branches,1996-06-21,1996-06,1,1996
branches,1996-07-02,1996-07,1,1996
branches,1996-07-18,1996-07,1,1996
branches,1996-08-11,1996-08,1,1996
branches,1996-08-17,1996-08,1,1996
branches,1996-08-22,1996-08,1,1996
branches,1996-08-31,1996-08,1,1996
branches,1996-11-28,1996-11,1,1996
branches,1996-12-13,1996-12,1,1996
branches,1997-02-28,1997-02,1,1997
branches,1997-04-08,1997-04,1,1997
branches,1997-07-18,1997-07,1,1997
branches,1997-09-14,1997-09,1,1997
branches,1997-10-14,1997-10,1,1997
branches,1997-10-17,1997-10,1,1997
branches,1997-11-15,1997-11,1,1997
branches,1998-01-04,1998-01,1,1998
branches,1998-02-27,1998-02,1,1998
branches,1998-03-25,1998-03,1,1998
branches,1998-04-16,1998-04,1,1998
branches,1998-04-30,1998-04,1,1998
branches,1998-07-13,1998-07,1,1998
branches,1998-07-28,1998-07,1,1998
branches,1998-08-06,1998-08,1,1998
branches,1998-08-22,1998-08,1,1998
branches,1998-09-12,1998-09,1,1998
branches,1998-10-18,1998-10,1,1998
branches,1998-11-29,1998-11,1,1998
branches,1999-01-19,1999-01,1,1999
branches,1999-03-04,1999-03,1,1999
branches,1999-05-22,1999-05,1,1999
branches,1999-06-13,1999-06,1,1999
branches,1999-06-16,1999-06,1,1999
branches,1999-07-04,1999-07,1,1999
branches,1999-08-07,1999-08,1,1999
branches,1999-08-19,1999-08,1,1999
branches,1999-11-27,1999-11,1,1999
branches,1999-12-28,1999-12,1,1999
branches,2000-02-15,2000-02,1,2000
branches,2000-03-16,2000-03,1,2000
branches,2000-03-18,2000-03,1,2000
branches,2000-06-11,2000-06,1,2000
branches,2000-07-01,2000-07,1,2000
branches,2000-07-24,2000-07,1,2000
branches,2000-09-07,2000-09,1,2000
branches,2000-11-18,2000-11,1,2000
branches,2000-11-22,2000-11,1,2000
branches,2000-12-01,2000-12,1,2000
branches,2000-12-04,2000-12,1,2000
branches,2000-12-06,2000-12,1,2000
branches,2000-12-26,2000-12,1,2000
branches,2001-01-21,2001-01,1,2001
branches,2001-02-05,2001-02,1,2001
branches,2001-02-07,2001-02,1,2001
branches,2001-05-27,2001-05,1,2001
branches,2001-06-15,2001-06,1,2001
branches,2001-08-08,2001-08,1,2001
branches,2001-08-25,2001-08,1,2001
branches,2001-09-28,2001-09,1,2001
branches,2002-01-18,2002-01,1,2002
branches,2002-05-09,2002-05,1,2002
branches,2002-06-19,2002-06,1,2002
branches,2002-08-12,2002-08,1,2002
branches,2002-08-20,2002-08,1,2002
branches,2002-09-28,2002-09,1,2002
branches,2002-10-07,2002-10,1,2002
branches,2002-11-01,2002-11,1,2002
branches,2002-11-20,2002-11,1,2002
branches,2002-12-04,2002-12,1,2002
branches,2003-03-29,2003-03,1,2003
branches,2003-04-04,2003-04,1,2003
branches,2003-04-06,2003-04,1,2003
branches,2003-06-05,2003-06,1,2003
branches,2003-07-06,2003-07,1,2003
branches,2003-07-17,2003-07,2,2003
branches,2003-07-31,2003-07,1,2003
branches,2003-08-20,2003-08,1,2003
branches,2003-12-13,2003-12,1,2003
branches,2004-01-01,2004-01,1,2004
branches,2004-02-05,2004-02,1,2004
branches,2004-05-04,2004-05,1,2004
branches,2004-06-05,2004-06,1,2004
branches,2004-08-22,2004-08,1,2004
branches,2004-09-14,2004-09,1,2004
branches,2004-09-19,2004-09,1,2004
branches,2004-10-27,2004-10,1,2004
branches,2005-05-28,2005-05,1,2005
branches,2005-06-13,2005-06,1,2005
branches,2005-06-24,2005-06,1,2005
branches,2005-08-17,2005-08,1,2005
branches,2005-10-18,2005-10,1,2005
branches,2006-02-03,2006-02,1,2006
branches,2006-02-09,2006-02,1,2006
branches,2006-02-22,2006-02,2,2006
branches,2006-02-27,2006-02,1,2006
branches,2006-03-16,2006-03,1,2006
branches,2006-03-17,2006-03,1,2006
branches,2006-03-20,2006-03,1,2006
branches,2006-03-23,2006-03,1,2006
branches,2006-06-19,2006-06,1,2006
branches,2006-08-13,2006-08,1,2006
branches,2006-10-23,2006-10,1,2006
branches,2006-12-01,2006-12,1,2006
branches,2007-02-23,2007-02,1,2007
branches,2007-03-02,2007-03,1,2007
branches,2007-03-17,2007-03,1,2007
branches,2007-03-19,2007-03,1,2007
branches,2007-03-24,2007-03,1,2007
branches,2007-06-07,2007-06,1,2007
branches,2007-07-02,2007-07,1,2007
branches,2007-07-15,2007-07,1,2007
branches,2007-07-18,2007-07,1,2007
branches,2007-08-18,2007-08,1,2007
branches,2007-09-07,2007-09,1,2007
branches,2007-09-21,2007-09,1,2007
branches,2007-09-25,2007-09,1,2007
branches,2007-10-03,2007-10,1,2007
branches,2007-11-29,2007-11,1,2007
branches,2008-02-12,2008-02,1,2008
branches,2008-03-03,2008-03,1,2008
branches,2008-03-31,2008-03,1,2008
branches,2008-05-09,2008-05,1,2008
branches,2008-07-07,2008-07,1,2008
branches,2008-09-08,2008-09,1,2008
branches,2008-10-14,2008-10,1,2008
branches,2008-12-01,2008-12,1,2008
branches,2009-04-19,2009-04,1,2009
branches,2009-08-06,2009-08,1,2009
branches,2009-09-09,2009-09,1,2009
branches,2009-10-15,2009-10,1,2009
branches,2009-10-28,2009-10,1,2009
branches,2010-01-23,2010-01,1,2010
branches,2010-03-01,2010-03,1,2010
branches,2010-03-08,2010-03,1,2010
branches,2010-03-25,2010-03,1,2010
branches,2010-04-30,2010-04,1,2010
branches,2010-05-14,2010-05,1,2010
branches,2010-07-11,2010-07,1,2010
branches,2011-01-15,2011-01,1,2011
branches,2011-02-10,2011-02,1,2011
branches,2011-02-16,2011-02,1,2011
branches,2011-03-21,2011-03,1,2011
branches,2011-04-28,2011-04,1,2011
branches,2011-05-05,2011-05,1,2011
branches,2011-05-16,2011-05,1,2011
branches,2011-08-28,2011-08,1,2011
branches,2011-09-26,2011-09,1,2011
branches,2011-11-26,2011-11,1,2011
branches,2011-12-03,2011-12,1,2011
branches,2012-01-08,2012-01,1,2012
branches,2012-02-06,2012-02,1,2012
branches,2012-02-13,2012-02,1,2012
branches,2012-03-11,2012-03,1,2012
branches,2012-03-29,2012-03,1,2012
branches,2012-04-04,2012-04,1,2012
branches,2012-04-07,2012-04,1,2012
branches,2012-04-22,2012-04,1,2012
branches,2012-05-12,2012-05,1,2012
branches,2012-05-17,2012-05,1,2012
branches,2012-05-30,2012-05,1,2012
branches,2012-06-13,2012-06,1,2012
branches,2012-06-16,2012-06,1,2012
branches,2012-06-23,2012-06,1,2012
branches,2012-07-12,2012-07,1,2012
branches,2012-08-07,2012-08,1,2012
branches,2012-08-14,2012-08,1,2012
branches,2012-08-17,2012-08,1,2012
branches,2012-10-29,2012-10,1,2012
branches,2013-03-11,2013-03,1,2013
branches,2013-04-05,2013-04,1,2013
branches,2013-05-10,2013-05,1,2013
branches,2013-05-20,2013-05,1,2013
branches,2013-07-08,2013-07,1,2013
branches,2013-07-25,2013-07,1,2013
branches,2013-08-17,2013-08,1,2013
branches,2013-08-21,2013-08,1,2013
branches,2013-09-03,2013-09,1,2013
branches,2014-02-09,2014-02,1,2014
branches,2014-02-10,2014-02,1,2014
branches,2014-02-21,2014-02,1,2014
branches,2014-07-02,2014-07,1,2014
branches,2014-07-21,2014-07,2,2014
branches,2014-09-24,2014-09,1,2014
branches,2014-10-27,2014-10,1,2014
branches,2014-11-22,2014-11,1,2014
branches,2015-03-18,2015-03,1,2015
branches,2015-04-07,2015-04,1,2015
branches,2015-04-17,2015-04,1,2015
branches,2015-09-09,2015-09,1,2015
branches,2015-09-30,2015-09,1,2015
branches,2015-10-03,2015-10,1,2015
branches,2015-10-09,2015-10,1,2015
branches,2015-10-10,2015-10,1,2015
branches,2016-01-14,2016-01,1,2016
branches,2016-01-18,2016-01,1,2016
branches,2016-02-03,2016-02,1,2016
branches,2016-02-17,2016-02,1,2016
branches,2016-07-12,2016-07,1,2016
branches,2016-09-25,2016-09,1,2016
branches,2016-09-29,2016-09,1,2016
branches,2016-10-02,2016-10,1,2016
branches,2016-11-28,2016-11,1,2016
branches,2016-11-29,2016-11,1,2016
branches,2016-12-04,2016-12,1,2016
branches,2017-01-06,2017-01,1,2017
branches,2017-03-01,2017-03,1,2017
branches,2017-06-22,2017-06,1,2017
branches,2017-07-12,2017-07,1,2017
branches,2017-07-17,2017-07,1,2017
branches,2017-07-19,2017-07,1,2017
branches,2017-08-06,2017-08,1,2017
branches,2017-08-09,2017-08,1,2017
branches,2017-09-03,2017-09,1,2017
branches,2017-12-16,2017-12,1,2017
branches,2018-01-18,2018-01,1,2018
branches,2018-02-10,2018-02,1,2018
branches,2018-02-19,2018-02,1,2018
branches,2018-03-27,2018-03,1,2018
branches,2018-04-10,2018-04,1,2018
branches,2018-04-23,2018-04,1,2018
branches,2018-06-18,2018-06,1,2018
branches,2018-07-25,2018-07,1,2018
branches,2018-07-27,2018-07,1,2018
branches,2018-08-08,2018-08,1,2018
branches,2018-08-14,2018-08,1,2018
branches,2018-08-27,2018-08,1,2018
branches,2019-01-28,2019-01,1,2019
branches,2019-02-09,2019-02,1,2019
branches,2019-03-15,2019-03,1,2019
branches,2019-05-01,2019-05,1,2019
branches,2019-05-02,2019-05,1,2019
branches,2019-09-12,2019-09,1,2019
branches,2019-11-05,2019-11,1,2019
branches,2019-11-09,2019-11,1,2019
branches,2019-11-18,2019-11,1,2019
branches,2019-11-29,2019-11,1,2019
branches,2019-12-05,2019-12,1,2019
branches,2019-12-09,2019-12,1,2019
branches,2020-01-19,2020-01,1,2020
branches,2020-02-10,2020-02,1,2020
branches,2020-03-23,2020-03,1,2020
branches,2020-05-10,2020-05,1,2020
branches,2020-07-11,2020-07,1,2020
branches,2020-10-04,2020-10,1,2020
branches,2020-11-11,2020-11,1,2020
branches,2020-11-13,2020-11,1,2020
branches,2020-12-07,2020-12,1,2020
branches,2020-12-18,2020-12,1,2020
branches,2021-03-09,2021-03,1,2021
branches,2021-03-10,2021-03,1,2021
branches,2021-03-14,2021-03,1,2021
branches,2021-07-19,2021-07,1,2021
branches,2021-08-01,2021-08,1,2021
branches,2021-10-29,2021-10,1,2021
branches,2021-11-13,2021-11,1,2021
branches,2021-11-24,2021-11,1,2021
branches,2021-11-25,2021-11,1,2021
branches,2021-12-10,2021-12,1,2021
branches,2021-12-19,2021-12,1,2021
branches,2022-02-09,2022-02,1,2022
branches,2022-03-08,2022-03,1,2022
branches,2022-03-27,2022-03,1,2022
branches,2022-04-10,2022-04,1,2022
branches,2022-05-15,2022-05,1,2022
branches,2022-07-08,2022-07,1,2022
branches,2022-08-06,2022-08,1,2022
branches,2022-09-05,2022-09,1,2022
branches,2022-12-24,2022-12,1,2022
branches,2022-12-26,2022-12,1,2022
branches,2023-01-05,2023-01,1,2023
branches,2023-03-04,2023-03,1,2023
branches,2023-03-24,2023-03,1,2023
branches,2023-04-24,2023-04,1,2023
branches,2023-05-11,2023-05,1,2023
call_center_interactions,2023-06-17,2023-06,384,2023
call_center_interactions,2023-06-18,2023-06,384,2023
call_center_interactions,2023-06-19,2023-06,816,2023
call_center_interactions,2023-06-20,2023-06,721,2023
call_center_interactions,2023-06-21,2023-06,683,2023
call_center_interactions,2023-06-22,2023-06,617,2023
call_center_interactions,2023-06-23,2023-06,788,2023
call_center_interactions,2023-06-24,2023-06,413,2023
call_center_interactions,2023-06-25,2023-06,298,2023
call_center_interactions,2023-06-26,2023-06,828,2023
call_center_interactions,2023-06-27,2023-06,865,2023
call_center_interactions,2023-06-28,2023-06,871,2023
call_center_interactions,2023-06-29,2023-06,854,2023
call_center_interactions,2023-06-30,2023-06,732,2023
call_center_interactions,2023-07-01,2023-07,353,2023
call_center_interactions,2023-07-02,2023-07,388,2023
call_center_interactions,2023-07-03,2023-07,792,2023
call_center_interactions,2023-07-04,2023-07,833,2023
call_center_interactions,2023-07-05,2023-07,780,2023
call_center_interactions,2023-07-06,2023-07,866,2023
call_center_interactions,2023-07-07,2023-07,736,2023
call_center_interactions,2023-07-08,2023-07,398,2023
call_center_interactions,2023-07-09,2023-07,309,2023
call_center_interactions,2023-07-10,2023-07,725,2023
call_center_interactions,2023-07-11,2023-07,849,2023
call_center_interactions,2023-07-12,2023-07,655,2023
call_center_interactions,2023-07-13,2023-07,804,2023
call_center_interactions,2023-07-14,2023-07,836,2023
call_center_interactions,2023-07-15,2023-07,404,2023
call_center_interactions,2023-07-16,2023-07,374,2023
call_center_interactions,2023-07-17,2023-07,699,2023
call_center_interactions,2023-07-18,2023-07,851,2023
call_center_interactions,2023-07-19,2023-07,655,2023
call_center_interactions,2023-07-20,2023-07,725,2023
call_center_interactions,2023-07-21,2023-07,798,2023
call_center_interactions,2023-07-22,2023-07,385,2023
call_center_interactions,2023-07-23,2023-07,304,2023
call_center_interactions,2023-07-24,2023-07,595,2023
call_center_interactions,2023-07-25,2023-07,713,2023
call_center_interactions,2023-07-26,2023-07,858,2023
call_center_interactions,2023-07-27,2023-07,583,2023
call_center_interactions,2023-07-28,2023-07,669,2023
call_center_interactions,2023-07-29,2023-07,381,2023
call_center_interactions,2023-07-30,2023-07,297,2023
call_center_interactions,2023-07-31,2023-07,632,2023
call_center_interactions,2023-08-01,2023-08,833,2023
call_center_interactions,2023-08-02,2023-08,606,2023
call_center_interactions,2023-08-03,2023-08,827,2023
call_center_interactions,2023-08-04,2023-08,584,2023
call_center_interactions,2023-08-05,2023-08,435,2023
call_center_interactions,2023-08-06,2023-08,423,2023
call_center_interactions,2023-08-07,2023-08,621,2023
call_center_interactions,2023-08-08,2023-08,814,2023
call_center_interactions,2023-08-09,2023-08,600,2023
call_center_interactions,2023-08-10,2023-08,709,2023
call_center_interactions,2023-08-11,2023-08,771,2023
call_center_interactions,2023-08-12,2023-08,340,2023
call_center_interactions,2023-08-13,2023-08,312,2023
call_center_interactions,2023-08-14,2023-08,686,2023
call_center_interactions,2023-08-15,2023-08,790,2023
call_center_interactions,2023-08-16,2023-08,615,2023
call_center_interactions,2023-08-17,2023-08,821,2023
call_center_interactions,2023-08-18,2023-08,871,2023
call_center_interactions,2023-08-19,2023-08,298,2023
call_center_interactions,2023-08-20,2023-08,298,2023
call_center_interactions,2023-08-21,2023-08,763,2023
call_center_interactions,2023-08-22,2023-08,690,2023
call_center_interactions,2023-08-23,2023-08,791,2023
call_center_interactions,2023-08-24,2023-08,865,2023
call_center_interactions,2023-08-25,2023-08,652,2023
call_center_interactions,2023-08-26,2023-08,302,2023
call_center_interactions,2023-08-27,2023-08,387,2023
call_center_interactions,2023-08-28,2023-08,780,2023
call_center_interactions,2023-08-29,2023-08,744,2023
call_center_interactions,2023-08-30,2023-08,794,2023
call_center_interactions,2023-08-31,2023-08,700,2023
call_center_interactions,2023-09-01,2023-09,672,2023
call_center_interactions,2023-09-02,2023-09,322,2023
call_center_interactions,2023-09-03,2023-09,354,2023
call_center_interactions,2023-09-04,2023-09,641,2023
call_center_interactions,2023-09-05,2023-09,798,2023
call_center_interactions,2023-09-06,2023-09,857,2023
call_center_interactions,2023-09-07,2023-09,713,2023
call_center_interactions,2023-09-08,2023-09,799,2023
call_center_interactions,2023-09-09,2023-09,358,2023
call_center_interactions,2023-09-10,2023-09,339,2023
call_center_interactions,2023-09-11,2023-09,612,2023
call_center_interactions,2023-09-12,2023-09,722,2023
call_center_interactions,2023-09-13,2023-09,716,2023
call_center_interactions,2023-09-14,2023-09,608,2023
call_center_interactions,2023-09-15,2023-09,870,2023
call_center_interactions,2023-09-16,2023-09,345,2023
call_center_interactions,2023-09-17,2023-09,342,2023
call_center_interactions,2023-09-18,2023-09,636,2023
call_center_interactions,2023-09-19,2023-09,735,2023
call_center_interactions,2023-09-20,2023-09,662,2023
call_center_interactions,2023-09-21,2023-09,605,2023
call_center_interactions,2023-09-22,2023-09,870,2023
call_center_interactions,2023-09-23,2023-09,417,2023
call_center_interactions,2023-09-24,2023-09,346,2023
call_center_interactions,2023-09-25,2023-09,638,2023
call_center_interactions,2023-09-26,2023-09,613,2023
call_center_interactions,2023-09-27,2023-09,793,2023
call_center_interactions,2023-09-28,2023-09,716,2023
call_center_interactions,2023-09-29,2023-09,795,2023
call_center_interactions,2023-09-30,2023-09,367,2023
call_center_interactions,2023-10-01,2023-10,429,2023
call_center_interactions,2023-10-02,2023-10,863,2023
call_center_interactions,2023-10-03,2023-10,691,2023
call_center_interactions,2023-10-04,2023-10,671,2023
call_center_interactions,2023-10-05,2023-10,799,2023
call_center_interactions,2023-10-06,2023-10,600,2023
call_center_interactions,2023-10-07,2023-10,345,2023
call_center_interactions,2023-10-08,2023-10,399,2023
call_center_interactions,2023-10-09,2023-10,585,2023
call_center_interactions,2023-10-10,2023-10,605,2023
call_center_interactions,2023-10-11,2023-10,824,2023
call_center_interactions,2023-10-12,2023-10,688,2023
call_center_interactions,2023-10-13,2023-10,664,2023
call_center_interactions,2023-10-14,2023-10,363,2023
call_center_interactions,2023-10-15,2023-10,432,2023
call_center_interactions,2023-10-16,2023-10,699,2023
call_center_interactions,2023-10-17,2023-10,753,2023
call_center_interactions,2023-10-18,2023-10,736,2023
call_center_interactions,2023-10-19,2023-10,828,2023
call_center_interactions,2023-10-20,2023-10,693,2023
call_center_interactions,2023-10-21,2023-10,394,2023
call_center_interactions,2023-10-22,2023-10,347,2023
call_center_interactions,2023-10-23,2023-10,747,2023
call_center_interactions,2023-10-24,2023-10,853,2023
call_center_interactions,2023-10-25,2023-10,759,2023
call_center_interactions,2023-10-26,2023-10,621,2023
call_center_interactions,2023-10-27,2023-10,746,2023
call_center_interactions,2023-10-28,2023-10,333,2023
call_center_interactions,2023-10-29,2023-10,375,2023
call_center_interactions,2023-10-30,2023-10,799,2023
call_center_interactions,2023-10-31,2023-10,602,2023
call_center_interactions,2023-11-01,2023-11,759,2023
call_center_interactions,2023-11-02,2023-11,645,2023
call_center_interactions,2023-11-03,2023-11,758,2023
call_center_interactions,2023-11-04,2023-11,318,2023
call_center_interactions,2023-11-05,2023-11,334,2023
call_center_interactions,2023-11-06,2023-11,851,2023
call_center_interactions,2023-11-07,2023-11,756,2023
call_center_interactions,2023-11-08,2023-11,703,2023
call_center_interactions,2023-11-09,2023-11,591,2023
call_center_interactions,2023-11-10,2023-11,612,2023
call_center_interactions,2023-11-11,2023-11,361,2023
call_center_interactions,2023-11-12,2023-11,344,2023
call_center_interactions,2023-11-13,2023-11,643,2023
call_center_interactions,2023-11-14,2023-11,860,2023
call_center_interactions,2023-11-15,2023-11,814,2023
call_center_interactions,2023-11-16,2023-11,846,2023
call_center_interactions,2023-11-17,2023-11,619,2023
call_center_interactions,2023-11-18,2023-11,306,2023
call_center_interactions,2023-11-19,2023-11,333,2023
call_center_interactions,2023-11-20,2023-11,643,2023
call_center_interactions,2023-11-21,2023-11,757,2023
call_center_interactions,2023-11-22,2023-11,706,2023
call_center_interactions,2023-11-23,2023-11,738,2023
call_center_interactions,2023-11-24,2023-11,796,2023
call_center_interactions,2023-11-25,2023-11,434,2023
call_center_interactions,2023-11-26,2023-11,343,2023
call_center_interactions,2023-11-27,2023-11,778,2023
call_center_interactions,2023-11-28,2023-11,835,2023
call_center_interactions,2023-11-29,2023-11,629,2023
call_center_interactions,2023-11-30,2023-11,607,2023
call_center_interactions,2023-12-01,2023-12,861,2023
call_center_interactions,2023-12-02,2023-12,375,2023
call_center_interactions,2023-12-03,2023-12,381,2023
call_center_interactions,2023-12-04,2023-12,751,2023
call_center_interactions,2023-12-05,2023-12,596,2023
call_center_interactions,2023-12-06,2023-12,769,2023
call_center_interactions,2023-12-07,2023-12,689,2023
call_center_interactions,2023-12-08,2023-12,763,2023
call_center_interactions,2023-12-09,2023-12,342,2023
call_center_interactions,2023-12-10,2023-12,381,2023
call_center_interactions,2023-12-11,2023-12,645,2023
call_center_interactions,2023-12-12,2023-12,844,2023
call_center_interactions,2023-12-13,2023-12,783,2023
call_center_interactions,2023-12-14,2023-12,871,2023
call_center_interactions,2023-12-15,2023-12,603,2023
call_center_interactions,2023-12-16,2023-12,316,2023
call_center_interactions,2023-12-17,2023-12,423,2023
call_center_interactions,2023-12-18,2023-12,857,2023
call_center_interactions,2023-12-19,2023-12,741,2023
call_center_interactions,2023-12-20,2023-12,796,2023
call_center_interactions,2023-12-21,2023-12,674,2023
call_center_interactions,2023-12-22,2023-12,843,2023
call_center_interactions,2023-12-23,2023-12,345,2023
call_center_interactions,2023-12-24,2023-12,378,2023
call_center_interactions,2023-12-25,2023-12,630,2023
call_center_interactions,2023-12-26,2023-12,617,2023
call_center_interactions,2023-12-27,2023-12,666,2023
call_center_interactions,2023-12-28,2023-12,665,2023
call_center_interactions,2023-12-29,2023-12,649,2023
call_center_interactions,2023-12-30,2023-12,433,2023
call_center_interactions,2023-12-31,2023-12,412,2023
call_center_interactions,2024-01-01,2024-01,847,2024
call_center_interactions,2024-01-02,2024-01,590,2024
call_center_interactions,2024-01-03,2024-01,735,2024
call_center_interactions,2024-01-04,2024-01,606,2024
call_center_interactions,2024-01-05,2024-01,749,2024
call_center_interactions,2024-01-06,2024-01,326,2024
call_center_interactions,2024-01-07,2024-01,301,2024
call_center_interactions,2024-01-08,2024-01,726,2024
call_center_interactions,2024-01-09,2024-01,680,2024
call_center_interactions,2024-01-10,2024-01,589,2024
call_center_interactions,2024-01-11,2024-01,799,2024
call_center_interactions,2024-01-12,2024-01,676,2024
call_center_interactions,2024-01-13,2024-01,378,2024
call_center_interactions,2024-01-14,2024-01,404,2024
call_center_interactions,2024-01-15,2024-01,725,2024
call_center_interactions,2024-01-16,2024-01,863,2024
call_center_interactions,2024-01-17,2024-01,827,2024
call_center_interactions,2024-01-18,2024-01,734,2024
call_center_interactions,2024-01-19,2024-01,650,2024
call_center_interactions,2024-01-20,2024-01,323,2024
call_center_interactions,2024-01-21,2024-01,367,2024
call_center_interactions,2024-01-22,2024-01,765,2024
call_center_interactions,2024-01-23,2024-01,658,2024
call_center_interactions,2024-01-24,2024-01,593,2024
call_center_interactions,2024-01-25,2024-01,698,2024
call_center_interactions,2024-01-26,2024-01,671,2024
call_center_interactions,2024-01-27,2024-01,352,2024
call_center_interactions,2024-01-28,2024-01,430,2024
call_center_interactions,2024-01-29,2024-01,643,2024
call_center_interactions,2024-01-30,2024-01,676,2024
call_center_interactions,2024-01-31,2024-01,625,2024
call_center_interactions,2024-02-01,2024-02,591,2024
call_center_interactions,2024-02-02,2024-02,691,2024
call_center_interactions,2024-02-03,2024-02,339,2024
call_center_interactions,2024-02-04,2024-02,433,2024
call_center_interactions,2024-02-05,2024-02,868,2024
call_center_interactions,2024-02-06,2024-02,722,2024
call_center_interactions,2024-02-07,2024-02,813,2024
call_center_interactions,2024-02-08,2024-02,694,2024
call_center_interactions,2024-02-09,2024-02,806,2024
call_center_interactions,2024-02-10,2024-02,407,2024
call_center_interactions,2024-02-11,2024-02,313,2024
call_center_interactions,2024-02-12,2024-02,727,2024
call_center_interactions,2024-02-13,2024-02,617,2024
call_center_interactions,2024-02-14,2024-02,803,2024
call_center_interactions,2024-02-15,2024-02,787,2024
call_center_interactions,2024-02-16,2024-02,764,2024
call_center_interactions,2024-02-17,2024-02,402,2024
call_center_interactions,2024-02-18,2024-02,427,2024
call_center_interactions,2024-02-19,2024-02,863,2024
call_center_interactions,2024-02-20,2024-02,737,2024
call_center_interactions,2024-02-21,2024-02,684,2024
call_center_interactions,2024-02-22,2024-02,669,2024
call_center_interactions,2024-02-23,2024-02,703,2024
call_center_interactions,2024-02-24,2024-02,344,2024
call_center_interactions,2024-02-25,2024-02,374,2024
call_center_interactions,2024-02-26,2024-02,874,2024
call_center_interactions,2024-02-27,2024-02,758,2024
call_center_interactions,2024-02-28,2024-02,664,2024
call_center_interactions,2024-02-29,2024-02,604,2024
call_center_interactions,2024-03-01,2024-03,723,2024
call_center_interactions,2024-03-02,2024-03,315,2024
call_center_interactions,2024-03-03,2024-03,429,2024
call_center_interactions,2024-03-04,2024-03,643,2024
call_center_interactions,2024-03-05,2024-03,773,2024
call_center_interactions,2024-03-06,2024-03,659,2024
call_center_interactions,2024-03-07,2024-03,632,2024
call_center_interactions,2024-03-08,2024-03,804,2024
call_center_interactions,2024-03-09,2024-03,318,2024
call_center_interactions,2024-03-10,2024-03,361,2024
call_center_interactions,2024-03-11,2024-03,750,2024
call_center_interactions,2024-03-12,2024-03,713,2024
call_center_interactions,2024-03-13,2024-03,734,2024
call_center_interactions,2024-03-14,2024-03,632,2024
call_center_interactions,2024-03-15,2024-03,687,2024
call_center_interactions,2024-03-16,2024-03,319,2024
call_center_interactions,2024-03-17,2024-03,351,2024
call_center_interactions,2024-03-18,2024-03,765,2024
call_center_interactions,2024-03-19,2024-03,591,2024
call_center_interactions,2024-03-20,2024-03,654,2024
call_center_interactions,2024-03-21,2024-03,583,2024
call_center_interactions,2024-03-22,2024-03,745,2024
call_center_interactions,2024-03-23,2024-03,373,2024
call_center_interactions,2024-03-24,2024-03,433,2024
call_center_interactions,2024-03-25,2024-03,862,2024
call_center_interactions,2024-03-26,2024-03,805,2024
call_center_interactions,2024-03-27,2024-03,835,2024
call_center_interactions,2024-03-28,2024-03,808,2024
call_center_interactions,2024-03-29,2024-03,723,2024
call_center_interactions,2024-03-30,2024-03,422,2024
call_center_interactions,2024-03-31,2024-03,423,2024
call_center_interactions,2024-04-01,2024-04,839,2024
call_center_interactions,2024-04-02,2024-04,755,2024
call_center_interactions,2024-04-03,2024-04,805,2024
call_center_interactions,2024-04-04,2024-04,626,2024
call_center_interactions,2024-04-05,2024-04,864,2024
call_center_interactions,2024-04-06,2024-04,414,2024
call_center_interactions,2024-04-07,2024-04,380,2024
call_center_interactions,2024-04-08,2024-04,639,2024
call_center_interactions,2024-04-09,2024-04,776,2024
call_center_interactions,2024-04-10,2024-04,767,2024
call_center_interactions,2024-04-11,2024-04,858,2024
call_center_interactions,2024-04-12,2024-04,772,2024
call_center_interactions,2024-04-13,2024-04,337,2024
call_center_interactions,2024-04-14,2024-04,384,2024
call_center_interactions,2024-04-15,2024-04,846,2024
call_center_interactions,2024-04-16,2024-04,682,2024
call_center_interactions,2024-04-17,2024-04,765,2024
call_center_interactions,2024-04-18,2024-04,850,2024
call_center_interactions,2024-04-19,2024-04,735,2024
call_center_interactions,2024-04-20,2024-04,366,2024
call_center_interactions,2024-04-21,2024-04,410,2024
call_center_interactions,2024-04-22,2024-04,732,2024
call_center_interactions,2024-04-23,2024-04,685,2024
call_center_interactions,2024-04-24,2024-04,674,2024
call_center_interactions,2024-04-25,2024-04,713,2024
call_center_interactions,2024-04-26,2024-04,772,2024
call_center_interactions,2024-04-27,2024-04,390,2024
call_center_interactions,2024-04-28,2024-04,385,2024
call_center_interactions,2024-04-29,2024-04,841,2024
call_center_interactions,2024-04-30,2024-04,808,2024
call_center_interactions,2024-05-01,2024-05,666,2024
call_center_interactions,2024-05-02,2024-05,693,2024
call_center_interactions,2024-05-03,2024-05,820,2024
call_center_interactions,2024-05-04,2024-05,294,2024
call_center_interactions,2024-05-05,2024-05,368,2024
call_center_interactions,2024-05-06,2024-05,702,2024
call_center_interactions,2024-05-07,2024-05,660,2024
call_center_interactions,2024-05-08,2024-05,863,2024
call_center_interactions,2024-05-09,2024-05,690,2024
call_center_interactions,2024-05-10,2024-05,867,2024
call_center_interactions,2024-05-11,2024-05,372,2024
call_center_interactions,2024-05-12,2024-05,368,2024
call_center_interactions,2024-05-13,2024-05,623,2024
call_center_interactions,2024-05-14,2024-05,635,2024
call_center_interactions,2024-05-15,2024-05,595,2024
call_center_interactions,2024-05-16,2024-05,674,2024
call_center_interactions,2024-05-17,2024-05,599,2024
call_center_interactions,2024-05-18,2024-05,377,2024
call_center_interactions,2024-05-19,2024-05,320,2024
call_center_interactions,2024-05-20,2024-05,780,2024
call_center_interactions,2024-05-21,2024-05,664,2024
call_center_interactions,2024-05-22,2024-05,623,2024
call_center_interactions,2024-05-23,2024-05,692,2024
call_center_interactions,2024-05-24,2024-05,805,2024
call_center_interactions,2024-05-25,2024-05,311,2024
call_center_interactions,2024-05-26,2024-05,323,2024
call_center_interactions,2024-05-27,2024-05,698,2024
call_center_interactions,2024-05-28,2024-05,714,2024
call_center_interactions,2024-05-29,2024-05,770,2024
call_center_interactions,2024-05-30,2024-05,751,2024
call_center_interactions,2024-05-31,2024-05,851,2024
call_center_interactions,2024-06-01,2024-06,419,2024
call_center_interactions,2024-06-02,2024-06,359,2024
call_center_interactions,2024-06-03,2024-06,650,2024
call_center_interactions,2024-06-04,2024-06,744,2024
call_center_interactions,2024-06-05,2024-06,766,2024
call_center_interactions,2024-06-06,2024-06,720,2024
call_center_interactions,2024-06-07,2024-06,802,2024
call_center_interactions,2024-06-08,2024-06,308,2024
call_center_interactions,2024-06-09,2024-06,365,2024
call_center_interactions,2024-06-10,2024-06,683,2024
call_center_interactions,2024-06-11,2024-06,733,2024
call_center_interactions,2024-06-12,2024-06,818,2024
call_center_interactions,2024-06-13,2024-06,610,2024
call_center_interactions,2024-06-14,2024-06,649,2024
call_center_interactions,2024-06-15,2024-06,373,2024
call_center_interactions,2024-06-16,2024-06,358,2024
call_center_interactions,2024-06-17,2024-06,834,2024
call_center_interactions,2024-06-18,2024-06,677,2024
call_center_interactions,2024-06-19,2024-06,857,2024
call_center_interactions,2024-06-20,2024-06,685,2024
call_center_interactions,2024-06-21,2024-06,625,2024
call_center_interactions,2024-06-22,2024-06,417,2024
call_center_interactions,2024-06-23,2024-06,410,2024
call_center_interactions,2024-06-24,2024-06,763,2024
call_center_interactions,2024-06-25,2024-06,620,2024
call_center_interactions,2024-06-26,2024-06,786,2024
call_center_interactions,2024-06-27,2024-06,670,2024
call_center_interactions,2024-06-28,2024-06,710,2024
call_center_interactions,2024-06-29,2024-06,364,2024
call_center_interactions,2024-06-30,2024-06,299,2024
call_center_interactions,2024-07-01,2024-07,844,2024
call_center_interactions,2024-07-02,2024-07,798,2024
call_center_interactions,2024-07-03,2024-07,612,2024
call_center_interactions,2024-07-04,2024-07,740,2024
call_center_interactions,2024-07-05,2024-07,772,2024
call_center_interactions,2024-07-06,2024-07,371,2024
call_center_interactions,2024-07-07,2024-07,368,2024
call_center_interactions,2024-07-08,2024-07,604,2024
call_center_interactions,2024-07-09,2024-07,762,2024
call_center_interactions,2024-07-10,2024-07,700,2024
call_center_interactions,2024-07-11,2024-07,745,2024
call_center_interactions,2024-07-12,2024-07,638,2024
call_center_interactions,2024-07-13,2024-07,384,2024
call_center_interactions,2024-07-14,2024-07,366,2024
call_center_interactions,2024-07-15,2024-07,610,2024
call_center_interactions,2024-07-16,2024-07,593,2024
call_center_interactions,2024-07-17,2024-07,759,2024
call_center_interactions,2024-07-18,2024-07,702,2024
call_center_interactions,2024-07-19,2024-07,831,2024
call_center_interactions,2024-07-20,2024-07,317,2024
call_center_interactions,2024-07-21,2024-07,364,2024
call_center_interactions,2024-07-22,2024-07,818,2024
call_center_interactions,2024-07-23,2024-07,832,2024
call_center_interactions,2024-07-24,2024-07,584,2024
call_center_interactions,2024-07-25,2024-07,611,2024
call_center_interactions,2024-07-26,2024-07,848,2024
call_center_interactions,2024-07-27,2024-07,396,2024
call_center_interactions,2024-07-28,2024-07,396,2024
call_center_interactions,2024-07-29,2024-07,854,2024
call_center_interactions,2024-07-30,2024-07,746,2024
call_center_interactions,2024-07-31,2024-07,764,2024
call_center_interactions,2024-08-01,2024-08,868,2024
call_center_interactions,2024-08-02,2024-08,756,2024
call_center_interactions,2024-08-03,2024-08,423,2024
call_center_interactions,2024-08-04,2024-08,392,2024
call_center_interactions,2024-08-05,2024-08,692,2024
call_center_interactions,2024-08-06,2024-08,841,2024
call_center_interactions,2024-08-07,2024-08,706,2024
call_center_interactions,2024-08-08,2024-08,822,2024
call_center_interactions,2024-08-09,2024-08,655,2024
call_center_interactions,2024-08-10,2024-08,363,2024
call_center_interactions,2024-08-11,2024-08,419,2024
call_center_interactions,2024-08-12,2024-08,852,2024
call_center_interactions,2024-08-13,2024-08,663,2024
call_center_interactions,2024-08-14,2024-08,742,2024
call_center_interactions,2024-08-15,2024-08,667,2024
call_center_interactions,2024-08-16,2024-08,833,2024
call_center_interactions,2024-08-17,2024-08,303,2024
call_center_interactions,2024-08-18,2024-08,398,2024
call_center_interactions,2024-08-19,2024-08,690,2024
call_center_interactions,2024-08-20,2024-08,825,2024
call_center_interactions,2024-08-21,2024-08,774,2024
call_center_interactions,2024-08-22,2024-08,692,2024
call_center_interactions,2024-08-23,2024-08,874,2024
call_center_interactions,2024-08-24,2024-08,351,2024
call_center_interactions,2024-08-25,2024-08,351,2024
call_center_interactions,2024-08-26,2024-08,668,2024
call_center_interactions,2024-08-27,2024-08,590,2024
call_center_interactions,2024-08-28,2024-08,866,2024
call_center_interactions,2024-08-29,2024-08,706,2024
call_center_interactions,2024-08-30,2024-08,655,2024
call_center_interactions,2024-08-31,2024-08,359,2024
call_center_interactions,2024-09-01,2024-09,385,2024
call_center_interactions,2024-09-02,2024-09,785,2024
call_center_interactions,2024-09-03,2024-09,639,2024
call_center_interactions,2024-09-04,2024-09,649,2024
call_center_interactions,2024-09-05,2024-09,855,2024
call_center_interactions,2024-09-06,2024-09,841,2024
call_center_interactions,2024-09-07,2024-09,350,2024
call_center_interactions,2024-09-08,2024-09,414,2024
call_center_interactions,2024-09-09,2024-09,587,2024
call_center_interactions,2024-09-10,2024-09,854,2024
call_center_interactions,2024-09-11,2024-09,701,2024
call_center_interactions,2024-09-12,2024-09,818,2024
call_center_interactions,2024-09-13,2024-09,845,2024
call_center_interactions,2024-09-14,2024-09,338,2024
call_center_interactions,2024-09-15,2024-09,311,2024
call_center_interactions,2024-09-16,2024-09,625,2024
call_center_interactions,2024-09-17,2024-09,766,2024
call_center_interactions,2024-09-18,2024-09,810,2024
call_center_interactions,2024-09-19,2024-09,668,2024
call_center_interactions,2024-09-20,2024-09,868,2024
call_center_interactions,2024-09-21,2024-09,382,2024
call_center_interactions,2024-09-22,2024-09,323,2024
call_center_interactions,2024-09-23,2024-09,656,2024
call_center_interactions,2024-09-24,2024-09,809,2024
call_center_interactions,2024-09-25,2024-09,631,2024
call_center_interactions,2024-09-26,2024-09,763,2024
call_center_interactions,2024-09-27,2024-09,816,2024
call_center_interactions,2024-09-28,2024-09,403,2024
call_center_interactions,2024-09-29,2024-09,353,2024
call_center_interactions,2024-09-30,2024-09,699,2024
call_center_interactions,2024-10-01,2024-10,637,2024
call_center_interactions,2024-10-02,2024-10,724,2024
call_center_interactions,2024-10-03,2024-10,866,2024
call_center_interactions,2024-10-04,2024-10,831,2024
call_center_interactions,2024-10-05,2024-10,345,2024
call_center_interactions,2024-10-06,2024-10,386,2024
call_center_interactions,2024-10-07,2024-10,814,2024
call_center_interactions,2024-10-08,2024-10,748,2024
call_center_interactions,2024-10-09,2024-10,845,2024
call_center_interactions,2024-10-10,2024-10,748,2024
call_center_interactions,2024-10-11,2024-10,633,2024
call_center_interactions,2024-10-12,2024-10,393,2024
call_center_interactions,2024-10-13,2024-10,424,2024
call_center_interactions,2024-10-14,2024-10,659,2024
call_center_interactions,2024-10-15,2024-10,786,2024
call_center_interactions,2024-10-16,2024-10,788,2024
call_center_interactions,2024-10-17,2024-10,588,2024
call_center_interactions,2024-10-18,2024-10,813,2024
call_center_interactions,2024-10-19,2024-10,338,2024
call_center_interactions,2024-10-20,2024-10,350,2024
call_center_interactions,2024-10-21,2024-10,589,2024
call_center_interactions,2024-10-22,2024-10,760,2024
call_center_interactions,2024-10-23,2024-10,667,2024
call_center_interactions,2024-10-24,2024-10,625,2024
call_center_interactions,2024-10-25,2024-10,609,2024
call_center_interactions,2024-10-26,2024-10,372,2024
call_center_interactions,2024-10-27,2024-10,327,2024
call_center_interactions,2024-10-28,2024-10,729,2024
call_center_interactions,2024-10-29,2024-10,657,2024
call_center_interactions,2024-10-30,2024-10,861,2024
call_center_interactions,2024-10-31,2024-10,643,2024
call_center_interactions,2024-11-01,2024-11,700,2024
call_center_interactions,2024-11-02,2024-11,376,2024
call_center_interactions,2024-11-03,2024-11,384,2024
call_center_interactions,2024-11-04,2024-11,624,2024
call_center_interactions,2024-11-05,2024-11,770,2024
call_center_interactions,2024-11-06,2024-11,585,2024
call_center_interactions,2024-11-07,2024-11,762,2024
call_center_interactions,2024-11-08,2024-11,670,2024
call_center_interactions,2024-11-09,2024-11,383,2024
call_center_interactions,2024-11-10,2024-11,335,2024
call_center_interactions,2024-11-11,2024-11,739,2024
call_center_interactions,2024-11-12,2024-11,590,2024
call_center_interactions,2024-11-13,2024-11,646,2024
call_center_interactions,2024-11-14,2024-11,736,2024
call_center_interactions,2024-11-15,2024-11,644,2024
call_center_interactions,2024-11-16,2024-11,392,2024
call_center_interactions,2024-11-17,2024-11,421,2024
call_center_interactions,2024-11-18,2024-11,760,2024
call_center_interactions,2024-11-19,2024-11,792,2024
call_center_interactions,2024-11-20,2024-11,641,2024
call_center_interactions,2024-11-21,2024-11,589,2024
call_center_interactions,2024-11-22,2024-11,762,2024
call_center_interactions,2024-11-23,2024-11,365,2024
call_center_interactions,2024-11-24,2024-11,434,2024
call_center_interactions,2024-11-25,2024-11,644,2024
call_center_interactions,2024-11-26,2024-11,620,2024
call_center_interactions,2024-11-27,2024-11,673,2024
call_center_interactions,2024-11-28,2024-11,614,2024
call_center_interactions,2024-11-29,2024-11,625,2024
call_center_interactions,2024-11-30,2024-11,348,2024
call_center_interactions,2024-12-01,2024-12,340,2024
call_center_interactions,2024-12-02,2024-12,853,2024
call_center_interactions,2024-12-03,2024-12,848,2024
call_center_interactions,2024-12-04,2024-12,590,2024
call_center_interactions,2024-12-05,2024-12,758,2024
call_center_interactions,2024-12-06,2024-12,728,2024
call_center_interactions,2024-12-07,2024-12,405,2024
call_center_interactions,2024-12-08,2024-12,423,2024
call_center_interactions,2024-12-09,2024-12,748,2024
call_center_interactions,2024-12-10,2024-12,790,2024
call_center_interactions,2024-12-11,2024-12,647,2024
call_center_interactions,2024-12-12,2024-12,653,2024
call_center_interactions,2024-12-13,2024-12,809,2024
call_center_interactions,2024-12-14,2024-12,316,2024
call_center_interactions,2024-12-15,2024-12,364,2024
call_center_interactions,2024-12-16,2024-12,621,2024
call_center_interactions,2024-12-17,2024-12,608,2024
call_center_interactions,2024-12-18,2024-12,610,2024
call_center_interactions,2024-12-19,2024-12,767,2024
call_center_interactions,2024-12-20,2024-12,606,2024
call_center_interactions,2024-12-21,2024-12,415,2024
call_center_interactions,2024-12-22,2024-12,344,2024
call_center_interactions,2024-12-23,2024-12,863,2024
call_center_interactions,2024-12-24,2024-12,854,2024
call_center_interactions,2024-12-25,2024-12,622,2024
call_center_interactions,2024-12-26,2024-12,688,2024
call_center_interactions,2024-12-27,2024-12,742,2024
call_center_interactions,2024-12-28,2024-12,332,2024
call_center_interactions,2024-12-29,2024-12,332,2024
call_center_interactions,2024-12-30,2024-12,740,2024
call_center_interactions,2024-12-31,2024-12,685,2024
call_center_interactions,2025-01-01,2025-01,866,2025
call_center_interactions,2025-01-02,2025-01,868,2025
call_center_interactions,2025-01-03,2025-01,724,2025
call_center_interactions,2025-01-04,2025-01,301,2025
call_center_interactions,2025-01-05,2025-01,324,2025
call_center_interactions,2025-01-06,2025-01,592,2025
call_center_interactions,2025-01-07,2025-01,871,2025
call_center_interactions,2025-01-08,2025-01,601,2025
call_center_interactions,2025-01-09,2025-01,872,2025
call_center_interactions,2025-01-10,2025-01,787,2025
call_center_interactions,2025-01-11,2025-01,328,2025
call_center_interactions,2025-01-12,2025-01,363,2025
call_center_interactions,2025-01-13,2025-01,851,2025
call_center_interactions,2025-01-14,2025-01,654,2025
call_center_interactions,2025-01-15,2025-01,633,2025
call_center_interactions,2025-01-16,2025-01,701,2025
call_center_interactions,2025-01-17,2025-01,616,2025
call_center_interactions,2025-01-18,2025-01,367,2025
call_center_interactions,2025-01-19,2025-01,396,2025
call_center_interactions,2025-01-20,2025-01,688,2025
call_center_interactions,2025-01-21,2025-01,591,2025
call_center_interactions,2025-01-22,2025-01,602,2025
call_center_interactions,2025-01-23,2025-01,801,2025
call_center_interactions,2025-01-24,2025-01,594,2025
call_center_interactions,2025-01-25,2025-01,427,2025
call_center_interactions,2025-01-26,2025-01,361,2025
call_center_interactions,2025-01-27,2025-01,808,2025
call_center_interactions,2025-01-28,2025-01,670,2025
call_center_interactions,2025-01-29,2025-01,765,2025
call_center_interactions,2025-01-30,2025-01,820,2025
call_center_interactions,2025-01-31,2025-01,654,2025
call_center_interactions,2025-02-01,2025-02,304,2025
call_center_interactions,2025-02-02,2025-02,359,2025
call_center_interactions,2025-02-03,2025-02,797,2025
call_center_interactions,2025-02-04,2025-02,623,2025
call_center_interactions,2025-02-05,2025-02,670,2025
call_center_interactions,2025-02-06,2025-02,693,2025
call_center_interactions,2025-02-07,2025-02,714,2025
call_center_interactions,2025-02-08,2025-02,392,2025
call_center_interactions,2025-02-09,2025-02,337,2025
call_center_interactions,2025-02-10,2025-02,856,2025
call_center_interactions,2025-02-11,2025-02,833,2025
call_center_interactions,2025-02-12,2025-02,679,2025
call_center_interactions,2025-02-13,2025-02,684,2025
call_center_interactions,2025-02-14,2025-02,819,2025
call_center_interactions,2025-02-15,2025-02,331,2025
call_center_interactions,2025-02-16,2025-02,315,2025
call_center_interactions,2025-02-17,2025-02,843,2025
call_center_interactions,2025-02-18,2025-02,608,2025
call_center_interactions,2025-02-19,2025-02,730,2025
call_center_interactions,2025-02-20,2025-02,758,2025
call_center_interactions,2025-02-21,2025-02,718,2025
call_center_interactions,2025-02-22,2025-02,333,2025
call_center_interactions,2025-02-23,2025-02,304,2025
call_center_interactions,2025-02-24,2025-02,650,2025
call_center_interactions,2025-02-25,2025-02,685,2025
call_center_interactions,2025-02-26,2025-02,741,2025
call_center_interactions,2025-02-27,2025-02,713,2025
call_center_interactions,2025-02-28,2025-02,722,2025
call_center_interactions,2025-03-01,2025-03,414,2025
call_center_interactions,2025-03-02,2025-03,298,2025
call_center_interactions,2025-03-03,2025-03,702,2025
call_center_interactions,2025-03-04,2025-03,748,2025
call_center_interactions,2025-03-05,2025-03,858,2025
call_center_interactions,2025-03-06,2025-03,755,2025
call_center_interactions,2025-03-07,2025-03,657,2025
call_center_interactions,2025-03-08,2025-03,364,2025
call_center_interactions,2025-03-09,2025-03,388,2025
call_center_interactions,2025-03-10,2025-03,768,2025
call_center_interactions,2025-03-11,2025-03,839,2025
call_center_interactions,2025-03-12,2025-03,864,2025
call_center_interactions,2025-03-13,2025-03,833,2025
call_center_interactions,2025-03-14,2025-03,673,2025
call_center_interactions,2025-03-15,2025-03,413,2025
call_center_interactions,2025-03-16,2025-03,298,2025
call_center_interactions,2025-03-17,2025-03,719,2025
call_center_interactions,2025-03-18,2025-03,672,2025
call_center_interactions,2025-03-19,2025-03,701,2025
call_center_interactions,2025-03-20,2025-03,865,2025
call_center_interactions,2025-03-21,2025-03,623,2025
call_center_interactions,2025-03-22,2025-03,333,2025
call_center_interactions,2025-03-23,2025-03,430,2025
call_center_interactions,2025-03-24,2025-03,754,2025
call_center_interactions,2025-03-25,2025-03,832,2025
call_center_interactions,2025-03-26,2025-03,765,2025
call_center_interactions,2025-03-27,2025-03,858,2025
call_center_interactions,2025-03-28,2025-03,699,2025
call_center_interactions,2025-03-29,2025-03,323,2025
call_center_interactions,2025-03-30,2025-03,397,2025
call_center_interactions,2025-03-31,2025-03,655,2025
call_center_interactions,2025-04-01,2025-04,767,2025
call_center_interactions,2025-04-02,2025-04,752,2025
call_center_interactions,2025-04-03,2025-04,868,2025
call_center_interactions,2025-04-04,2025-04,603,2025
call_center_interactions,2025-04-05,2025-04,429,2025
call_center_interactions,2025-04-06,2025-04,363,2025
call_center_interactions,2025-04-07,2025-04,699,2025
call_center_interactions,2025-04-08,2025-04,826,2025
call_center_interactions,2025-04-09,2025-04,656,2025
call_center_interactions,2025-04-10,2025-04,822,2025
call_center_interactions,2025-04-11,2025-04,599,2025
call_center_interactions,2025-04-12,2025-04,302,2025
call_center_interactions,2025-04-13,2025-04,330,2025
call_center_interactions,2025-04-14,2025-04,847,2025
call_center_interactions,2025-04-15,2025-04,666,2025
call_center_interactions,2025-04-16,2025-04,815,2025
call_center_interactions,2025-04-17,2025-04,745,2025
call_center_interactions,2025-04-18,2025-04,645,2025
call_center_interactions,2025-04-19,2025-04,396,2025
call_center_interactions,2025-04-20,2025-04,341,2025
call_center_interactions,2025-04-21,2025-04,659,2025
call_center_interactions,2025-04-22,2025-04,834,2025
call_center_interactions,2025-04-23,2025-04,615,2025
call_center_interactions,2025-04-24,2025-04,779,2025
call_center_interactions,2025-04-25,2025-04,810,2025
call_center_interactions,2025-04-26,2025-04,400,2025
call_center_interactions,2025-04-27,2025-04,354,2025
call_center_interactions,2025-04-28,2025-04,790,2025
call_center_interactions,2025-04-29,2025-04,743,2025
call_center_interactions,2025-04-30,2025-04,722,2025
call_center_interactions,2025-05-01,2025-05,770,2025
call_center_interactions,2025-05-02,2025-05,757,2025
call_center_interactions,2025-05-03,2025-05,427,2025
call_center_interactions,2025-05-04,2025-05,312,2025
call_center_interactions,2025-05-05,2025-05,793,2025
call_center_interactions,2025-05-06,2025-05,633,2025
call_center_interactions,2025-05-07,2025-05,617,2025
call_center_interactions,2025-05-08,2025-05,599,2025
call_center_interactions,2025-05-09,2025-05,618,2025
call_center_interactions,2025-05-10,2025-05,342,2025
call_center_interactions,2025-05-11,2025-05,431,2025
call_center_interactions,2025-05-12,2025-05,832,2025
call_center_interactions,2025-05-13,2025-05,637,2025
call_center_interactions,2025-05-14,2025-05,735,2025
call_center_interactions,2025-05-15,2025-05,829,2025
call_center_interactions,2025-05-16,2025-05,730,2025
call_center_interactions,2025-05-17,2025-05,312,2025
call_center_interactions,2025-05-18,2025-05,309,2025
call_center_interactions,2025-05-19,2025-05,737,2025
call_center_interactions,2025-05-20,2025-05,666,2025
call_center_interactions,2025-05-21,2025-05,814,2025
call_center_interactions,2025-05-22,2025-05,841,2025
call_center_interactions,2025-05-23,2025-05,790,2025
call_center_interactions,2025-05-24,2025-05,424,2025
call_center_interactions,2025-05-25,2025-05,432,2025
call_center_interactions,2025-05-26,2025-05,755,2025
call_center_interactions,2025-05-27,2025-05,831,2025
call_center_interactions,2025-05-28,2025-05,742,2025
call_center_interactions,2025-05-29,2025-05,834,2025
call_center_interactions,2025-05-30,2025-05,677,2025
call_center_interactions,2025-05-31,2025-05,408,2025
call_center_interactions,2025-06-01,2025-06,372,2025
call_center_interactions,2025-06-02,2025-06,605,2025
call_center_interactions,2025-06-03,2025-06,613,2025
call_center_interactions,2025-06-04,2025-06,683,2025
call_center_interactions,2025-06-05,2025-06,627,2025
call_center_interactions,2025-06-06,2025-06,643,2025
call_center_interactions,2025-06-07,2025-06,403,2025
call_center_interactions,2025-06-08,2025-06,407,2025
call_center_interactions,2025-06-09,2025-06,632,2025
call_center_interactions,2025-06-10,2025-06,784,2025
call_center_interactions,2025-06-11,2025-06,768,2025
call_center_interactions,2025-06-12,2025-06,731,2025
call_center_interactions,2025-06-13,2025-06,728,2025
call_center_interactions,2025-06-14,2025-06,311,2025
call_center_interactions,2025-06-15,2025-06,309,2025
call_center_interactions,2025-06-16,2025-06,713,2025
call_center_interactions,2025-06-17,2025-06,624,2025
call_center_interactions,2025-06-18,2025-06,727,2025
call_center_interactions,2025-06-19,2025-06,804,2025
call_center_interactions,2025-06-20,2025-06,864,2025
call_center_interactions,2025-06-21,2025-06,317,2025
call_center_interactions,2025-06-22,2025-06,337,2025
call_center_interactions,2025-06-23,2025-06,793,2025
call_center_interactions,2025-06-24,2025-06,658,2025
call_center_interactions,2025-06-25,2025-06,828,2025
call_center_interactions,2025-06-26,2025-06,643,2025
call_center_interactions,2025-06-27,2025-06,872,2025
call_center_interactions,2025-06-28,2025-06,412,2025
call_center_interactions,2025-06-29,2025-06,352,2025
call_center_interactions,2025-06-30,2025-06,677,2025
call_center_interactions,2025-07-01,2025-07,747,2025
call_center_interactions,2025-07-02,2025-07,768,2025
call_center_interactions,2025-07-03,2025-07,683,2025
call_center_interactions,2025-07-04,2025-07,591,2025
call_center_interactions,2025-07-05,2025-07,313,2025
call_center_interactions,2025-07-06,2025-07,366,2025
call_center_interactions,2025-07-07,2025-07,820,2025
call_center_interactions,2025-07-08,2025-07,678,2025
call_center_interactions,2025-07-09,2025-07,722,2025
call_center_interactions,2025-07-10,2025-07,606,2025
call_center_interactions,2025-07-11,2025-07,773,2025
call_center_interactions,2025-07-12,2025-07,386,2025
call_center_interactions,2025-07-13,2025-07,397,2025
call_center_interactions,2025-07-14,2025-07,666,2025
call_center_interactions,2025-07-15,2025-07,780,2025
call_center_interactions,2025-07-16,2025-07,848,2025
call_center_interactions,2025-07-17,2025-07,689,2025
call_center_interactions,2025-07-18,2025-07,733,2025
call_center_interactions,2025-07-19,2025-07,349,2025
call_center_interactions,2025-07-20,2025-07,364,2025
call_center_interactions,2025-07-21,2025-07,680,2025
call_center_interactions,2025-07-22,2025-07,802,2025
call_center_interactions,2025-07-23,2025-07,811,2025
call_center_interactions,2025-07-24,2025-07,806,2025
call_center_interactions,2025-07-25,2025-07,786,2025
call_center_interactions,2025-07-26,2025-07,406,2025
call_center_interactions,2025-07-27,2025-07,389,2025
call_center_interactions,2025-07-28,2025-07,696,2025
call_center_interactions,2025-07-29,2025-07,805,2025
call_center_interactions,2025-07-30,2025-07,607,2025
call_center_interactions,2025-07-31,2025-07,619,2025
call_center_interactions,2025-08-01,2025-08,668,2025
call_center_interactions,2025-08-02,2025-08,407,2025
call_center_interactions,2025-08-03,2025-08,372,2025
call_center_interactions,2025-08-04,2025-08,627,2025
call_center_interactions,2025-08-05,2025-08,869,2025
call_center_interactions,2025-08-06,2025-08,824,2025
call_center_interactions,2025-08-07,2025-08,768,2025
call_center_interactions,2025-08-08,2025-08,643,2025
call_center_interactions,2025-08-09,2025-08,412,2025
call_center_interactions,2025-08-10,2025-08,342,2025
call_center_interactions,2025-08-11,2025-08,781,2025
call_center_interactions,2025-08-12,2025-08,714,2025
call_center_interactions,2025-08-13,2025-08,646,2025
call_center_interactions,2025-08-14,2025-08,649,2025
call_center_interactions,2025-08-15,2025-08,648,2025
call_center_interactions,2025-08-16,2025-08,409,2025
call_center_interactions,2025-08-17,2025-08,331,2025
call_center_interactions,2025-08-18,2025-08,841,2025
call_center_interactions,2025-08-19,2025-08,588,2025
call_center_interactions,2025-08-20,2025-08,816,2025
call_center_interactions,2025-08-21,2025-08,690,2025
call_center_interactions,2025-08-22,2025-08,863,2025
call_center_interactions,2025-08-23,2025-08,339,2025
call_center_interactions,2025-08-24,2025-08,302,2025
call_center_interactions,2025-08-25,2025-08,688,2025
call_center_interactions,2025-08-26,2025-08,842,2025
call_center_interactions,2025-08-27,2025-08,822,2025
call_center_interactions,2025-08-28,2025-08,788,2025
call_center_interactions,2025-08-29,2025-08,610,2025
call_center_interactions,2025-08-30,2025-08,326,2025
call_center_interactions,2025-08-31,2025-08,389,2025
call_center_interactions,2025-09-01,2025-09,787,2025
call_center_interactions,2025-09-02,2025-09,646,2025
call_center_interactions,2025-09-03,2025-09,783,2025
call_center_interactions,2025-09-04,2025-09,832,2025
call_center_interactions,2025-09-05,2025-09,656,2025
call_center_interactions,2025-09-06,2025-09,370,2025
call_center_interactions,2025-09-07,2025-09,327,2025
call_center_interactions,2025-09-08,2025-09,666,2025
call_center_interactions,2025-09-09,2025-09,841,2025
call_center_interactions,2025-09-10,2025-09,628,2025
call_center_interactions,2025-09-11,2025-09,732,2025
call_center_interactions,2025-09-12,2025-09,732,2025
call_center_interactions,2025-09-13,2025-09,368,2025
call_center_interactions,2025-09-14,2025-09,341,2025
call_center_interactions,2025-09-15,2025-09,604,2025
call_center_interactions,2025-09-16,2025-09,667,2025
call_center_interactions,2025-09-17,2025-09,856,2025
call_center_interactions,2025-09-18,2025-09,812,2025
call_center_interactions,2025-09-19,2025-09,677,2025
call_center_interactions,2025-09-20,2025-09,381,2025
call_center_interactions,2025-09-21,2025-09,420,2025
call_center_interactions,2025-09-22,2025-09,831,2025
call_center_interactions,2025-09-23,2025-09,862,2025
call_center_interactions,2025-09-24,2025-09,778,2025
call_center_interactions,2025-09-25,2025-09,824,2025
call_center_interactions,2025-09-26,2025-09,802,2025
call_center_interactions,2025-09-27,2025-09,396,2025
call_center_interactions,2025-09-28,2025-09,352,2025
call_center_interactions,2025-09-29,2025-09,804,2025
call_center_interactions,2025-09-30,2025-09,619,2025
call_center_interactions,2025-10-01,2025-10,593,2025
call_center_interactions,2025-10-02,2025-10,735,2025
call_center_interactions,2025-10-03,2025-10,793,2025
call_center_interactions,2025-10-04,2025-10,377,2025
call_center_interactions,2025-10-05,2025-10,419,2025
call_center_interactions,2025-10-06,2025-10,791,2025
call_center_interactions,2025-10-07,2025-10,710,2025
call_center_interactions,2025-10-08,2025-10,720,2025
call_center_interactions,2025-10-09,2025-10,607,2025
call_center_interactions,2025-10-10,2025-10,675,2025
call_center_interactions,2025-10-11,2025-10,343,2025
call_center_interactions,2025-10-12,2025-10,332,2025
call_center_interactions,2025-10-13,2025-10,854,2025
call_center_interactions,2025-10-14,2025-10,743,2025
call_center_interactions,2025-10-15,2025-10,833,2025
call_center_interactions,2025-10-16,2025-10,801,2025
call_center_interactions,2025-10-17,2025-10,739,2025
call_center_interactions,2025-10-18,2025-10,360,2025
call_center_interactions,2025-10-19,2025-10,319,2025
call_center_interactions,2025-10-20,2025-10,832,2025
call_center_interactions,2025-10-21,2025-10,721,2025
call_center_interactions,2025-10-22,2025-10,591,2025
call_center_interactions,2025-10-23,2025-10,736,2025
call_center_interactions,2025-10-24,2025-10,636,2025
call_center_interactions,2025-10-25,2025-10,298,2025
call_center_interactions,2025-10-26,2025-10,310,2025
call_center_interactions,2025-10-27,2025-10,648,2025
call_center_interactions,2025-10-28,2025-10,584,2025
call_center_interactions,2025-10-29,2025-10,655,2025
call_center_interactions,2025-10-30,2025-10,680,2025
call_center_interactions,2025-10-31,2025-10,587,2025
call_center_interactions,2025-11-01,2025-11,302,2025
call_center_interactions,2025-11-02,2025-11,320,2025
call_center_interactions,2025-11-03,2025-11,832,2025
call_center_interactions,2025-11-04,2025-11,737,2025
call_center_interactions,2025-11-05,2025-11,769,2025
call_center_interactions,2025-11-06,2025-11,755,2025
call_center_interactions,2025-11-07,2025-11,854,2025
call_center_interactions,2025-11-08,2025-11,399,2025
call_center_interactions,2025-11-09,2025-11,403,2025
call_center_interactions,2025-11-10,2025-11,607,2025
call_center_interactions,2025-11-11,2025-11,848,2025
call_center_interactions,2025-11-12,2025-11,652,2025
call_center_interactions,2025-11-13,2025-11,766,2025
call_center_interactions,2025-11-14,2025-11,711,2025
call_center_interactions,2025-11-15,2025-11,310,2025
call_center_interactions,2025-11-16,2025-11,293,2025
call_center_interactions,2025-11-17,2025-11,718,2025
call_center_interactions,2025-11-18,2025-11,869,2025
call_center_interactions,2025-11-19,2025-11,795,2025
call_center_interactions,2025-11-20,2025-11,820,2025
call_center_interactions,2025-11-21,2025-11,795,2025
call_center_interactions,2025-11-22,2025-11,324,2025
call_center_interactions,2025-11-23,2025-11,420,2025
call_center_interactions,2025-11-24,2025-11,852,2025
call_center_interactions,2025-11-25,2025-11,794,2025
call_center_interactions,2025-11-26,2025-11,860,2025
call_center_interactions,2025-11-27,2025-11,627,2025
call_center_interactions,2025-11-28,2025-11,706,2025
call_center_interactions,2025-11-29,2025-11,420,2025
call_center_interactions,2025-11-30,2025-11,394,2025
call_center_interactions,2025-12-01,2025-12,678,2025
call_center_interactions,2025-12-02,2025-12,804,2025
call_center_interactions,2025-12-03,2025-12,631,2025
call_center_interactions,2025-12-04,2025-12,736,2025
call_center_interactions,2025-12-05,2025-12,776,2025
call_center_interactions,2025-12-06,2025-12,341,2025
call_center_interactions,2025-12-07,2025-12,326,2025
call_center_interactions,2025-12-08,2025-12,831,2025
call_center_interactions,2025-12-09,2025-12,832,2025
call_center_interactions,2025-12-10,2025-12,731,2025
call_center_interactions,2025-12-11,2025-12,839,2025
call_center_interactions,2025-12-12,2025-12,641,2025
call_center_interactions,2025-12-13,2025-12,364,2025
call_center_interactions,2025-12-14,2025-12,344,2025
call_center_interactions,2025-12-15,2025-12,722,2025
call_center_interactions,2025-12-16,2025-12,784,2025
call_center_interactions,2025-12-17,2025-12,611,2025
call_center_interactions,2025-12-18,2025-12,760,2025
call_center_interactions,2025-12-19,2025-12,693,2025
call_center_interactions,2025-12-20,2025-12,386,2025
call_center_interactions,2025-12-21,2025-12,419,2025
call_center_interactions,2025-12-22,2025-12,730,2025
call_center_interactions,2025-12-23,2025-12,802,2025
call_center_interactions,2025-12-24,2025-12,690,2025
call_center_interactions,2025-12-25,2025-12,592,2025
call_center_interactions,2025-12-26,2025-12,766,2025
call_center_interactions,2025-12-27,2025-12,297,2025
call_center_interactions,2025-12-28,2025-12,363,2025
call_center_interactions,2025-12-29,2025-12,732,2025
call_center_interactions,2025-12-30,2025-12,687,2025
call_center_interactions,2025-12-31,2025-12,827,2025
call_center_interactions,2026-01-01,2026-01,829,2026
call_center_interactions,2026-01-02,2026-01,636,2026
call_center_interactions,2026-01-03,2026-01,423,2026
call_center_interactions,2026-01-04,2026-01,425,2026
call_center_interactions,2026-01-05,2026-01,596,2026
call_center_interactions,2026-01-06,2026-01,601,2026
call_center_interactions,2026-01-07,2026-01,723,2026
call_center_interactions,2026-01-08,2026-01,595,2026
call_center_interactions,2026-01-09,2026-01,695,2026
call_center_interactions,2026-01-10,2026-01,348,2026
call_center_interactions,2026-01-11,2026-01,334,2026
call_center_interactions,2026-01-12,2026-01,645,2026
call_center_interactions,2026-01-13,2026-01,589,2026
call_center_interactions,2026-01-14,2026-01,660,2026
call_center_interactions,2026-01-15,2026-01,849,2026
call_center_interactions,2026-01-16,2026-01,695,2026
call_center_interactions,2026-01-17,2026-01,381,2026
call_center_interactions,2026-01-18,2026-01,356,2026
call_center_interactions,2026-01-19,2026-01,833,2026
call_center_interactions,2026-01-20,2026-01,806,2026
call_center_interactions,2026-01-21,2026-01,700,2026
call_center_interactions,2026-01-22,2026-01,853,2026
call_center_interactions,2026-01-23,2026-01,608,2026
call_center_interactions,2026-01-24,2026-01,308,2026
call_center_interactions,2026-01-25,2026-01,303,2026
call_center_interactions,2026-01-26,2026-01,850,2026
call_center_interactions,2026-01-27,2026-01,754,2026
call_center_interactions,2026-01-28,2026-01,589,2026
call_center_interactions,2026-01-29,2026-01,609,2026
call_center_interactions,2026-01-30,2026-01,766,2026
call_center_interactions,2026-01-31,2026-01,322,2026
call_center_interactions,2026-02-01,2026-02,420,2026
call_center_interactions,2026-02-02,2026-02,627,2026
call_center_interactions,2026-02-03,2026-02,690,2026
call_center_interactions,2026-02-04,2026-02,585,2026
call_center_interactions,2026-02-05,2026-02,856,2026
call_center_interactions,2026-02-06,2026-02,833,2026
call_center_interactions,2026-02-07,2026-02,409,2026
call_center_interactions,2026-02-08,2026-02,387,2026
call_center_interactions,2026-02-09,2026-02,660,2026
call_center_interactions,2026-02-10,2026-02,762,2026
call_center_interactions,2026-02-11,2026-02,859,2026
call_center_interactions,2026-02-12,2026-02,608,2026
call_center_interactions,2026-02-13,2026-02,873,2026
call_center_interactions,2026-02-14,2026-02,407,2026
call_center_interactions,2026-02-15,2026-02,383,2026
call_center_interactions,2026-02-16,2026-02,661,2026
call_center_interactions,2026-02-17,2026-02,598,2026
call_center_interactions,2026-02-18,2026-02,621,2026
call_center_interactions,2026-02-19,2026-02,657,2026
call_center_interactions,2026-02-20,2026-02,659,2026
call_center_interactions,2026-02-21,2026-02,428,2026
call_center_interactions,2026-02-22,2026-02,363,2026
call_center_interactions,2026-02-23,2026-02,819,2026
call_center_interactions,2026-02-24,2026-02,786,2026
call_center_interactions,2026-02-25,2026-02,852,2026
call_center_interactions,2026-02-26,2026-02,707,2026
call_center_interactions,2026-02-27,2026-02,865,2026
call_center_interactions,2026-02-28,2026-02,414,2026
call_center_interactions,2026-03-01,2026-03,414,2026
call_center_interactions,2026-03-02,2026-03,837,2026
call_center_interactions,2026-03-03,2026-03,738,2026
call_center_interactions,2026-03-04,2026-03,848,2026
call_center_interactions,2026-03-05,2026-03,842,2026
call_center_interactions,2026-03-06,2026-03,679,2026
call_center_interactions,2026-03-07,2026-03,306,2026
call_center_interactions,2026-03-08,2026-03,409,2026
call_center_interactions,2026-03-09,2026-03,776,2026
call_center_interactions,2026-03-10,2026-03,600,2026
call_center_interactions,2026-03-11,2026-03,870,2026
call_center_interactions,2026-03-12,2026-03,856,2026
call_center_interactions,2026-03-13,2026-03,802,2026
call_center_interactions,2026-03-14,2026-03,370,2026
call_center_interactions,2026-03-15,2026-03,407,2026
call_center_interactions,2026-03-16,2026-03,800,2026
call_center_interactions,2026-03-17,2026-03,830,2026
call_center_interactions,2026-03-18,2026-03,758,2026
call_center_interactions,2026-03-19,2026-03,748,2026
call_center_interactions,2026-03-20,2026-03,845,2026
call_center_interactions,2026-03-21,2026-03,366,2026
call_center_interactions,2026-03-22,2026-03,383,2026
call_center_interactions,2026-03-23,2026-03,832,2026
call_center_interactions,2026-03-24,2026-03,701,2026
call_center_interactions,2026-03-25,2026-03,752,2026
call_center_interactions,2026-03-26,2026-03,823,2026
call_center_interactions,2026-03-27,2026-03,605,2026
call_center_interactions,2026-03-28,2026-03,394,2026
call_center_interactions,2026-03-29,2026-03,436,2026
call_center_interactions,2026-03-30,2026-03,781,2026
call_center_interactions,2026-03-31,2026-03,739,2026
call_center_interactions,2026-04-01,2026-04,684,2026
call_center_interactions,2026-04-02,2026-04,777,2026
call_center_interactions,2026-04-03,2026-04,591,2026
call_center_interactions,2026-04-04,2026-04,369,2026
call_center_interactions,2026-04-05,2026-04,422,2026
call_center_interactions,2026-04-06,2026-04,602,2026
call_center_interactions,2026-04-07,2026-04,779,2026
call_center_interactions,2026-04-08,2026-04,619,2026
call_center_interactions,2026-04-09,2026-04,587,2026
call_center_interactions,2026-04-10,2026-04,702,2026
call_center_interactions,2026-04-11,2026-04,405,2026
call_center_interactions,2026-04-12,2026-04,351,2026
call_center_interactions,2026-04-13,2026-04,852,2026
call_center_interactions,2026-04-14,2026-04,720,2026
call_center_interactions,2026-04-15,2026-04,639,2026
call_center_interactions,2026-04-16,2026-04,619,2026
call_center_interactions,2026-04-17,2026-04,689,2026
call_center_interactions,2026-04-18,2026-04,429,2026
call_center_interactions,2026-04-19,2026-04,294,2026
call_center_interactions,2026-04-20,2026-04,827,2026
call_center_interactions,2026-04-21,2026-04,623,2026
call_center_interactions,2026-04-22,2026-04,843,2026
call_center_interactions,2026-04-23,2026-04,694,2026
call_center_interactions,2026-04-24,2026-04,851,2026
call_center_interactions,2026-04-25,2026-04,397,2026
call_center_interactions,2026-04-26,2026-04,380,2026
call_center_interactions,2026-04-27,2026-04,726,2026
call_center_interactions,2026-04-28,2026-04,742,2026
call_center_interactions,2026-04-29,2026-04,861,2026
call_center_interactions,2026-04-30,2026-04,716,2026
call_center_interactions,2026-05-01,2026-05,609,2026
call_center_interactions,2026-05-02,2026-05,325,2026
call_center_interactions,2026-05-03,2026-05,429,2026
call_center_interactions,2026-05-04,2026-05,657,2026
call_center_interactions,2026-05-05,2026-05,816,2026
call_center_interactions,2026-05-06,2026-05,662,2026
call_center_interactions,2026-05-07,2026-05,618,2026
call_center_interactions,2026-05-08,2026-05,787,2026
call_center_interactions,2026-05-09,2026-05,371,2026
call_center_interactions,2026-05-10,2026-05,412,2026
call_center_interactions,2026-05-11,2026-05,670,2026
call_center_interactions,2026-05-12,2026-05,657,2026
call_center_interactions,2026-05-13,2026-05,702,2026
call_center_interactions,2026-05-14,2026-05,657,2026
call_center_interactions,2026-05-15,2026-05,822,2026
call_center_interactions,2026-05-16,2026-05,394,2026
call_center_interactions,2026-05-17,2026-05,413,2026
call_center_interactions,2026-05-18,2026-05,698,2026
call_center_interactions,2026-05-19,2026-05,605,2026
call_center_interactions,2026-05-20,2026-05,856,2026
call_center_interactions,2026-05-21,2026-05,672,2026
call_center_interactions,2026-05-22,2026-05,636,2026
call_center_interactions,2026-05-23,2026-05,419,2026
call_center_interactions,2026-05-24,2026-05,383,2026
call_center_interactions,2026-05-25,2026-05,836,2026
call_center_interactions,2026-05-26,2026-05,725,2026
call_center_interactions,2026-05-27,2026-05,791,2026
call_center_interactions,2026-05-28,2026-05,588,2026
call_center_interactions,2026-05-29,2026-05,708,2026
call_center_interactions,2026-05-30,2026-05,339,2026
call_center_interactions,2026-05-31,2026-05,400,2026
call_center_interactions,2026-06-01,2026-06,857,2026
call_center_interactions,2026-06-02,2026-06,731,2026
call_center_interactions,2026-06-03,2026-06,664,2026
call_center_interactions,2026-06-04,2026-06,710,2026
call_center_interactions,2026-06-05,2026-06,592,2026
call_center_interactions,2026-06-06,2026-06,403,2026
call_center_interactions,2026-06-07,2026-06,414,2026
call_center_interactions,2026-06-08,2026-06,864,2026
call_center_interactions,2026-06-09,2026-06,668,2026
call_center_interactions,2026-06-10,2026-06,785,2026
call_center_interactions,2026-06-11,2026-06,741,2026
call_center_interactions,2026-06-12,2026-06,627,2026
call_center_interactions,2026-06-13,2026-06,377,2026
call_center_interactions,2026-06-14,2026-06,349,2026
call_center_interactions,2026-06-15,2026-06,839,2026
call_center_interactions,2026-06-16,2026-06,810,2026
call_center_interactions,2026-06-17,2026-06,590,2026
call_transcripts,2023-06-17,2023-06,88,2023
call_transcripts,2023-06-18,2023-06,111,2023
call_transcripts,2023-06-19,2023-06,192,2023
call_transcripts,2023-06-20,2023-06,200,2023
call_transcripts,2023-06-21,2023-06,162,2023
call_transcripts,2023-06-22,2023-06,154,2023
call_transcripts,2023-06-23,2023-06,191,2023
call_transcripts,2023-06-24,2023-06,84,2023
call_transcripts,2023-06-25,2023-06,77,2023
call_transcripts,2023-06-26,2023-06,215,2023
call_transcripts,2023-06-27,2023-06,212,2023
call_transcripts,2023-06-28,2023-06,192,2023
call_transcripts,2023-06-29,2023-06,209,2023
call_transcripts,2023-06-30,2023-06,192,2023
call_transcripts,2023-07-01,2023-07,87,2023
call_transcripts,2023-07-02,2023-07,92,2023
call_transcripts,2023-07-03,2023-07,202,2023
call_transcripts,2023-07-04,2023-07,208,2023
call_transcripts,2023-07-05,2023-07,190,2023
call_transcripts,2023-07-06,2023-07,210,2023
call_transcripts,2023-07-07,2023-07,200,2023
call_transcripts,2023-07-08,2023-07,100,2023
call_transcripts,2023-07-09,2023-07,88,2023
call_transcripts,2023-07-10,2023-07,205,2023
call_transcripts,2023-07-11,2023-07,210,2023
call_transcripts,2023-07-12,2023-07,163,2023
call_transcripts,2023-07-13,2023-07,206,2023
call_transcripts,2023-07-14,2023-07,237,2023
call_transcripts,2023-07-15,2023-07,95,2023
call_transcripts,2023-07-16,2023-07,91,2023
call_transcripts,2023-07-17,2023-07,182,2023
call_transcripts,2023-07-18,2023-07,213,2023
call_transcripts,2023-07-19,2023-07,152,2023
call_transcripts,2023-07-20,2023-07,184,2023
call_transcripts,2023-07-21,2023-07,186,2023
call_transcripts,2023-07-22,2023-07,101,2023
call_transcripts,2023-07-23,2023-07,81,2023
call_transcripts,2023-07-24,2023-07,149,2023
call_transcripts,2023-07-25,2023-07,176,2023
call_transcripts,2023-07-26,2023-07,201,2023
call_transcripts,2023-07-27,2023-07,139,2023
call_transcripts,2023-07-28,2023-07,170,2023
call_transcripts,2023-07-29,2023-07,78,2023
call_transcripts,2023-07-30,2023-07,88,2023
call_transcripts,2023-07-31,2023-07,146,2023
call_transcripts,2023-08-01,2023-08,205,2023
call_transcripts,2023-08-02,2023-08,151,2023
call_transcripts,2023-08-03,2023-08,204,2023
call_transcripts,2023-08-04,2023-08,162,2023
call_transcripts,2023-08-05,2023-08,112,2023
call_transcripts,2023-08-06,2023-08,112,2023
call_transcripts,2023-08-07,2023-08,167,2023
call_transcripts,2023-08-08,2023-08,208,2023
call_transcripts,2023-08-09,2023-08,150,2023
call_transcripts,2023-08-10,2023-08,156,2023
call_transcripts,2023-08-11,2023-08,219,2023
call_transcripts,2023-08-12,2023-08,79,2023
call_transcripts,2023-08-13,2023-08,86,2023
call_transcripts,2023-08-14,2023-08,193,2023
call_transcripts,2023-08-15,2023-08,197,2023
call_transcripts,2023-08-16,2023-08,153,2023
call_transcripts,2023-08-17,2023-08,196,2023
call_transcripts,2023-08-18,2023-08,205,2023
call_transcripts,2023-08-19,2023-08,89,2023
call_transcripts,2023-08-20,2023-08,82,2023
call_transcripts,2023-08-21,2023-08,196,2023
call_transcripts,2023-08-22,2023-08,183,2023
call_transcripts,2023-08-23,2023-08,199,2023
call_transcripts,2023-08-24,2023-08,204,2023
call_transcripts,2023-08-25,2023-08,141,2023
call_transcripts,2023-08-26,2023-08,76,2023
call_transcripts,2023-08-27,2023-08,99,2023
call_transcripts,2023-08-28,2023-08,170,2023
call_transcripts,2023-08-29,2023-08,195,2023
call_transcripts,2023-08-30,2023-08,204,2023
call_transcripts,2023-08-31,2023-08,160,2023
call_transcripts,2023-09-01,2023-09,179,2023
call_transcripts,2023-09-02,2023-09,76,2023
call_transcripts,2023-09-03,2023-09,80,2023
call_transcripts,2023-09-04,2023-09,156,2023
call_transcripts,2023-09-05,2023-09,215,2023
call_transcripts,2023-09-06,2023-09,221,2023
call_transcripts,2023-09-07,2023-09,189,2023
call_transcripts,2023-09-08,2023-09,185,2023
call_transcripts,2023-09-09,2023-09,86,2023
call_transcripts,2023-09-10,2023-09,79,2023
call_transcripts,2023-09-11,2023-09,161,2023
call_transcripts,2023-09-12,2023-09,168,2023
call_transcripts,2023-09-13,2023-09,163,2023
call_transcripts,2023-09-14,2023-09,168,2023
call_transcripts,2023-09-15,2023-09,223,2023
call_transcripts,2023-09-16,2023-09,67,2023
call_transcripts,2023-09-17,2023-09,70,2023
call_transcripts,2023-09-18,2023-09,172,2023
call_transcripts,2023-09-19,2023-09,195,2023
call_transcripts,2023-09-20,2023-09,165,2023
call_transcripts,2023-09-21,2023-09,162,2023
call_transcripts,2023-09-22,2023-09,230,2023
call_transcripts,2023-09-23,2023-09,109,2023
call_transcripts,2023-09-24,2023-09,88,2023
call_transcripts,2023-09-25,2023-09,167,2023
call_transcripts,2023-09-26,2023-09,160,2023
call_transcripts,2023-09-27,2023-09,180,2023
call_transcripts,2023-09-28,2023-09,156,2023
call_transcripts,2023-09-29,2023-09,201,2023
call_transcripts,2023-09-30,2023-09,86,2023
call_transcripts,2023-10-01,2023-10,102,2023
call_transcripts,2023-10-02,2023-10,209,2023
call_transcripts,2023-10-03,2023-10,189,2023
call_transcripts,2023-10-04,2023-10,154,2023
call_transcripts,2023-10-05,2023-10,199,2023
call_transcripts,2023-10-06,2023-10,151,2023
call_transcripts,2023-10-07,2023-10,84,2023
call_transcripts,2023-10-08,2023-10,102,2023
call_transcripts,2023-10-09,2023-10,159,2023
call_transcripts,2023-10-10,2023-10,148,2023
call_transcripts,2023-10-11,2023-10,196,2023
call_transcripts,2023-10-12,2023-10,177,2023
call_transcripts,2023-10-13,2023-10,155,2023
call_transcripts,2023-10-14,2023-10,80,2023
call_transcripts,2023-10-15,2023-10,106,2023
call_transcripts,2023-10-16,2023-10,172,2023
call_transcripts,2023-10-17,2023-10,185,2023
call_transcripts,2023-10-18,2023-10,171,2023
call_transcripts,2023-10-19,2023-10,224,2023
call_transcripts,2023-10-20,2023-10,186,2023
call_transcripts,2023-10-21,2023-10,81,2023
call_transcripts,2023-10-22,2023-10,87,2023
call_transcripts,2023-10-23,2023-10,197,2023
call_transcripts,2023-10-24,2023-10,201,2023
call_transcripts,2023-10-25,2023-10,182,2023
call_transcripts,2023-10-26,2023-10,168,2023
call_transcripts,2023-10-27,2023-10,188,2023
call_transcripts,2023-10-28,2023-10,82,2023
call_transcripts,2023-10-29,2023-10,99,2023
call_transcripts,2023-10-30,2023-10,204,2023
call_transcripts,2023-10-31,2023-10,143,2023
call_transcripts,2023-11-01,2023-11,190,2023
call_transcripts,2023-11-02,2023-11,164,2023
call_transcripts,2023-11-03,2023-11,200,2023
call_transcripts,2023-11-04,2023-11,80,2023
call_transcripts,2023-11-05,2023-11,88,2023
call_transcripts,2023-11-06,2023-11,201,2023
call_transcripts,2023-11-07,2023-11,181,2023
call_transcripts,2023-11-08,2023-11,183,2023
call_transcripts,2023-11-09,2023-11,149,2023
call_transcripts,2023-11-10,2023-11,140,2023
call_transcripts,2023-11-11,2023-11,93,2023
call_transcripts,2023-11-12,2023-11,83,2023
call_transcripts,2023-11-13,2023-11,150,2023
call_transcripts,2023-11-14,2023-11,194,2023
call_transcripts,2023-11-15,2023-11,202,2023
call_transcripts,2023-11-16,2023-11,222,2023
call_transcripts,2023-11-17,2023-11,144,2023
call_transcripts,2023-11-18,2023-11,82,2023
call_transcripts,2023-11-19,2023-11,79,2023
call_transcripts,2023-11-20,2023-11,171,2023
call_transcripts,2023-11-21,2023-11,215,2023
call_transcripts,2023-11-22,2023-11,161,2023
call_transcripts,2023-11-23,2023-11,178,2023
call_transcripts,2023-11-24,2023-11,193,2023
call_transcripts,2023-11-25,2023-11,119,2023
call_transcripts,2023-11-26,2023-11,76,2023
call_transcripts,2023-11-27,2023-11,191,2023
call_transcripts,2023-11-28,2023-11,225,2023
call_transcripts,2023-11-29,2023-11,146,2023
call_transcripts,2023-11-30,2023-11,155,2023
call_transcripts,2023-12-01,2023-12,181,2023
call_transcripts,2023-12-02,2023-12,94,2023
call_transcripts,2023-12-03,2023-12,93,2023
call_transcripts,2023-12-04,2023-12,178,2023
call_transcripts,2023-12-05,2023-12,140,2023
call_transcripts,2023-12-06,2023-12,199,2023
call_transcripts,2023-12-07,2023-12,177,2023
call_transcripts,2023-12-08,2023-12,200,2023
call_transcripts,2023-12-09,2023-12,76,2023
call_transcripts,2023-12-10,2023-12,104,2023
call_transcripts,2023-12-11,2023-12,145,2023
call_transcripts,2023-12-12,2023-12,205,2023
call_transcripts,2023-12-13,2023-12,201,2023
call_transcripts,2023-12-14,2023-12,212,2023
call_transcripts,2023-12-15,2023-12,138,2023
call_transcripts,2023-12-16,2023-12,92,2023
call_transcripts,2023-12-17,2023-12,110,2023
call_transcripts,2023-12-18,2023-12,227,2023
call_transcripts,2023-12-19,2023-12,188,2023
call_transcripts,2023-12-20,2023-12,203,2023
call_transcripts,2023-12-21,2023-12,165,2023
call_transcripts,2023-12-22,2023-12,218,2023
call_transcripts,2023-12-23,2023-12,97,2023
call_transcripts,2023-12-24,2023-12,104,2023
call_transcripts,2023-12-25,2023-12,147,2023
call_transcripts,2023-12-26,2023-12,172,2023
call_transcripts,2023-12-27,2023-12,160,2023
call_transcripts,2023-12-28,2023-12,166,2023
call_transcripts,2023-12-29,2023-12,150,2023
call_transcripts,2023-12-30,2023-12,109,2023
call_transcripts,2023-12-31,2023-12,107,2023
call_transcripts,2024-01-01,2024-01,215,2024
call_transcripts,2024-01-02,2024-01,144,2024
call_transcripts,2024-01-03,2024-01,185,2024
call_transcripts,2024-01-04,2024-01,151,2024
call_transcripts,2024-01-05,2024-01,179,2024
call_transcripts,2024-01-06,2024-01,77,2024
call_transcripts,2024-01-07,2024-01,76,2024
call_transcripts,2024-01-08,2024-01,178,2024
call_transcripts,2024-01-09,2024-01,157,2024
call_transcripts,2024-01-10,2024-01,132,2024
call_transcripts,2024-01-11,2024-01,195,2024
call_transcripts,2024-01-12,2024-01,173,2024
call_transcripts,2024-01-13,2024-01,113,2024
call_transcripts,2024-01-14,2024-01,100,2024
call_transcripts,2024-01-15,2024-01,169,2024
call_transcripts,2024-01-16,2024-01,227,2024
call_transcripts,2024-01-17,2024-01,211,2024
call_transcripts,2024-01-18,2024-01,190,2024
call_transcripts,2024-01-19,2024-01,153,2024
call_transcripts,2024-01-20,2024-01,83,2024
call_transcripts,2024-01-21,2024-01,105,2024
call_transcripts,2024-01-22,2024-01,206,2024
call_transcripts,2024-01-23,2024-01,160,2024
call_transcripts,2024-01-24,2024-01,157,2024
call_transcripts,2024-01-25,2024-01,160,2024
call_transcripts,2024-01-26,2024-01,168,2024
call_transcripts,2024-01-27,2024-01,82,2024
call_transcripts,2024-01-28,2024-01,114,2024
call_transcripts,2024-01-29,2024-01,170,2024
call_transcripts,2024-01-30,2024-01,160,2024
call_transcripts,2024-01-31,2024-01,156,2024
call_transcripts,2024-02-01,2024-02,145,2024
call_transcripts,2024-02-02,2024-02,150,2024
call_transcripts,2024-02-03,2024-02,84,2024
call_transcripts,2024-02-04,2024-02,98,2024
call_transcripts,2024-02-05,2024-02,221,2024
call_transcripts,2024-02-06,2024-02,181,2024
call_transcripts,2024-02-07,2024-02,193,2024
call_transcripts,2024-02-08,2024-02,178,2024
call_transcripts,2024-02-09,2024-02,197,2024
call_transcripts,2024-02-10,2024-02,99,2024
call_transcripts,2024-02-11,2024-02,84,2024
call_transcripts,2024-02-12,2024-02,189,2024
call_transcripts,2024-02-13,2024-02,144,2024
call_transcripts,2024-02-14,2024-02,207,2024
call_transcripts,2024-02-15,2024-02,216,2024
call_transcripts,2024-02-16,2024-02,183,2024
call_transcripts,2024-02-17,2024-02,96,2024
call_transcripts,2024-02-18,2024-02,93,2024
call_transcripts,2024-02-19,2024-02,236,2024
call_transcripts,2024-02-20,2024-02,193,2024
call_transcripts,2024-02-21,2024-02,165,2024
call_transcripts,2024-02-22,2024-02,155,2024
call_transcripts,2024-02-23,2024-02,177,2024
call_transcripts,2024-02-24,2024-02,83,2024
call_transcripts,2024-02-25,2024-02,78,2024
call_transcripts,2024-02-26,2024-02,216,2024
call_transcripts,2024-02-27,2024-02,195,2024
call_transcripts,2024-02-28,2024-02,164,2024
call_transcripts,2024-02-29,2024-02,147,2024
call_transcripts,2024-03-01,2024-03,196,2024
call_transcripts,2024-03-02,2024-03,83,2024
call_transcripts,2024-03-03,2024-03,105,2024
call_transcripts,2024-03-04,2024-03,168,2024
call_transcripts,2024-03-05,2024-03,190,2024
call_transcripts,2024-03-06,2024-03,162,2024
call_transcripts,2024-03-07,2024-03,165,2024
call_transcripts,2024-03-08,2024-03,188,2024
call_transcripts,2024-03-09,2024-03,79,2024
call_transcripts,2024-03-10,2024-03,77,2024
call_transcripts,2024-03-11,2024-03,193,2024
call_transcripts,2024-03-12,2024-03,175,2024
call_transcripts,2024-03-13,2024-03,171,2024
call_transcripts,2024-03-14,2024-03,183,2024
call_transcripts,2024-03-15,2024-03,166,2024
call_transcripts,2024-03-16,2024-03,77,2024
call_transcripts,2024-03-17,2024-03,89,2024
call_transcripts,2024-03-18,2024-03,188,2024
call_transcripts,2024-03-19,2024-03,148,2024
call_transcripts,2024-03-20,2024-03,155,2024
call_transcripts,2024-03-21,2024-03,150,2024
call_transcripts,2024-03-22,2024-03,186,2024
call_transcripts,2024-03-23,2024-03,81,2024
call_transcripts,2024-03-24,2024-03,122,2024
call_transcripts,2024-03-25,2024-03,217,2024
call_transcripts,2024-03-26,2024-03,202,2024
call_transcripts,2024-03-27,2024-03,229,2024
call_transcripts,2024-03-28,2024-03,207,2024
call_transcripts,2024-03-29,2024-03,192,2024
call_transcripts,2024-03-30,2024-03,96,2024
call_transcripts,2024-03-31,2024-03,100,2024
call_transcripts,2024-04-01,2024-04,226,2024
call_transcripts,2024-04-02,2024-04,196,2024
call_transcripts,2024-04-03,2024-04,195,2024
call_transcripts,2024-04-04,2024-04,152,2024
call_transcripts,2024-04-05,2024-04,220,2024
call_transcripts,2024-04-06,2024-04,100,2024
call_transcripts,2024-04-07,2024-04,93,2024
call_transcripts,2024-04-08,2024-04,158,2024
call_transcripts,2024-04-09,2024-04,205,2024
call_transcripts,2024-04-10,2024-04,192,2024
call_transcripts,2024-04-11,2024-04,224,2024
call_transcripts,2024-04-12,2024-04,207,2024
call_transcripts,2024-04-13,2024-04,97,2024
call_transcripts,2024-04-14,2024-04,104,2024
call_transcripts,2024-04-15,2024-04,218,2024
call_transcripts,2024-04-16,2024-04,174,2024
call_transcripts,2024-04-17,2024-04,177,2024
call_transcripts,2024-04-18,2024-04,192,2024
call_transcripts,2024-04-19,2024-04,165,2024
call_transcripts,2024-04-20,2024-04,82,2024
call_transcripts,2024-04-21,2024-04,99,2024
call_transcripts,2024-04-22,2024-04,167,2024
call_transcripts,2024-04-23,2024-04,190,2024
call_transcripts,2024-04-24,2024-04,163,2024
call_transcripts,2024-04-25,2024-04,185,2024
call_transcripts,2024-04-26,2024-04,189,2024
call_transcripts,2024-04-27,2024-04,89,2024
call_transcripts,2024-04-28,2024-04,96,2024
call_transcripts,2024-04-29,2024-04,199,2024
call_transcripts,2024-04-30,2024-04,199,2024
call_transcripts,2024-05-01,2024-05,158,2024
call_transcripts,2024-05-02,2024-05,165,2024
call_transcripts,2024-05-03,2024-05,198,2024
call_transcripts,2024-05-04,2024-05,72,2024
call_transcripts,2024-05-05,2024-05,88,2024
call_transcripts,2024-05-06,2024-05,169,2024
call_transcripts,2024-05-07,2024-05,179,2024
call_transcripts,2024-05-08,2024-05,220,2024
call_transcripts,2024-05-09,2024-05,170,2024
call_transcripts,2024-05-10,2024-05,213,2024
call_transcripts,2024-05-11,2024-05,89,2024
call_transcripts,2024-05-12,2024-05,92,2024
call_transcripts,2024-05-13,2024-05,146,2024
call_transcripts,2024-05-14,2024-05,146,2024
call_transcripts,2024-05-15,2024-05,154,2024
call_transcripts,2024-05-16,2024-05,154,2024
call_transcripts,2024-05-17,2024-05,150,2024
call_transcripts,2024-05-18,2024-05,99,2024
call_transcripts,2024-05-19,2024-05,79,2024
call_transcripts,2024-05-20,2024-05,205,2024
call_transcripts,2024-05-21,2024-05,168,2024
call_transcripts,2024-05-22,2024-05,170,2024
call_transcripts,2024-05-23,2024-05,155,2024
call_transcripts,2024-05-24,2024-05,208,2024
call_transcripts,2024-05-25,2024-05,82,2024
call_transcripts,2024-05-26,2024-05,78,2024
call_transcripts,2024-05-27,2024-05,178,2024
call_transcripts,2024-05-28,2024-05,177,2024
call_transcripts,2024-05-29,2024-05,180,2024
call_transcripts,2024-05-30,2024-05,171,2024
call_transcripts,2024-05-31,2024-05,207,2024
call_transcripts,2024-06-01,2024-06,119,2024
call_transcripts,2024-06-02,2024-06,101,2024
call_transcripts,2024-06-03,2024-06,162,2024
call_transcripts,2024-06-04,2024-06,175,2024
call_transcripts,2024-06-05,2024-06,195,2024
call_transcripts,2024-06-06,2024-06,197,2024
call_transcripts,2024-06-07,2024-06,192,2024
call_transcripts,2024-06-08,2024-06,66,2024
call_transcripts,2024-06-09,2024-06,93,2024
call_transcripts,2024-06-10,2024-06,175,2024
call_transcripts,2024-06-11,2024-06,189,2024
call_transcripts,2024-06-12,2024-06,209,2024
call_transcripts,2024-06-13,2024-06,162,2024
call_transcripts,2024-06-14,2024-06,139,2024
call_transcripts,2024-06-15,2024-06,86,2024
call_transcripts,2024-06-16,2024-06,90,2024
call_transcripts,2024-06-17,2024-06,210,2024
call_transcripts,2024-06-18,2024-06,194,2024
call_transcripts,2024-06-19,2024-06,235,2024
call_transcripts,2024-06-20,2024-06,180,2024
call_transcripts,2024-06-21,2024-06,155,2024
call_transcripts,2024-06-22,2024-06,120,2024
call_transcripts,2024-06-23,2024-06,93,2024
call_transcripts,2024-06-24,2024-06,186,2024
call_transcripts,2024-06-25,2024-06,154,2024
call_transcripts,2024-06-26,2024-06,203,2024
call_transcripts,2024-06-27,2024-06,175,2024
call_transcripts,2024-06-28,2024-06,184,2024
call_transcripts,2024-06-29,2024-06,81,2024
call_transcripts,2024-06-30,2024-06,71,2024
call_transcripts,2024-07-01,2024-07,203,2024
call_transcripts,2024-07-02,2024-07,197,2024
call_transcripts,2024-07-03,2024-07,155,2024
call_transcripts,2024-07-04,2024-07,198,2024
call_transcripts,2024-07-05,2024-07,190,2024
call_transcripts,2024-07-06,2024-07,93,2024
call_transcripts,2024-07-07,2024-07,97,2024
call_transcripts,2024-07-08,2024-07,155,2024
call_transcripts,2024-07-09,2024-07,215,2024
call_transcripts,2024-07-10,2024-07,195,2024
call_transcripts,2024-07-11,2024-07,154,2024
call_transcripts,2024-07-12,2024-07,168,2024
call_transcripts,2024-07-13,2024-07,91,2024
call_transcripts,2024-07-14,2024-07,90,2024
call_transcripts,2024-07-15,2024-07,164,2024
call_transcripts,2024-07-16,2024-07,170,2024
call_transcripts,2024-07-17,2024-07,219,2024
call_transcripts,2024-07-18,2024-07,165,2024
call_transcripts,2024-07-19,2024-07,205,2024
call_transcripts,2024-07-20,2024-07,68,2024
call_transcripts,2024-07-21,2024-07,88,2024
call_transcripts,2024-07-22,2024-07,219,2024
call_transcripts,2024-07-23,2024-07,218,2024
call_transcripts,2024-07-24,2024-07,143,2024
call_transcripts,2024-07-25,2024-07,171,2024
call_transcripts,2024-07-26,2024-07,213,2024
call_transcripts,2024-07-27,2024-07,83,2024
call_transcripts,2024-07-28,2024-07,104,2024
call_transcripts,2024-07-29,2024-07,220,2024
call_transcripts,2024-07-30,2024-07,197,2024
call_transcripts,2024-07-31,2024-07,185,2024
call_transcripts,2024-08-01,2024-08,198,2024
call_transcripts,2024-08-02,2024-08,184,2024
call_transcripts,2024-08-03,2024-08,101,2024
call_transcripts,2024-08-04,2024-08,102,2024
call_transcripts,2024-08-05,2024-08,178,2024
call_transcripts,2024-08-06,2024-08,199,2024
call_transcripts,2024-08-07,2024-08,170,2024
call_transcripts,2024-08-08,2024-08,213,2024
call_transcripts,2024-08-09,2024-08,165,2024
call_transcripts,2024-08-10,2024-08,96,2024
call_transcripts,2024-08-11,2024-08,108,2024
call_transcripts,2024-08-12,2024-08,207,2024
call_transcripts,2024-08-13,2024-08,140,2024
call_transcripts,2024-08-14,2024-08,187,2024
call_transcripts,2024-08-15,2024-08,179,2024
call_transcripts,2024-08-16,2024-08,199,2024
call_transcripts,2024-08-17,2024-08,71,2024
call_transcripts,2024-08-18,2024-08,109,2024
call_transcripts,2024-08-19,2024-08,155,2024
call_transcripts,2024-08-20,2024-08,212,2024
call_transcripts,2024-08-21,2024-08,202,2024
call_transcripts,2024-08-22,2024-08,178,2024
call_transcripts,2024-08-23,2024-08,214,2024
call_transcripts,2024-08-24,2024-08,90,2024
call_transcripts,2024-08-25,2024-08,83,2024
call_transcripts,2024-08-26,2024-08,154,2024
call_transcripts,2024-08-27,2024-08,132,2024
call_transcripts,2024-08-28,2024-08,217,2024
call_transcripts,2024-08-29,2024-08,175,2024
call_transcripts,2024-08-30,2024-08,171,2024
call_transcripts,2024-08-31,2024-08,83,2024
call_transcripts,2024-09-01,2024-09,100,2024
call_transcripts,2024-09-02,2024-09,193,2024
call_transcripts,2024-09-03,2024-09,135,2024
call_transcripts,2024-09-04,2024-09,158,2024
call_transcripts,2024-09-05,2024-09,198,2024
call_transcripts,2024-09-06,2024-09,208,2024
call_transcripts,2024-09-07,2024-09,97,2024
call_transcripts,2024-09-08,2024-09,105,2024
call_transcripts,2024-09-09,2024-09,143,2024
call_transcripts,2024-09-10,2024-09,222,2024
call_transcripts,2024-09-11,2024-09,199,2024
call_transcripts,2024-09-12,2024-09,190,2024
call_transcripts,2024-09-13,2024-09,217,2024
call_transcripts,2024-09-14,2024-09,87,2024
call_transcripts,2024-09-15,2024-09,73,2024
call_transcripts,2024-09-16,2024-09,164,2024
call_transcripts,2024-09-17,2024-09,193,2024
call_transcripts,2024-09-18,2024-09,208,2024
call_transcripts,2024-09-19,2024-09,150,2024
call_transcripts,2024-09-20,2024-09,234,2024
call_transcripts,2024-09-21,2024-09,98,2024
call_transcripts,2024-09-22,2024-09,82,2024
call_transcripts,2024-09-23,2024-09,170,2024
call_transcripts,2024-09-24,2024-09,220,2024
call_transcripts,2024-09-25,2024-09,159,2024
call_transcripts,2024-09-26,2024-09,184,2024
call_transcripts,2024-09-27,2024-09,193,2024
call_transcripts,2024-09-28,2024-09,94,2024
call_transcripts,2024-09-29,2024-09,89,2024
call_transcripts,2024-09-30,2024-09,174,2024
call_transcripts,2024-10-01,2024-10,157,2024
call_transcripts,2024-10-02,2024-10,173,2024
call_transcripts,2024-10-03,2024-10,217,2024
call_transcripts,2024-10-04,2024-10,217,2024
call_transcripts,2024-10-05,2024-10,88,2024
call_transcripts,2024-10-06,2024-10,102,2024
call_transcripts,2024-10-07,2024-10,199,2024
call_transcripts,2024-10-08,2024-10,186,2024
call_transcripts,2024-10-09,2024-10,210,2024
call_transcripts,2024-10-10,2024-10,191,2024
call_transcripts,2024-10-11,2024-10,135,2024
call_transcripts,2024-10-12,2024-10,105,2024
call_transcripts,2024-10-13,2024-10,101,2024
call_transcripts,2024-10-14,2024-10,152,2024
call_transcripts,2024-10-15,2024-10,206,2024
call_transcripts,2024-10-16,2024-10,189,2024
call_transcripts,2024-10-17,2024-10,134,2024
call_transcripts,2024-10-18,2024-10,197,2024
call_transcripts,2024-10-19,2024-10,91,2024
call_transcripts,2024-10-20,2024-10,94,2024
call_transcripts,2024-10-21,2024-10,145,2024
call_transcripts,2024-10-22,2024-10,197,2024
call_transcripts,2024-10-23,2024-10,168,2024
call_transcripts,2024-10-24,2024-10,158,2024
call_transcripts,2024-10-25,2024-10,164,2024
call_transcripts,2024-10-26,2024-10,113,2024
call_transcripts,2024-10-27,2024-10,66,2024
call_transcripts,2024-10-28,2024-10,165,2024
call_transcripts,2024-10-29,2024-10,160,2024
call_transcripts,2024-10-30,2024-10,205,2024
call_transcripts,2024-10-31,2024-10,170,2024
call_transcripts,2024-11-01,2024-11,175,2024
call_transcripts,2024-11-02,2024-11,77,2024
call_transcripts,2024-11-03,2024-11,104,2024
call_transcripts,2024-11-04,2024-11,155,2024
call_transcripts,2024-11-05,2024-11,192,2024
call_transcripts,2024-11-06,2024-11,121,2024
call_transcripts,2024-11-07,2024-11,204,2024
call_transcripts,2024-11-08,2024-11,148,2024
call_transcripts,2024-11-09,2024-11,103,2024
call_transcripts,2024-11-10,2024-11,75,2024
call_transcripts,2024-11-11,2024-11,182,2024
call_transcripts,2024-11-12,2024-11,154,2024
call_transcripts,2024-11-13,2024-11,149,2024
call_transcripts,2024-11-14,2024-11,158,2024
call_transcripts,2024-11-15,2024-11,163,2024
call_transcripts,2024-11-16,2024-11,104,2024
call_transcripts,2024-11-17,2024-11,106,2024
call_transcripts,2024-11-18,2024-11,199,2024
call_transcripts,2024-11-19,2024-11,212,2024
call_transcripts,2024-11-20,2024-11,152,2024
call_transcripts,2024-11-21,2024-11,150,2024
call_transcripts,2024-11-22,2024-11,167,2024
call_transcripts,2024-11-23,2024-11,97,2024
call_transcripts,2024-11-24,2024-11,114,2024
call_transcripts,2024-11-25,2024-11,167,2024
call_transcripts,2024-11-26,2024-11,169,2024
call_transcripts,2024-11-27,2024-11,169,2024
call_transcripts,2024-11-28,2024-11,161,2024
call_transcripts,2024-11-29,2024-11,135,2024
call_transcripts,2024-11-30,2024-11,82,2024
call_transcripts,2024-12-01,2024-12,84,2024
call_transcripts,2024-12-02,2024-12,228,2024
call_transcripts,2024-12-03,2024-12,216,2024
call_transcripts,2024-12-04,2024-12,135,2024
call_transcripts,2024-12-05,2024-12,185,2024
call_transcripts,2024-12-06,2024-12,172,2024
call_transcripts,2024-12-07,2024-12,108,2024
call_transcripts,2024-12-08,2024-12,121,2024
call_transcripts,2024-12-09,2024-12,181,2024
call_transcripts,2024-12-10,2024-12,217,2024
call_transcripts,2024-12-11,2024-12,174,2024
call_transcripts,2024-12-12,2024-12,174,2024
call_transcripts,2024-12-13,2024-12,182,2024
call_transcripts,2024-12-14,2024-12,74,2024
call_transcripts,2024-12-15,2024-12,100,2024
call_transcripts,2024-12-16,2024-12,149,2024
call_transcripts,2024-12-17,2024-12,153,2024
call_transcripts,2024-12-18,2024-12,154,2024
call_transcripts,2024-12-19,2024-12,197,2024
call_transcripts,2024-12-20,2024-12,154,2024
call_transcripts,2024-12-21,2024-12,97,2024
call_transcripts,2024-12-22,2024-12,85,2024
call_transcripts,2024-12-23,2024-12,217,2024
call_transcripts,2024-12-24,2024-12,239,2024
call_transcripts,2024-12-25,2024-12,165,2024
call_transcripts,2024-12-26,2024-12,180,2024
call_transcripts,2024-12-27,2024-12,187,2024
call_transcripts,2024-12-28,2024-12,74,2024
call_transcripts,2024-12-29,2024-12,87,2024
call_transcripts,2024-12-30,2024-12,166,2024
call_transcripts,2024-12-31,2024-12,169,2024
call_transcripts,2025-01-01,2025-01,234,2025
call_transcripts,2025-01-02,2025-01,223,2025
call_transcripts,2025-01-03,2025-01,173,2025
call_transcripts,2025-01-04,2025-01,69,2025
call_transcripts,2025-01-05,2025-01,71,2025
call_transcripts,2025-01-06,2025-01,154,2025
call_transcripts,2025-01-07,2025-01,229,2025
call_transcripts,2025-01-08,2025-01,156,2025
call_transcripts,2025-01-09,2025-01,213,2025
call_transcripts,2025-01-10,2025-01,197,2025
call_transcripts,2025-01-11,2025-01,92,2025
call_transcripts,2025-01-12,2025-01,83,2025
call_transcripts,2025-01-13,2025-01,218,2025
call_transcripts,2025-01-14,2025-01,150,2025
call_transcripts,2025-01-15,2025-01,154,2025
call_transcripts,2025-01-16,2025-01,182,2025
call_transcripts,2025-01-17,2025-01,158,2025
call_transcripts,2025-01-18,2025-01,94,2025
call_transcripts,2025-01-19,2025-01,91,2025
call_transcripts,2025-01-20,2025-01,172,2025
call_transcripts,2025-01-21,2025-01,132,2025
call_transcripts,2025-01-22,2025-01,160,2025
call_transcripts,2025-01-23,2025-01,211,2025
call_transcripts,2025-01-24,2025-01,146,2025
call_transcripts,2025-01-25,2025-01,106,2025
call_transcripts,2025-01-26,2025-01,92,2025
call_transcripts,2025-01-27,2025-01,215,2025
call_transcripts,2025-01-28,2025-01,166,2025
call_transcripts,2025-01-29,2025-01,181,2025
call_transcripts,2025-01-30,2025-01,208,2025
call_transcripts,2025-01-31,2025-01,173,2025
call_transcripts,2025-02-01,2025-02,80,2025
call_transcripts,2025-02-02,2025-02,96,2025
call_transcripts,2025-02-03,2025-02,199,2025
call_transcripts,2025-02-04,2025-02,158,2025
call_transcripts,2025-02-05,2025-02,178,2025
call_transcripts,2025-02-06,2025-02,172,2025
call_transcripts,2025-02-07,2025-02,160,2025
call_transcripts,2025-02-08,2025-02,112,2025
call_transcripts,2025-02-09,2025-02,88,2025
call_transcripts,2025-02-10,2025-02,213,2025
call_transcripts,2025-02-11,2025-02,198,2025
call_transcripts,2025-02-12,2025-02,167,2025
call_transcripts,2025-02-13,2025-02,169,2025
call_transcripts,2025-02-14,2025-02,193,2025
call_transcripts,2025-02-15,2025-02,82,2025
call_transcripts,2025-02-16,2025-02,70,2025
call_transcripts,2025-02-17,2025-02,206,2025
call_transcripts,2025-02-18,2025-02,161,2025
call_transcripts,2025-02-19,2025-02,160,2025
call_transcripts,2025-02-20,2025-02,174,2025
call_transcripts,2025-02-21,2025-02,161,2025
call_transcripts,2025-02-22,2025-02,83,2025
call_transcripts,2025-02-23,2025-02,74,2025
call_transcripts,2025-02-24,2025-02,167,2025
call_transcripts,2025-02-25,2025-02,176,2025
call_transcripts,2025-02-26,2025-02,167,2025
call_transcripts,2025-02-27,2025-02,173,2025
call_transcripts,2025-02-28,2025-02,179,2025
call_transcripts,2025-03-01,2025-03,93,2025
call_transcripts,2025-03-02,2025-03,77,2025
call_transcripts,2025-03-03,2025-03,166,2025
call_transcripts,2025-03-04,2025-03,207,2025
call_transcripts,2025-03-05,2025-03,218,2025
call_transcripts,2025-03-06,2025-03,199,2025
call_transcripts,2025-03-07,2025-03,155,2025
call_transcripts,2025-03-08,2025-03,94,2025
call_transcripts,2025-03-09,2025-03,84,2025
call_transcripts,2025-03-10,2025-03,170,2025
call_transcripts,2025-03-11,2025-03,192,2025
call_transcripts,2025-03-12,2025-03,210,2025
call_transcripts,2025-03-13,2025-03,220,2025
call_transcripts,2025-03-14,2025-03,179,2025
call_transcripts,2025-03-15,2025-03,113,2025
call_transcripts,2025-03-16,2025-03,66,2025
call_transcripts,2025-03-17,2025-03,193,2025
call_transcripts,2025-03-18,2025-03,162,2025
call_transcripts,2025-03-19,2025-03,177,2025
call_transcripts,2025-03-20,2025-03,229,2025
call_transcripts,2025-03-21,2025-03,145,2025
call_transcripts,2025-03-22,2025-03,76,2025
call_transcripts,2025-03-23,2025-03,97,2025
call_transcripts,2025-03-24,2025-03,190,2025
call_transcripts,2025-03-25,2025-03,228,2025
call_transcripts,2025-03-26,2025-03,177,2025
call_transcripts,2025-03-27,2025-03,204,2025
call_transcripts,2025-03-28,2025-03,174,2025
call_transcripts,2025-03-29,2025-03,76,2025
call_transcripts,2025-03-30,2025-03,100,2025
call_transcripts,2025-03-31,2025-03,172,2025
call_transcripts,2025-04-01,2025-04,199,2025
call_transcripts,2025-04-02,2025-04,191,2025
call_transcripts,2025-04-03,2025-04,224,2025
call_transcripts,2025-04-04,2025-04,134,2025
call_transcripts,2025-04-05,2025-04,85,2025
call_transcripts,2025-04-06,2025-04,107,2025
call_transcripts,2025-04-07,2025-04,176,2025
call_transcripts,2025-04-08,2025-04,220,2025
call_transcripts,2025-04-09,2025-04,143,2025
call_transcripts,2025-04-10,2025-04,207,2025
call_transcripts,2025-04-11,2025-04,152,2025
call_transcripts,2025-04-12,2025-04,82,2025
call_transcripts,2025-04-13,2025-04,70,2025
call_transcripts,2025-04-14,2025-04,194,2025
call_transcripts,2025-04-15,2025-04,161,2025
call_transcripts,2025-04-16,2025-04,194,2025
call_transcripts,2025-04-17,2025-04,162,2025
call_transcripts,2025-04-18,2025-04,154,2025
call_transcripts,2025-04-19,2025-04,112,2025
call_transcripts,2025-04-20,2025-04,75,2025
call_transcripts,2025-04-21,2025-04,165,2025
call_transcripts,2025-04-22,2025-04,214,2025
call_transcripts,2025-04-23,2025-04,158,2025
call_transcripts,2025-04-24,2025-04,217,2025
call_transcripts,2025-04-25,2025-04,204,2025
call_transcripts,2025-04-26,2025-04,92,2025
call_transcripts,2025-04-27,2025-04,94,2025
call_transcripts,2025-04-28,2025-04,202,2025
call_transcripts,2025-04-29,2025-04,166,2025
call_transcripts,2025-04-30,2025-04,181,2025
call_transcripts,2025-05-01,2025-05,190,2025
call_transcripts,2025-05-02,2025-05,175,2025
call_transcripts,2025-05-03,2025-05,84,2025
call_transcripts,2025-05-04,2025-05,65,2025
call_transcripts,2025-05-05,2025-05,215,2025
call_transcripts,2025-05-06,2025-05,171,2025
call_transcripts,2025-05-07,2025-05,162,2025
call_transcripts,2025-05-08,2025-05,149,2025
call_transcripts,2025-05-09,2025-05,171,2025
call_transcripts,2025-05-10,2025-05,83,2025
call_transcripts,2025-05-11,2025-05,103,2025
call_transcripts,2025-05-12,2025-05,199,2025
call_transcripts,2025-05-13,2025-05,172,2025
call_transcripts,2025-05-14,2025-05,177,2025
call_transcripts,2025-05-15,2025-05,228,2025
call_transcripts,2025-05-16,2025-05,167,2025
call_transcripts,2025-05-17,2025-05,72,2025
call_transcripts,2025-05-18,2025-05,76,2025
call_transcripts,2025-05-19,2025-05,172,2025
call_transcripts,2025-05-20,2025-05,170,2025
call_transcripts,2025-05-21,2025-05,190,2025
call_transcripts,2025-05-22,2025-05,208,2025
call_transcripts,2025-05-23,2025-05,199,2025
call_transcripts,2025-05-24,2025-05,111,2025
call_transcripts,2025-05-25,2025-05,115,2025
call_transcripts,2025-05-26,2025-05,206,2025
call_transcripts,2025-05-27,2025-05,208,2025
call_transcripts,2025-05-28,2025-05,183,2025
call_transcripts,2025-05-29,2025-05,180,2025
call_transcripts,2025-05-30,2025-05,165,2025
call_transcripts,2025-05-31,2025-05,99,2025
call_transcripts,2025-06-01,2025-06,91,2025
call_transcripts,2025-06-02,2025-06,177,2025
call_transcripts,2025-06-03,2025-06,160,2025
call_transcripts,2025-06-04,2025-06,156,2025
call_transcripts,2025-06-05,2025-06,173,2025
call_transcripts,2025-06-06,2025-06,168,2025
call_transcripts,2025-06-07,2025-06,96,2025
call_transcripts,2025-06-08,2025-06,102,2025
call_transcripts,2025-06-09,2025-06,148,2025
call_transcripts,2025-06-10,2025-06,218,2025
call_transcripts,2025-06-11,2025-06,180,2025
call_transcripts,2025-06-12,2025-06,190,2025
call_transcripts,2025-06-13,2025-06,204,2025
call_transcripts,2025-06-14,2025-06,73,2025
call_transcripts,2025-06-15,2025-06,68,2025
call_transcripts,2025-06-16,2025-06,171,2025
call_transcripts,2025-06-17,2025-06,145,2025
call_transcripts,2025-06-18,2025-06,191,2025
call_transcripts,2025-06-19,2025-06,220,2025
call_transcripts,2025-06-20,2025-06,228,2025
call_transcripts,2025-06-21,2025-06,75,2025
call_transcripts,2025-06-22,2025-06,83,2025
call_transcripts,2025-06-23,2025-06,200,2025
call_transcripts,2025-06-24,2025-06,156,2025
call_transcripts,2025-06-25,2025-06,201,2025
call_transcripts,2025-06-26,2025-06,168,2025
call_transcripts,2025-06-27,2025-06,210,2025
call_transcripts,2025-06-28,2025-06,90,2025
call_transcripts,2025-06-29,2025-06,84,2025
call_transcripts,2025-06-30,2025-06,155,2025
call_transcripts,2025-07-01,2025-07,179,2025
call_transcripts,2025-07-02,2025-07,194,2025
call_transcripts,2025-07-03,2025-07,162,2025
call_transcripts,2025-07-04,2025-07,169,2025
call_transcripts,2025-07-05,2025-07,79,2025
call_transcripts,2025-07-06,2025-07,84,2025
call_transcripts,2025-07-07,2025-07,212,2025
call_transcripts,2025-07-08,2025-07,156,2025
call_transcripts,2025-07-09,2025-07,190,2025
call_transcripts,2025-07-10,2025-07,161,2025
call_transcripts,2025-07-11,2025-07,208,2025
call_transcripts,2025-07-12,2025-07,81,2025
call_transcripts,2025-07-13,2025-07,102,2025
call_transcripts,2025-07-14,2025-07,157,2025
call_transcripts,2025-07-15,2025-07,210,2025
call_transcripts,2025-07-16,2025-07,220,2025
call_transcripts,2025-07-17,2025-07,184,2025
call_transcripts,2025-07-18,2025-07,178,2025
call_transcripts,2025-07-19,2025-07,81,2025
call_transcripts,2025-07-20,2025-07,83,2025
call_transcripts,2025-07-21,2025-07,155,2025
call_transcripts,2025-07-22,2025-07,218,2025
call_transcripts,2025-07-23,2025-07,189,2025
call_transcripts,2025-07-24,2025-07,212,2025
call_transcripts,2025-07-25,2025-07,217,2025
call_transcripts,2025-07-26,2025-07,106,2025
call_transcripts,2025-07-27,2025-07,97,2025
call_transcripts,2025-07-28,2025-07,168,2025
call_transcripts,2025-07-29,2025-07,193,2025
call_transcripts,2025-07-30,2025-07,156,2025
call_transcripts,2025-07-31,2025-07,164,2025
call_transcripts,2025-08-01,2025-08,158,2025
call_transcripts,2025-08-02,2025-08,111,2025
call_transcripts,2025-08-03,2025-08,90,2025
call_transcripts,2025-08-04,2025-08,158,2025
call_transcripts,2025-08-05,2025-08,211,2025
call_transcripts,2025-08-06,2025-08,219,2025
call_transcripts,2025-08-07,2025-08,188,2025
call_transcripts,2025-08-08,2025-08,162,2025
call_transcripts,2025-08-09,2025-08,98,2025
call_transcripts,2025-08-10,2025-08,97,2025
call_transcripts,2025-08-11,2025-08,183,2025
call_transcripts,2025-08-12,2025-08,177,2025
call_transcripts,2025-08-13,2025-08,156,2025
call_transcripts,2025-08-14,2025-08,145,2025
call_transcripts,2025-08-15,2025-08,179,2025
call_transcripts,2025-08-16,2025-08,96,2025
call_transcripts,2025-08-17,2025-08,80,2025
call_transcripts,2025-08-18,2025-08,202,2025
call_transcripts,2025-08-19,2025-08,137,2025
call_transcripts,2025-08-20,2025-08,202,2025
call_transcripts,2025-08-21,2025-08,192,2025
call_transcripts,2025-08-22,2025-08,217,2025
call_transcripts,2025-08-23,2025-08,80,2025
call_transcripts,2025-08-24,2025-08,82,2025
call_transcripts,2025-08-25,2025-08,169,2025
call_transcripts,2025-08-26,2025-08,222,2025
call_transcripts,2025-08-27,2025-08,212,2025
call_transcripts,2025-08-28,2025-08,185,2025
call_transcripts,2025-08-29,2025-08,166,2025
call_transcripts,2025-08-30,2025-08,77,2025
call_transcripts,2025-08-31,2025-08,88,2025
call_transcripts,2025-09-01,2025-09,172,2025
call_transcripts,2025-09-02,2025-09,167,2025
call_transcripts,2025-09-03,2025-09,192,2025
call_transcripts,2025-09-04,2025-09,186,2025
call_transcripts,2025-09-05,2025-09,184,2025
call_transcripts,2025-09-06,2025-09,86,2025
call_transcripts,2025-09-07,2025-09,74,2025
call_transcripts,2025-09-08,2025-09,159,2025
call_transcripts,2025-09-09,2025-09,205,2025
call_transcripts,2025-09-10,2025-09,168,2025
call_transcripts,2025-09-11,2025-09,180,2025
call_transcripts,2025-09-12,2025-09,163,2025
call_transcripts,2025-09-13,2025-09,87,2025
call_transcripts,2025-09-14,2025-09,86,2025
call_transcripts,2025-09-15,2025-09,145,2025
call_transcripts,2025-09-16,2025-09,174,2025
call_transcripts,2025-09-17,2025-09,213,2025
call_transcripts,2025-09-18,2025-09,200,2025
call_transcripts,2025-09-19,2025-09,181,2025
call_transcripts,2025-09-20,2025-09,88,2025
call_transcripts,2025-09-21,2025-09,94,2025
call_transcripts,2025-09-22,2025-09,207,2025
call_transcripts,2025-09-23,2025-09,207,2025
call_transcripts,2025-09-24,2025-09,201,2025
call_transcripts,2025-09-25,2025-09,214,2025
call_transcripts,2025-09-26,2025-09,192,2025
call_transcripts,2025-09-27,2025-09,92,2025
call_transcripts,2025-09-28,2025-09,76,2025
call_transcripts,2025-09-29,2025-09,210,2025
call_transcripts,2025-09-30,2025-09,142,2025
call_transcripts,2025-10-01,2025-10,117,2025
call_transcripts,2025-10-02,2025-10,194,2025
call_transcripts,2025-10-03,2025-10,190,2025
call_transcripts,2025-10-04,2025-10,96,2025
call_transcripts,2025-10-05,2025-10,112,2025
call_transcripts,2025-10-06,2025-10,212,2025
call_transcripts,2025-10-07,2025-10,183,2025
call_transcripts,2025-10-08,2025-10,183,2025
call_transcripts,2025-10-09,2025-10,145,2025
call_transcripts,2025-10-10,2025-10,185,2025
call_transcripts,2025-10-11,2025-10,89,2025
call_transcripts,2025-10-12,2025-10,81,2025
call_transcripts,2025-10-13,2025-10,224,2025
call_transcripts,2025-10-14,2025-10,170,2025
call_transcripts,2025-10-15,2025-10,204,2025
call_transcripts,2025-10-16,2025-10,214,2025
call_transcripts,2025-10-17,2025-10,168,2025
call_transcripts,2025-10-18,2025-10,97,2025
call_transcripts,2025-10-19,2025-10,86,2025
call_transcripts,2025-10-20,2025-10,208,2025
call_transcripts,2025-10-21,2025-10,168,2025
call_transcripts,2025-10-22,2025-10,155,2025
call_transcripts,2025-10-23,2025-10,190,2025
call_transcripts,2025-10-24,2025-10,166,2025
call_transcripts,2025-10-25,2025-10,72,2025
call_transcripts,2025-10-26,2025-10,66,2025
call_transcripts,2025-10-27,2025-10,152,2025
call_transcripts,2025-10-28,2025-10,129,2025
call_transcripts,2025-10-29,2025-10,165,2025
call_transcripts,2025-10-30,2025-10,175,2025
call_transcripts,2025-10-31,2025-10,150,2025
call_transcripts,2025-11-01,2025-11,80,2025
call_transcripts,2025-11-02,2025-11,71,2025
call_transcripts,2025-11-03,2025-11,195,2025
call_transcripts,2025-11-04,2025-11,175,2025
call_transcripts,2025-11-05,2025-11,171,2025
call_transcripts,2025-11-06,2025-11,183,2025
call_transcripts,2025-11-07,2025-11,193,2025
call_transcripts,2025-11-08,2025-11,98,2025
call_transcripts,2025-11-09,2025-11,87,2025
call_transcripts,2025-11-10,2025-11,148,2025
call_transcripts,2025-11-11,2025-11,206,2025
call_transcripts,2025-11-12,2025-11,176,2025
call_transcripts,2025-11-13,2025-11,212,2025
call_transcripts,2025-11-14,2025-11,167,2025
call_transcripts,2025-11-15,2025-11,76,2025
call_transcripts,2025-11-16,2025-11,67,2025
call_transcripts,2025-11-17,2025-11,185,2025
call_transcripts,2025-11-18,2025-11,224,2025
call_transcripts,2025-11-19,2025-11,205,2025
call_transcripts,2025-11-20,2025-11,186,2025
call_transcripts,2025-11-21,2025-11,214,2025
call_transcripts,2025-11-22,2025-11,92,2025
call_transcripts,2025-11-23,2025-11,92,2025
call_transcripts,2025-11-24,2025-11,208,2025
call_transcripts,2025-11-25,2025-11,195,2025
call_transcripts,2025-11-26,2025-11,229,2025
call_transcripts,2025-11-27,2025-11,160,2025
call_transcripts,2025-11-28,2025-11,168,2025
call_transcripts,2025-11-29,2025-11,97,2025
call_transcripts,2025-11-30,2025-11,94,2025
call_transcripts,2025-12-01,2025-12,169,2025
call_transcripts,2025-12-02,2025-12,209,2025
call_transcripts,2025-12-03,2025-12,140,2025
call_transcripts,2025-12-04,2025-12,192,2025
call_transcripts,2025-12-05,2025-12,186,2025
call_transcripts,2025-12-06,2025-12,87,2025
call_transcripts,2025-12-07,2025-12,75,2025
call_transcripts,2025-12-08,2025-12,193,2025
call_transcripts,2025-12-09,2025-12,210,2025
call_transcripts,2025-12-10,2025-12,193,2025
call_transcripts,2025-12-11,2025-12,201,2025
call_transcripts,2025-12-12,2025-12,178,2025
call_transcripts,2025-12-13,2025-12,94,2025
call_transcripts,2025-12-14,2025-12,84,2025
call_transcripts,2025-12-15,2025-12,175,2025
call_transcripts,2025-12-16,2025-12,206,2025
call_transcripts,2025-12-17,2025-12,147,2025
call_transcripts,2025-12-18,2025-12,203,2025
call_transcripts,2025-12-19,2025-12,174,2025
call_transcripts,2025-12-20,2025-12,95,2025
call_transcripts,2025-12-21,2025-12,96,2025
call_transcripts,2025-12-22,2025-12,182,2025
call_transcripts,2025-12-23,2025-12,227,2025
call_transcripts,2025-12-24,2025-12,166,2025
call_transcripts,2025-12-25,2025-12,152,2025
call_transcripts,2025-12-26,2025-12,196,2025
call_transcripts,2025-12-27,2025-12,78,2025
call_transcripts,2025-12-28,2025-12,92,2025
call_transcripts,2025-12-29,2025-12,187,2025
call_transcripts,2025-12-30,2025-12,171,2025
call_transcripts,2025-12-31,2025-12,224,2025
call_transcripts,2026-01-01,2026-01,200,2026
call_transcripts,2026-01-02,2026-01,137,2026
call_transcripts,2026-01-03,2026-01,105,2026
call_transcripts,2026-01-04,2026-01,101,2026
call_transcripts,2026-01-05,2026-01,145,2026
call_transcripts,2026-01-06,2026-01,157,2026
call_transcripts,2026-01-07,2026-01,178,2026
call_transcripts,2026-01-08,2026-01,155,2026
call_transcripts,2026-01-09,2026-01,160,2026
call_transcripts,2026-01-10,2026-01,73,2026
call_transcripts,2026-01-11,2026-01,72,2026
call_transcripts,2026-01-12,2026-01,165,2026
call_transcripts,2026-01-13,2026-01,145,2026
call_transcripts,2026-01-14,2026-01,168,2026
call_transcripts,2026-01-15,2026-01,217,2026
call_transcripts,2026-01-16,2026-01,178,2026
call_transcripts,2026-01-17,2026-01,94,2026
call_transcripts,2026-01-18,2026-01,82,2026
call_transcripts,2026-01-19,2026-01,205,2026
call_transcripts,2026-01-20,2026-01,198,2026
call_transcripts,2026-01-21,2026-01,189,2026
call_transcripts,2026-01-22,2026-01,218,2026
call_transcripts,2026-01-23,2026-01,166,2026
call_transcripts,2026-01-24,2026-01,80,2026
call_transcripts,2026-01-25,2026-01,71,2026
call_transcripts,2026-01-26,2026-01,216,2026
call_transcripts,2026-01-27,2026-01,183,2026
call_transcripts,2026-01-28,2026-01,143,2026
call_transcripts,2026-01-29,2026-01,162,2026
call_transcripts,2026-01-30,2026-01,196,2026
call_transcripts,2026-01-31,2026-01,79,2026
call_transcripts,2026-02-01,2026-02,100,2026
call_transcripts,2026-02-02,2026-02,165,2026
call_transcripts,2026-02-03,2026-02,182,2026
call_transcripts,2026-02-04,2026-02,135,2026
call_transcripts,2026-02-05,2026-02,209,2026
call_transcripts,2026-02-06,2026-02,193,2026
call_transcripts,2026-02-07,2026-02,107,2026
call_transcripts,2026-02-08,2026-02,99,2026
call_transcripts,2026-02-09,2026-02,163,2026
call_transcripts,2026-02-10,2026-02,186,2026
call_transcripts,2026-02-11,2026-02,214,2026
call_transcripts,2026-02-12,2026-02,149,2026
call_transcripts,2026-02-13,2026-02,208,2026
call_transcripts,2026-02-14,2026-02,98,2026
call_transcripts,2026-02-15,2026-02,90,2026
call_transcripts,2026-02-16,2026-02,158,2026
call_transcripts,2026-02-17,2026-02,152,2026
call_transcripts,2026-02-18,2026-02,169,2026
call_transcripts,2026-02-19,2026-02,166,2026
call_transcripts,2026-02-20,2026-02,163,2026
call_transcripts,2026-02-21,2026-02,107,2026
call_transcripts,2026-02-22,2026-02,89,2026
call_transcripts,2026-02-23,2026-02,204,2026
call_transcripts,2026-02-24,2026-02,215,2026
call_transcripts,2026-02-25,2026-02,230,2026
call_transcripts,2026-02-26,2026-02,205,2026
call_transcripts,2026-02-27,2026-02,228,2026
call_transcripts,2026-02-28,2026-02,95,2026
call_transcripts,2026-03-01,2026-03,108,2026
call_transcripts,2026-03-02,2026-03,213,2026
call_transcripts,2026-03-03,2026-03,183,2026
call_transcripts,2026-03-04,2026-03,227,2026
call_transcripts,2026-03-05,2026-03,217,2026
call_transcripts,2026-03-06,2026-03,178,2026
call_transcripts,2026-03-07,2026-03,83,2026
call_transcripts,2026-03-08,2026-03,122,2026
call_transcripts,2026-03-09,2026-03,194,2026
call_transcripts,2026-03-10,2026-03,152,2026
call_transcripts,2026-03-11,2026-03,230,2026
call_transcripts,2026-03-12,2026-03,236,2026
call_transcripts,2026-03-13,2026-03,201,2026
call_transcripts,2026-03-14,2026-03,93,2026
call_transcripts,2026-03-15,2026-03,98,2026
call_transcripts,2026-03-16,2026-03,213,2026
call_transcripts,2026-03-17,2026-03,187,2026
call_transcripts,2026-03-18,2026-03,186,2026
call_transcripts,2026-03-19,2026-03,178,2026
call_transcripts,2026-03-20,2026-03,207,2026
call_transcripts,2026-03-21,2026-03,88,2026
call_transcripts,2026-03-22,2026-03,94,2026
call_transcripts,2026-03-23,2026-03,205,2026
call_transcripts,2026-03-24,2026-03,180,2026
call_transcripts,2026-03-25,2026-03,208,2026
call_transcripts,2026-03-26,2026-03,203,2026
call_transcripts,2026-03-27,2026-03,145,2026
call_transcripts,2026-03-28,2026-03,104,2026
call_transcripts,2026-03-29,2026-03,106,2026
call_transcripts,2026-03-30,2026-03,207,2026
call_transcripts,2026-03-31,2026-03,195,2026
call_transcripts,2026-04-01,2026-04,180,2026
call_transcripts,2026-04-02,2026-04,206,2026
call_transcripts,2026-04-03,2026-04,135,2026
call_transcripts,2026-04-04,2026-04,99,2026
call_transcripts,2026-04-05,2026-04,98,2026
call_transcripts,2026-04-06,2026-04,128,2026
call_transcripts,2026-04-07,2026-04,207,2026
call_transcripts,2026-04-08,2026-04,158,2026
call_transcripts,2026-04-09,2026-04,168,2026
call_transcripts,2026-04-10,2026-04,183,2026
call_transcripts,2026-04-11,2026-04,110,2026
call_transcripts,2026-04-12,2026-04,82,2026
call_transcripts,2026-04-13,2026-04,191,2026
call_transcripts,2026-04-14,2026-04,205,2026
call_transcripts,2026-04-15,2026-04,167,2026
call_transcripts,2026-04-16,2026-04,141,2026
call_transcripts,2026-04-17,2026-04,178,2026
call_transcripts,2026-04-18,2026-04,114,2026
call_transcripts,2026-04-19,2026-04,67,2026
call_transcripts,2026-04-20,2026-04,218,2026
call_transcripts,2026-04-21,2026-04,145,2026
call_transcripts,2026-04-22,2026-04,213,2026
call_transcripts,2026-04-23,2026-04,186,2026
call_transcripts,2026-04-24,2026-04,196,2026
call_transcripts,2026-04-25,2026-04,99,2026
call_transcripts,2026-04-26,2026-04,103,2026
call_transcripts,2026-04-27,2026-04,191,2026
call_transcripts,2026-04-28,2026-04,188,2026
call_transcripts,2026-04-29,2026-04,201,2026
call_transcripts,2026-04-30,2026-04,183,2026
call_transcripts,2026-05-01,2026-05,153,2026
call_transcripts,2026-05-02,2026-05,101,2026
call_transcripts,2026-05-03,2026-05,93,2026
call_transcripts,2026-05-04,2026-05,176,2026
call_transcripts,2026-05-05,2026-05,213,2026
call_transcripts,2026-05-06,2026-05,170,2026
call_transcripts,2026-05-07,2026-05,154,2026
call_transcripts,2026-05-08,2026-05,214,2026
call_transcripts,2026-05-09,2026-05,101,2026
call_transcripts,2026-05-10,2026-05,98,2026
call_transcripts,2026-05-11,2026-05,167,2026
call_transcripts,2026-05-12,2026-05,174,2026
call_transcripts,2026-05-13,2026-05,178,2026
call_transcripts,2026-05-14,2026-05,160,2026
call_transcripts,2026-05-15,2026-05,199,2026
call_transcripts,2026-05-16,2026-05,91,2026
call_transcripts,2026-05-17,2026-05,102,2026
call_transcripts,2026-05-18,2026-05,141,2026
call_transcripts,2026-05-19,2026-05,165,2026
call_transcripts,2026-05-20,2026-05,202,2026
call_transcripts,2026-05-21,2026-05,165,2026
call_transcripts,2026-05-22,2026-05,159,2026
call_transcripts,2026-05-23,2026-05,89,2026
call_transcripts,2026-05-24,2026-05,96,2026
call_transcripts,2026-05-25,2026-05,197,2026
call_transcripts,2026-05-26,2026-05,181,2026
call_transcripts,2026-05-27,2026-05,209,2026
call_transcripts,2026-05-28,2026-05,156,2026
call_transcripts,2026-05-29,2026-05,188,2026
call_transcripts,2026-05-30,2026-05,81,2026
call_transcripts,2026-05-31,2026-05,97,2026
call_transcripts,2026-06-01,2026-06,222,2026
call_transcripts,2026-06-02,2026-06,180,2026
call_transcripts,2026-06-03,2026-06,148,2026
call_transcripts,2026-06-04,2026-06,163,2026
call_transcripts,2026-06-05,2026-06,150,2026
call_transcripts,2026-06-06,2026-06,104,2026
call_transcripts,2026-06-07,2026-06,95,2026
call_transcripts,2026-06-08,2026-06,229,2026
call_transcripts,2026-06-09,2026-06,160,2026
call_transcripts,2026-06-10,2026-06,204,2026
call_transcripts,2026-06-11,2026-06,200,2026
call_transcripts,2026-06-12,2026-06,167,2026
call_transcripts,2026-06-13,2026-06,96,2026
call_transcripts,2026-06-14,2026-06,83,2026
call_transcripts,2026-06-15,2026-06,229,2026
call_transcripts,2026-06-16,2026-06,203,2026
call_transcripts,2026-06-17,2026-06,151,2026
campaign_sends,2023-07-01,2023-07,865,2023
campaign_sends,2023-07-02,2023-07,790,2023
campaign_sends,2023-07-03,2023-07,1149,2023
campaign_sends,2023-07-04,2023-07,1571,2023
campaign_sends,2023-07-05,2023-07,1329,2023
campaign_sends,2023-07-06,2023-07,1420,2023
campaign_sends,2023-07-07,2023-07,1548,2023
campaign_sends,2023-07-08,2023-07,1359,2023
campaign_sends,2023-07-09,2023-07,1294,2023
campaign_sends,2023-07-10,2023-07,1639,2023
campaign_sends,2023-07-11,2023-07,1893,2023
campaign_sends,2023-07-12,2023-07,1673,2023
campaign_sends,2023-07-13,2023-07,1795,2023
campaign_sends,2023-07-14,2023-07,1847,2023
campaign_sends,2023-07-15,2023-07,1284,2023
campaign_sends,2023-07-16,2023-07,1343,2023
campaign_sends,2023-07-17,2023-07,1920,2023
campaign_sends,2023-07-18,2023-07,1871,2023
campaign_sends,2023-07-19,2023-07,1605,2023
campaign_sends,2023-07-20,2023-07,1600,2023
campaign_sends,2023-07-21,2023-07,1608,2023
campaign_sends,2023-07-22,2023-07,1137,2023
campaign_sends,2023-07-23,2023-07,1194,2023
campaign_sends,2023-07-24,2023-07,1649,2023
campaign_sends,2023-07-25,2023-07,1487,2023
campaign_sends,2023-07-26,2023-07,1488,2023
campaign_sends,2023-07-27,2023-07,1637,2023
campaign_sends,2023-07-28,2023-07,1557,2023
campaign_sends,2023-07-29,2023-07,1309,2023
campaign_sends,2023-07-30,2023-07,1235,2023
campaign_sends,2023-07-31,2023-07,1528,2023
campaign_sends,2023-08-01,2023-08,1738,2023
campaign_sends,2023-08-02,2023-08,1956,2023
campaign_sends,2023-08-03,2023-08,1783,2023
campaign_sends,2023-08-04,2023-08,1761,2023
campaign_sends,2023-08-05,2023-08,1216,2023
campaign_sends,2023-08-06,2023-08,1275,2023
campaign_sends,2023-08-07,2023-08,1707,2023
campaign_sends,2023-08-08,2023-08,1965,2023
campaign_sends,2023-08-09,2023-08,1807,2023
campaign_sends,2023-08-10,2023-08,1623,2023
campaign_sends,2023-08-11,2023-08,1816,2023
campaign_sends,2023-08-12,2023-08,1320,2023
campaign_sends,2023-08-13,2023-08,1190,2023
campaign_sends,2023-08-14,2023-08,1810,2023
campaign_sends,2023-08-15,2023-08,1599,2023
campaign_sends,2023-08-16,2023-08,1559,2023
campaign_sends,2023-08-17,2023-08,1837,2023
campaign_sends,2023-08-18,2023-08,1864,2023
campaign_sends,2023-08-19,2023-08,1405,2023
campaign_sends,2023-08-20,2023-08,1352,2023
campaign_sends,2023-08-21,2023-08,1602,2023
campaign_sends,2023-08-22,2023-08,1923,2023
campaign_sends,2023-08-23,2023-08,1736,2023
campaign_sends,2023-08-24,2023-08,1954,2023
campaign_sends,2023-08-25,2023-08,1641,2023
campaign_sends,2023-08-26,2023-08,1382,2023
campaign_sends,2023-08-27,2023-08,1419,2023
campaign_sends,2023-08-28,2023-08,1650,2023
campaign_sends,2023-08-29,2023-08,1899,2023
campaign_sends,2023-08-30,2023-08,2034,2023
campaign_sends,2023-08-31,2023-08,1874,2023
campaign_sends,2023-09-01,2023-09,1915,2023
campaign_sends,2023-09-02,2023-09,1461,2023
campaign_sends,2023-09-03,2023-09,1183,2023
campaign_sends,2023-09-04,2023-09,1608,2023
campaign_sends,2023-09-05,2023-09,1699,2023
campaign_sends,2023-09-06,2023-09,1650,2023
campaign_sends,2023-09-07,2023-09,1681,2023
campaign_sends,2023-09-08,2023-09,1850,2023
campaign_sends,2023-09-09,2023-09,1115,2023
campaign_sends,2023-09-10,2023-09,1285,2023
campaign_sends,2023-09-11,2023-09,1814,2023
campaign_sends,2023-09-12,2023-09,1591,2023
campaign_sends,2023-09-13,2023-09,1670,2023
campaign_sends,2023-09-14,2023-09,1602,2023
campaign_sends,2023-09-15,2023-09,1645,2023
campaign_sends,2023-09-16,2023-09,1271,2023
campaign_sends,2023-09-17,2023-09,1359,2023
campaign_sends,2023-09-18,2023-09,1510,2023
campaign_sends,2023-09-19,2023-09,1518,2023
campaign_sends,2023-09-20,2023-09,1969,2023
campaign_sends,2023-09-21,2023-09,1993,2023
campaign_sends,2023-09-22,2023-09,1577,2023
campaign_sends,2023-09-23,2023-09,1343,2023
campaign_sends,2023-09-24,2023-09,1169,2023
campaign_sends,2023-09-25,2023-09,1499,2023
campaign_sends,2023-09-26,2023-09,1668,2023
campaign_sends,2023-09-27,2023-09,1852,2023
campaign_sends,2023-09-28,2023-09,1540,2023
campaign_sends,2023-09-29,2023-09,1826,2023
campaign_sends,2023-09-30,2023-09,1161,2023
campaign_sends,2023-10-01,2023-10,1134,2023
campaign_sends,2023-10-02,2023-10,1483,2023
campaign_sends,2023-10-03,2023-10,1878,2023
campaign_sends,2023-10-04,2023-10,1966,2023
campaign_sends,2023-10-05,2023-10,1934,2023
campaign_sends,2023-10-06,2023-10,1571,2023
campaign_sends,2023-10-07,2023-10,1331,2023
campaign_sends,2023-10-08,2023-10,1408,2023
campaign_sends,2023-10-09,2023-10,1749,2023
campaign_sends,2023-10-10,2023-10,1593,2023
campaign_sends,2023-10-11,2023-10,1947,2023
campaign_sends,2023-10-12,2023-10,1532,2023
campaign_sends,2023-10-13,2023-10,1857,2023
campaign_sends,2023-10-14,2023-10,1384,2023
campaign_sends,2023-10-15,2023-10,1379,2023
campaign_sends,2023-10-16,2023-10,1507,2023
campaign_sends,2023-10-17,2023-10,1631,2023
campaign_sends,2023-10-18,2023-10,2012,2023
campaign_sends,2023-10-19,2023-10,1791,2023
campaign_sends,2023-10-20,2023-10,1958,2023
campaign_sends,2023-10-21,2023-10,1133,2023
campaign_sends,2023-10-22,2023-10,1201,2023
campaign_sends,2023-10-23,2023-10,1756,2023
campaign_sends,2023-10-24,2023-10,1667,2023
campaign_sends,2023-10-25,2023-10,1855,2023
campaign_sends,2023-10-26,2023-10,1927,2023
campaign_sends,2023-10-27,2023-10,1655,2023
campaign_sends,2023-10-28,2023-10,1364,2023
campaign_sends,2023-10-29,2023-10,1179,2023
campaign_sends,2023-10-30,2023-10,1594,2023
campaign_sends,2023-10-31,2023-10,1500,2023
campaign_sends,2023-11-01,2023-11,1854,2023
campaign_sends,2023-11-02,2023-11,1757,2023
campaign_sends,2023-11-03,2023-11,1845,2023
campaign_sends,2023-11-04,2023-11,1282,2023
campaign_sends,2023-11-05,2023-11,1363,2023
campaign_sends,2023-11-06,2023-11,1682,2023
campaign_sends,2023-11-07,2023-11,1659,2023
campaign_sends,2023-11-08,2023-11,1513,2023
campaign_sends,2023-11-09,2023-11,1701,2023
campaign_sends,2023-11-10,2023-11,1852,2023
campaign_sends,2023-11-11,2023-11,1256,2023
campaign_sends,2023-11-12,2023-11,1322,2023
campaign_sends,2023-11-13,2023-11,1660,2023
campaign_sends,2023-11-14,2023-11,1856,2023
campaign_sends,2023-11-15,2023-11,1827,2023
campaign_sends,2023-11-16,2023-11,1640,2023
campaign_sends,2023-11-17,2023-11,1831,2023
campaign_sends,2023-11-18,2023-11,1393,2023
campaign_sends,2023-11-19,2023-11,1370,2023
campaign_sends,2023-11-20,2023-11,1813,2023
campaign_sends,2023-11-21,2023-11,1780,2023
campaign_sends,2023-11-22,2023-11,1946,2023
campaign_sends,2023-11-23,2023-11,1643,2023
campaign_sends,2023-11-24,2023-11,1707,2023
campaign_sends,2023-11-25,2023-11,1196,2023
campaign_sends,2023-11-26,2023-11,1382,2023
campaign_sends,2023-11-27,2023-11,1803,2023
campaign_sends,2023-11-28,2023-11,1887,2023
campaign_sends,2023-11-29,2023-11,1560,2023
campaign_sends,2023-11-30,2023-11,1856,2023
campaign_sends,2023-12-01,2023-12,2163,2023
campaign_sends,2023-12-02,2023-12,1364,2023
campaign_sends,2023-12-03,2023-12,1344,2023
campaign_sends,2023-12-04,2023-12,1692,2023
campaign_sends,2023-12-05,2023-12,1834,2023
campaign_sends,2023-12-06,2023-12,2044,2023
campaign_sends,2023-12-07,2023-12,2046,2023
campaign_sends,2023-12-08,2023-12,1909,2023
campaign_sends,2023-12-09,2023-12,1342,2023
campaign_sends,2023-12-10,2023-12,1130,2023
campaign_sends,2023-12-11,2023-12,1605,2023
campaign_sends,2023-12-12,2023-12,1987,2023
campaign_sends,2023-12-13,2023-12,1575,2023
campaign_sends,2023-12-14,2023-12,1463,2023
campaign_sends,2023-12-15,2023-12,1490,2023
campaign_sends,2023-12-16,2023-12,1122,2023
campaign_sends,2023-12-17,2023-12,1235,2023
campaign_sends,2023-12-18,2023-12,1892,2023
campaign_sends,2023-12-19,2023-12,1745,2023
campaign_sends,2023-12-20,2023-12,1669,2023
campaign_sends,2023-12-21,2023-12,1974,2023
campaign_sends,2023-12-22,2023-12,1683,2023
campaign_sends,2023-12-23,2023-12,1067,2023
campaign_sends,2023-12-24,2023-12,1217,2023
campaign_sends,2023-12-25,2023-12,1812,2023
campaign_sends,2023-12-26,2023-12,1810,2023
campaign_sends,2023-12-27,2023-12,1813,2023
campaign_sends,2023-12-28,2023-12,2088,2023
campaign_sends,2023-12-29,2023-12,1766,2023
campaign_sends,2023-12-30,2023-12,1373,2023
campaign_sends,2023-12-31,2023-12,1441,2023
campaign_sends,2024-01-01,2024-01,1636,2024
campaign_sends,2024-01-02,2024-01,2069,2024
campaign_sends,2024-01-03,2024-01,1741,2024
campaign_sends,2024-01-04,2024-01,1979,2024
campaign_sends,2024-01-05,2024-01,1874,2024
campaign_sends,2024-01-06,2024-01,1336,2024
campaign_sends,2024-01-07,2024-01,1135,2024
campaign_sends,2024-01-08,2024-01,1371,2024
campaign_sends,2024-01-09,2024-01,1807,2024
campaign_sends,2024-01-10,2024-01,1743,2024
campaign_sends,2024-01-11,2024-01,1959,2024
campaign_sends,2024-01-12,2024-01,1588,2024
campaign_sends,2024-01-13,2024-01,1150,2024
campaign_sends,2024-01-14,2024-01,1098,2024
campaign_sends,2024-01-15,2024-01,1508,2024
campaign_sends,2024-01-16,2024-01,1951,2024
campaign_sends,2024-01-17,2024-01,1640,2024
campaign_sends,2024-01-18,2024-01,1944,2024
campaign_sends,2024-01-19,2024-01,2026,2024
campaign_sends,2024-01-20,2024-01,1250,2024
campaign_sends,2024-01-21,2024-01,1162,2024
campaign_sends,2024-01-22,2024-01,1938,2024
campaign_sends,2024-01-23,2024-01,1841,2024
campaign_sends,2024-01-24,2024-01,1958,2024
campaign_sends,2024-01-25,2024-01,1723,2024
campaign_sends,2024-01-26,2024-01,1880,2024
campaign_sends,2024-01-27,2024-01,1090,2024
campaign_sends,2024-01-28,2024-01,1067,2024
campaign_sends,2024-01-29,2024-01,1748,2024
campaign_sends,2024-01-30,2024-01,1714,2024
campaign_sends,2024-01-31,2024-01,1776,2024
campaign_sends,2024-02-01,2024-02,1820,2024
campaign_sends,2024-02-02,2024-02,1960,2024
campaign_sends,2024-02-03,2024-02,1162,2024
campaign_sends,2024-02-04,2024-02,1096,2024
campaign_sends,2024-02-05,2024-02,1623,2024
campaign_sends,2024-02-06,2024-02,1907,2024
campaign_sends,2024-02-07,2024-02,1501,2024
campaign_sends,2024-02-08,2024-02,1956,2024
campaign_sends,2024-02-09,2024-02,1957,2024
campaign_sends,2024-02-10,2024-02,1121,2024
campaign_sends,2024-02-11,2024-02,1305,2024
campaign_sends,2024-02-12,2024-02,1922,2024
campaign_sends,2024-02-13,2024-02,1587,2024
campaign_sends,2024-02-14,2024-02,1776,2024
campaign_sends,2024-02-15,2024-02,2046,2024
campaign_sends,2024-02-16,2024-02,1847,2024
campaign_sends,2024-02-17,2024-02,1155,2024
campaign_sends,2024-02-18,2024-02,1390,2024
campaign_sends,2024-02-19,2024-02,1582,2024
campaign_sends,2024-02-20,2024-02,1842,2024
campaign_sends,2024-02-21,2024-02,1892,2024
campaign_sends,2024-02-22,2024-02,1836,2024
campaign_sends,2024-02-23,2024-02,1693,2024
campaign_sends,2024-02-24,2024-02,1189,2024
campaign_sends,2024-02-25,2024-02,1109,2024
campaign_sends,2024-02-26,2024-02,1660,2024
campaign_sends,2024-02-27,2024-02,1537,2024
campaign_sends,2024-02-28,2024-02,1925,2024
campaign_sends,2024-02-29,2024-02,1822,2024
campaign_sends,2024-03-01,2024-03,1784,2024
campaign_sends,2024-03-02,2024-03,1338,2024
campaign_sends,2024-03-03,2024-03,1089,2024
campaign_sends,2024-03-04,2024-03,1884,2024
campaign_sends,2024-03-05,2024-03,1969,2024
campaign_sends,2024-03-06,2024-03,1545,2024
campaign_sends,2024-03-07,2024-03,1751,2024
campaign_sends,2024-03-08,2024-03,1901,2024
campaign_sends,2024-03-09,2024-03,1349,2024
campaign_sends,2024-03-10,2024-03,1297,2024
campaign_sends,2024-03-11,2024-03,1828,2024
campaign_sends,2024-03-12,2024-03,1615,2024
campaign_sends,2024-03-13,2024-03,1804,2024
campaign_sends,2024-03-14,2024-03,1774,2024
campaign_sends,2024-03-15,2024-03,1624,2024
campaign_sends,2024-03-16,2024-03,1338,2024
campaign_sends,2024-03-17,2024-03,1136,2024
campaign_sends,2024-03-18,2024-03,1786,2024
campaign_sends,2024-03-19,2024-03,1598,2024
campaign_sends,2024-03-20,2024-03,1495,2024
campaign_sends,2024-03-21,2024-03,1824,2024
campaign_sends,2024-03-22,2024-03,1522,2024
campaign_sends,2024-03-23,2024-03,1114,2024
campaign_sends,2024-03-24,2024-03,1274,2024
campaign_sends,2024-03-25,2024-03,1813,2024
campaign_sends,2024-03-26,2024-03,1691,2024
campaign_sends,2024-03-27,2024-03,1691,2024
campaign_sends,2024-03-28,2024-03,1673,2024
campaign_sends,2024-03-29,2024-03,1641,2024
campaign_sends,2024-03-30,2024-03,1149,2024
campaign_sends,2024-03-31,2024-03,1163,2024
campaign_sends,2024-04-01,2024-04,1822,2024
campaign_sends,2024-04-02,2024-04,1875,2024
campaign_sends,2024-04-03,2024-04,2021,2024
campaign_sends,2024-04-04,2024-04,1832,2024
campaign_sends,2024-04-05,2024-04,1870,2024
campaign_sends,2024-04-06,2024-04,1128,2024
campaign_sends,2024-04-07,2024-04,1408,2024
campaign_sends,2024-04-08,2024-04,1592,2024
campaign_sends,2024-04-09,2024-04,1511,2024
campaign_sends,2024-04-10,2024-04,1867,2024
campaign_sends,2024-04-11,2024-04,1810,2024
campaign_sends,2024-04-12,2024-04,1967,2024
campaign_sends,2024-04-13,2024-04,1414,2024
campaign_sends,2024-04-14,2024-04,1264,2024
campaign_sends,2024-04-15,2024-04,1565,2024
campaign_sends,2024-04-16,2024-04,1770,2024
campaign_sends,2024-04-17,2024-04,1700,2024
campaign_sends,2024-04-18,2024-04,1720,2024
campaign_sends,2024-04-19,2024-04,1618,2024
campaign_sends,2024-04-20,2024-04,1299,2024
campaign_sends,2024-04-21,2024-04,1354,2024
campaign_sends,2024-04-22,2024-04,1890,2024
campaign_sends,2024-04-23,2024-04,1769,2024
campaign_sends,2024-04-24,2024-04,1788,2024
campaign_sends,2024-04-25,2024-04,1679,2024
campaign_sends,2024-04-26,2024-04,1619,2024
campaign_sends,2024-04-27,2024-04,1233,2024
campaign_sends,2024-04-28,2024-04,1289,2024
campaign_sends,2024-04-29,2024-04,1885,2024
campaign_sends,2024-04-30,2024-04,1689,2024
campaign_sends,2024-05-01,2024-05,1790,2024
campaign_sends,2024-05-02,2024-05,1790,2024
campaign_sends,2024-05-03,2024-05,1668,2024
campaign_sends,2024-05-04,2024-05,1096,2024
campaign_sends,2024-05-05,2024-05,1230,2024
campaign_sends,2024-05-06,2024-05,1878,2024
campaign_sends,2024-05-07,2024-05,1715,2024
campaign_sends,2024-05-08,2024-05,1974,2024
campaign_sends,2024-05-09,2024-05,1752,2024
campaign_sends,2024-05-10,2024-05,1851,2024
campaign_sends,2024-05-11,2024-05,1349,2024
campaign_sends,2024-05-12,2024-05,1438,2024
campaign_sends,2024-05-13,2024-05,2015,2024
campaign_sends,2024-05-14,2024-05,1865,2024
campaign_sends,2024-05-15,2024-05,1819,2024
campaign_sends,2024-05-16,2024-05,1664,2024
campaign_sends,2024-05-17,2024-05,1852,2024
campaign_sends,2024-05-18,2024-05,1185,2024
campaign_sends,2024-05-19,2024-05,1128,2024
campaign_sends,2024-05-20,2024-05,1845,2024
campaign_sends,2024-05-21,2024-05,1666,2024
campaign_sends,2024-05-22,2024-05,1986,2024
campaign_sends,2024-05-23,2024-05,1770,2024
campaign_sends,2024-05-24,2024-05,1980,2024
campaign_sends,2024-05-25,2024-05,1119,2024
campaign_sends,2024-05-26,2024-05,1227,2024
campaign_sends,2024-05-27,2024-05,1981,2024
campaign_sends,2024-05-28,2024-05,1554,2024
campaign_sends,2024-05-29,2024-05,1570,2024
campaign_sends,2024-05-30,2024-05,2020,2024
campaign_sends,2024-05-31,2024-05,1698,2024
campaign_sends,2024-06-01,2024-06,1072,2024
campaign_sends,2024-06-02,2024-06,1366,2024
campaign_sends,2024-06-03,2024-06,1588,2024
campaign_sends,2024-06-04,2024-06,1902,2024
campaign_sends,2024-06-05,2024-06,1795,2024
campaign_sends,2024-06-06,2024-06,1676,2024
campaign_sends,2024-06-07,2024-06,1813,2024
campaign_sends,2024-06-08,2024-06,1366,2024
campaign_sends,2024-06-09,2024-06,1184,2024
campaign_sends,2024-06-10,2024-06,1511,2024
campaign_sends,2024-06-11,2024-06,1639,2024
campaign_sends,2024-06-12,2024-06,1872,2024
campaign_sends,2024-06-13,2024-06,1585,2024
campaign_sends,2024-06-14,2024-06,1799,2024
campaign_sends,2024-06-15,2024-06,1118,2024
campaign_sends,2024-06-16,2024-06,1235,2024
campaign_sends,2024-06-17,2024-06,1663,2024
campaign_sends,2024-06-18,2024-06,1530,2024
campaign_sends,2024-06-19,2024-06,1673,2024
campaign_sends,2024-06-20,2024-06,1748,2024
campaign_sends,2024-06-21,2024-06,1823,2024
campaign_sends,2024-06-22,2024-06,1136,2024
campaign_sends,2024-06-23,2024-06,1171,2024
campaign_sends,2024-06-24,2024-06,1580,2024
campaign_sends,2024-06-25,2024-06,1976,2024
campaign_sends,2024-06-26,2024-06,1948,2024
campaign_sends,2024-06-27,2024-06,1721,2024
campaign_sends,2024-06-28,2024-06,1851,2024
campaign_sends,2024-06-29,2024-06,1425,2024
campaign_sends,2024-06-30,2024-06,1328,2024
campaign_sends,2024-07-01,2024-07,1840,2024
campaign_sends,2024-07-02,2024-07,1846,2024
campaign_sends,2024-07-03,2024-07,1717,2024
campaign_sends,2024-07-04,2024-07,1836,2024
campaign_sends,2024-07-05,2024-07,1973,2024
campaign_sends,2024-07-06,2024-07,1358,2024
campaign_sends,2024-07-07,2024-07,1346,2024
campaign_sends,2024-07-08,2024-07,1950,2024
campaign_sends,2024-07-09,2024-07,1826,2024
campaign_sends,2024-07-10,2024-07,2021,2024
campaign_sends,2024-07-11,2024-07,2062,2024
campaign_sends,2024-07-12,2024-07,1992,2024
campaign_sends,2024-07-13,2024-07,1220,2024
campaign_sends,2024-07-14,2024-07,1240,2024
campaign_sends,2024-07-15,2024-07,1669,2024
campaign_sends,2024-07-16,2024-07,1970,2024
campaign_sends,2024-07-17,2024-07,1774,2024
campaign_sends,2024-07-18,2024-07,1682,2024
campaign_sends,2024-07-19,2024-07,1844,2024
campaign_sends,2024-07-20,2024-07,1413,2024
campaign_sends,2024-07-21,2024-07,1346,2024
campaign_sends,2024-07-22,2024-07,1665,2024
campaign_sends,2024-07-23,2024-07,1841,2024
campaign_sends,2024-07-24,2024-07,1690,2024
campaign_sends,2024-07-25,2024-07,1727,2024
campaign_sends,2024-07-26,2024-07,1718,2024
campaign_sends,2024-07-27,2024-07,1193,2024
campaign_sends,2024-07-28,2024-07,1263,2024
campaign_sends,2024-07-29,2024-07,1899,2024
campaign_sends,2024-07-30,2024-07,2064,2024
campaign_sends,2024-07-31,2024-07,1649,2024
campaign_sends,2024-08-01,2024-08,1632,2024
campaign_sends,2024-08-02,2024-08,1558,2024
campaign_sends,2024-08-03,2024-08,1075,2024
campaign_sends,2024-08-04,2024-08,1065,2024
campaign_sends,2024-08-05,2024-08,1590,2024
campaign_sends,2024-08-06,2024-08,1800,2024
campaign_sends,2024-08-07,2024-08,1491,2024
campaign_sends,2024-08-08,2024-08,1811,2024
campaign_sends,2024-08-09,2024-08,1501,2024
campaign_sends,2024-08-10,2024-08,1248,2024
campaign_sends,2024-08-11,2024-08,1175,2024
campaign_sends,2024-08-12,2024-08,1670,2024
campaign_sends,2024-08-13,2024-08,1556,2024
campaign_sends,2024-08-14,2024-08,1921,2024
campaign_sends,2024-08-15,2024-08,2016,2024
campaign_sends,2024-08-16,2024-08,1607,2024
campaign_sends,2024-08-17,2024-08,1140,2024
campaign_sends,2024-08-18,2024-08,1319,2024
campaign_sends,2024-08-19,2024-08,2055,2024
campaign_sends,2024-08-20,2024-08,1829,2024
campaign_sends,2024-08-21,2024-08,1647,2024
campaign_sends,2024-08-22,2024-08,1709,2024
campaign_sends,2024-08-23,2024-08,1826,2024
campaign_sends,2024-08-24,2024-08,1116,2024
campaign_sends,2024-08-25,2024-08,1192,2024
campaign_sends,2024-08-26,2024-08,1574,2024
campaign_sends,2024-08-27,2024-08,1847,2024
campaign_sends,2024-08-28,2024-08,1944,2024
campaign_sends,2024-08-29,2024-08,1854,2024
campaign_sends,2024-08-30,2024-08,1719,2024
campaign_sends,2024-08-31,2024-08,1196,2024
campaign_sends,2024-09-01,2024-09,1178,2024
campaign_sends,2024-09-02,2024-09,2023,2024
campaign_sends,2024-09-03,2024-09,1580,2024
campaign_sends,2024-09-04,2024-09,1660,2024
campaign_sends,2024-09-05,2024-09,1586,2024
campaign_sends,2024-09-06,2024-09,1889,2024
campaign_sends,2024-09-07,2024-09,1145,2024
campaign_sends,2024-09-08,2024-09,1288,2024
campaign_sends,2024-09-09,2024-09,2061,2024
campaign_sends,2024-09-10,2024-09,1856,2024
campaign_sends,2024-09-11,2024-09,1761,2024
campaign_sends,2024-09-12,2024-09,1771,2024
campaign_sends,2024-09-13,2024-09,1742,2024
campaign_sends,2024-09-14,2024-09,1095,2024
campaign_sends,2024-09-15,2024-09,1294,2024
campaign_sends,2024-09-16,2024-09,1898,2024
campaign_sends,2024-09-17,2024-09,1592,2024
campaign_sends,2024-09-18,2024-09,1897,2024
campaign_sends,2024-09-19,2024-09,1919,2024
campaign_sends,2024-09-20,2024-09,1546,2024
campaign_sends,2024-09-21,2024-09,1142,2024
campaign_sends,2024-09-22,2024-09,1315,2024
campaign_sends,2024-09-23,2024-09,1675,2024
campaign_sends,2024-09-24,2024-09,1725,2024
campaign_sends,2024-09-25,2024-09,1651,2024
campaign_sends,2024-09-26,2024-09,1818,2024
campaign_sends,2024-09-27,2024-09,1661,2024
campaign_sends,2024-09-28,2024-09,1297,2024
campaign_sends,2024-09-29,2024-09,1084,2024
campaign_sends,2024-09-30,2024-09,1460,2024
campaign_sends,2024-10-01,2024-10,1586,2024
campaign_sends,2024-10-02,2024-10,1859,2024
campaign_sends,2024-10-03,2024-10,1572,2024
campaign_sends,2024-10-04,2024-10,1513,2024
campaign_sends,2024-10-05,2024-10,1156,2024
campaign_sends,2024-10-06,2024-10,1050,2024
campaign_sends,2024-10-07,2024-10,1517,2024
campaign_sends,2024-10-08,2024-10,1601,2024
campaign_sends,2024-10-09,2024-10,1850,2024
campaign_sends,2024-10-10,2024-10,1943,2024
campaign_sends,2024-10-11,2024-10,1644,2024
campaign_sends,2024-10-12,2024-10,1131,2024
campaign_sends,2024-10-13,2024-10,1357,2024
campaign_sends,2024-10-14,2024-10,1651,2024
campaign_sends,2024-10-15,2024-10,1653,2024
campaign_sends,2024-10-16,2024-10,1755,2024
campaign_sends,2024-10-17,2024-10,1806,2024
campaign_sends,2024-10-18,2024-10,1919,2024
campaign_sends,2024-10-19,2024-10,1344,2024
campaign_sends,2024-10-20,2024-10,1321,2024
campaign_sends,2024-10-21,2024-10,1947,2024
campaign_sends,2024-10-22,2024-10,1676,2024
campaign_sends,2024-10-23,2024-10,1610,2024
campaign_sends,2024-10-24,2024-10,1806,2024
campaign_sends,2024-10-25,2024-10,1867,2024
campaign_sends,2024-10-26,2024-10,1338,2024
campaign_sends,2024-10-27,2024-10,1336,2024
campaign_sends,2024-10-28,2024-10,1823,2024
campaign_sends,2024-10-29,2024-10,1926,2024
campaign_sends,2024-10-30,2024-10,1912,2024
campaign_sends,2024-10-31,2024-10,1573,2024
campaign_sends,2024-11-01,2024-11,1948,2024
campaign_sends,2024-11-02,2024-11,1099,2024
campaign_sends,2024-11-03,2024-11,1357,2024
campaign_sends,2024-11-04,2024-11,1616,2024
campaign_sends,2024-11-05,2024-11,1769,2024
campaign_sends,2024-11-06,2024-11,1944,2024
campaign_sends,2024-11-07,2024-11,1604,2024
campaign_sends,2024-11-08,2024-11,1981,2024
campaign_sends,2024-11-09,2024-11,1320,2024
campaign_sends,2024-11-10,2024-11,1272,2024
campaign_sends,2024-11-11,2024-11,1931,2024
campaign_sends,2024-11-12,2024-11,1773,2024
campaign_sends,2024-11-13,2024-11,1933,2024
campaign_sends,2024-11-14,2024-11,2051,2024
campaign_sends,2024-11-15,2024-11,1843,2024
campaign_sends,2024-11-16,2024-11,1080,2024
campaign_sends,2024-11-17,2024-11,1070,2024
campaign_sends,2024-11-18,2024-11,1909,2024
campaign_sends,2024-11-19,2024-11,1983,2024
campaign_sends,2024-11-20,2024-11,1793,2024
campaign_sends,2024-11-21,2024-11,1735,2024
campaign_sends,2024-11-22,2024-11,1488,2024
campaign_sends,2024-11-23,2024-11,1120,2024
campaign_sends,2024-11-24,2024-11,1274,2024
campaign_sends,2024-11-25,2024-11,1525,2024
campaign_sends,2024-11-26,2024-11,1532,2024
campaign_sends,2024-11-27,2024-11,1691,2024
campaign_sends,2024-11-28,2024-11,1705,2024
campaign_sends,2024-11-29,2024-11,1663,2024
campaign_sends,2024-11-30,2024-11,1358,2024
campaign_sends,2024-12-01,2024-12,1203,2024
campaign_sends,2024-12-02,2024-12,1985,2024
campaign_sends,2024-12-03,2024-12,1971,2024
campaign_sends,2024-12-04,2024-12,1601,2024
campaign_sends,2024-12-05,2024-12,1765,2024
campaign_sends,2024-12-06,2024-12,1717,2024
campaign_sends,2024-12-07,2024-12,1317,2024
campaign_sends,2024-12-08,2024-12,1161,2024
campaign_sends,2024-12-09,2024-12,2019,2024
campaign_sends,2024-12-10,2024-12,1654,2024
campaign_sends,2024-12-11,2024-12,1886,2024
campaign_sends,2024-12-12,2024-12,1849,2024
campaign_sends,2024-12-13,2024-12,1623,2024
campaign_sends,2024-12-14,2024-12,1244,2024
campaign_sends,2024-12-15,2024-12,1189,2024
campaign_sends,2024-12-16,2024-12,1883,2024
campaign_sends,2024-12-17,2024-12,1798,2024
campaign_sends,2024-12-18,2024-12,1696,2024
campaign_sends,2024-12-19,2024-12,1609,2024
campaign_sends,2024-12-20,2024-12,1799,2024
campaign_sends,2024-12-21,2024-12,1145,2024
campaign_sends,2024-12-22,2024-12,1067,2024
campaign_sends,2024-12-23,2024-12,1909,2024
campaign_sends,2024-12-24,2024-12,1667,2024
campaign_sends,2024-12-25,2024-12,1558,2024
campaign_sends,2024-12-26,2024-12,1700,2024
campaign_sends,2024-12-27,2024-12,1583,2024
campaign_sends,2024-12-28,2024-12,1289,2024
campaign_sends,2024-12-29,2024-12,1397,2024
campaign_sends,2024-12-30,2024-12,1608,2024
campaign_sends,2024-12-31,2024-12,1618,2024
campaign_sends,2025-01-01,2025-01,1780,2025
campaign_sends,2025-01-02,2025-01,1650,2025
campaign_sends,2025-01-03,2025-01,1785,2025
campaign_sends,2025-01-04,2025-01,1283,2025
campaign_sends,2025-01-05,2025-01,1123,2025
campaign_sends,2025-01-06,2025-01,1819,2025
campaign_sends,2025-01-07,2025-01,1652,2025
campaign_sends,2025-01-08,2025-01,1758,2025
campaign_sends,2025-01-09,2025-01,1620,2025
campaign_sends,2025-01-10,2025-01,1662,2025
campaign_sends,2025-01-11,2025-01,1343,2025
campaign_sends,2025-01-12,2025-01,1277,2025
campaign_sends,2025-01-13,2025-01,1839,2025
campaign_sends,2025-01-14,2025-01,1773,2025
campaign_sends,2025-01-15,2025-01,1567,2025
campaign_sends,2025-01-16,2025-01,1726,2025
campaign_sends,2025-01-17,2025-01,1594,2025
campaign_sends,2025-01-18,2025-01,1202,2025
campaign_sends,2025-01-19,2025-01,1436,2025
campaign_sends,2025-01-20,2025-01,1775,2025
campaign_sends,2025-01-21,2025-01,1554,2025
campaign_sends,2025-01-22,2025-01,1795,2025
campaign_sends,2025-01-23,2025-01,1793,2025
campaign_sends,2025-01-24,2025-01,1941,2025
campaign_sends,2025-01-25,2025-01,1095,2025
campaign_sends,2025-01-26,2025-01,1109,2025
campaign_sends,2025-01-27,2025-01,1936,2025
campaign_sends,2025-01-28,2025-01,1973,2025
campaign_sends,2025-01-29,2025-01,1733,2025
campaign_sends,2025-01-30,2025-01,1913,2025
campaign_sends,2025-01-31,2025-01,1789,2025
campaign_sends,2025-02-01,2025-02,1085,2025
campaign_sends,2025-02-02,2025-02,1131,2025
campaign_sends,2025-02-03,2025-02,1841,2025
campaign_sends,2025-02-04,2025-02,1763,2025
campaign_sends,2025-02-05,2025-02,1835,2025
campaign_sends,2025-02-06,2025-02,1748,2025
campaign_sends,2025-02-07,2025-02,1814,2025
campaign_sends,2025-02-08,2025-02,1330,2025
campaign_sends,2025-02-09,2025-02,1211,2025
campaign_sends,2025-02-10,2025-02,2056,2025
campaign_sends,2025-02-11,2025-02,1816,2025
campaign_sends,2025-02-12,2025-02,1538,2025
campaign_sends,2025-02-13,2025-02,1560,2025
campaign_sends,2025-02-14,2025-02,1871,2025
campaign_sends,2025-02-15,2025-02,1181,2025
campaign_sends,2025-02-16,2025-02,1237,2025
campaign_sends,2025-02-17,2025-02,1644,2025
campaign_sends,2025-02-18,2025-02,1660,2025
campaign_sends,2025-02-19,2025-02,2093,2025
campaign_sends,2025-02-20,2025-02,1658,2025
campaign_sends,2025-02-21,2025-02,2041,2025
campaign_sends,2025-02-22,2025-02,1300,2025
campaign_sends,2025-02-23,2025-02,1300,2025
campaign_sends,2025-02-24,2025-02,1892,2025
campaign_sends,2025-02-25,2025-02,1426,2025
campaign_sends,2025-02-26,2025-02,1498,2025
campaign_sends,2025-02-27,2025-02,1745,2025
campaign_sends,2025-02-28,2025-02,1453,2025
campaign_sends,2025-03-01,2025-03,1050,2025
campaign_sends,2025-03-02,2025-03,1293,2025
campaign_sends,2025-03-03,2025-03,1827,2025
campaign_sends,2025-03-04,2025-03,1683,2025
campaign_sends,2025-03-05,2025-03,1847,2025
campaign_sends,2025-03-06,2025-03,1939,2025
campaign_sends,2025-03-07,2025-03,1639,2025
campaign_sends,2025-03-08,2025-03,1170,2025
campaign_sends,2025-03-09,2025-03,1369,2025
campaign_sends,2025-03-10,2025-03,1703,2025
campaign_sends,2025-03-11,2025-03,1693,2025
campaign_sends,2025-03-12,2025-03,1950,2025
campaign_sends,2025-03-13,2025-03,2013,2025
campaign_sends,2025-03-14,2025-03,1523,2025
campaign_sends,2025-03-15,2025-03,1239,2025
campaign_sends,2025-03-16,2025-03,1303,2025
campaign_sends,2025-03-17,2025-03,1580,2025
campaign_sends,2025-03-18,2025-03,1800,2025
campaign_sends,2025-03-19,2025-03,1864,2025
campaign_sends,2025-03-20,2025-03,1533,2025
campaign_sends,2025-03-21,2025-03,1615,2025
campaign_sends,2025-03-22,2025-03,1311,2025
campaign_sends,2025-03-23,2025-03,1197,2025
campaign_sends,2025-03-24,2025-03,1963,2025
campaign_sends,2025-03-25,2025-03,1804,2025
campaign_sends,2025-03-26,2025-03,1644,2025
campaign_sends,2025-03-27,2025-03,1684,2025
campaign_sends,2025-03-28,2025-03,1595,2025
campaign_sends,2025-03-29,2025-03,1357,2025
campaign_sends,2025-03-30,2025-03,1376,2025
campaign_sends,2025-03-31,2025-03,1689,2025
campaign_sends,2025-04-01,2025-04,1616,2025
campaign_sends,2025-04-02,2025-04,1741,2025
campaign_sends,2025-04-03,2025-04,1633,2025
campaign_sends,2025-04-04,2025-04,1841,2025
campaign_sends,2025-04-05,2025-04,1265,2025
campaign_sends,2025-04-06,2025-04,1104,2025
campaign_sends,2025-04-07,2025-04,1856,2025
campaign_sends,2025-04-08,2025-04,1831,2025
campaign_sends,2025-04-09,2025-04,1889,2025
campaign_sends,2025-04-10,2025-04,1988,2025
campaign_sends,2025-04-11,2025-04,1642,2025
campaign_sends,2025-04-12,2025-04,1102,2025
campaign_sends,2025-04-13,2025-04,1205,2025
campaign_sends,2025-04-14,2025-04,1651,2025
campaign_sends,2025-04-15,2025-04,1659,2025
campaign_sends,2025-04-16,2025-04,1563,2025
campaign_sends,2025-04-17,2025-04,1837,2025
campaign_sends,2025-04-18,2025-04,1537,2025
campaign_sends,2025-04-19,2025-04,1142,2025
campaign_sends,2025-04-20,2025-04,1293,2025
campaign_sends,2025-04-21,2025-04,1781,2025
campaign_sends,2025-04-22,2025-04,1977,2025
campaign_sends,2025-04-23,2025-04,1777,2025
campaign_sends,2025-04-24,2025-04,1965,2025
campaign_sends,2025-04-25,2025-04,1972,2025
campaign_sends,2025-04-26,2025-04,1336,2025
campaign_sends,2025-04-27,2025-04,1330,2025
campaign_sends,2025-04-28,2025-04,1615,2025
campaign_sends,2025-04-29,2025-04,1995,2025
campaign_sends,2025-04-30,2025-04,1637,2025
campaign_sends,2025-05-01,2025-05,1644,2025
campaign_sends,2025-05-02,2025-05,1737,2025
campaign_sends,2025-05-03,2025-05,1202,2025
campaign_sends,2025-05-04,2025-05,1153,2025
campaign_sends,2025-05-05,2025-05,1824,2025
campaign_sends,2025-05-06,2025-05,1545,2025
campaign_sends,2025-05-07,2025-05,1778,2025
campaign_sends,2025-05-08,2025-05,1700,2025
campaign_sends,2025-05-09,2025-05,1562,2025
campaign_sends,2025-05-10,2025-05,1263,2025
campaign_sends,2025-05-11,2025-05,1299,2025
campaign_sends,2025-05-12,2025-05,1679,2025
campaign_sends,2025-05-13,2025-05,1994,2025
campaign_sends,2025-05-14,2025-05,1889,2025
campaign_sends,2025-05-15,2025-05,1539,2025
campaign_sends,2025-05-16,2025-05,1626,2025
campaign_sends,2025-05-17,2025-05,1118,2025
campaign_sends,2025-05-18,2025-05,1094,2025
campaign_sends,2025-05-19,2025-05,1986,2025
campaign_sends,2025-05-20,2025-05,1839,2025
campaign_sends,2025-05-21,2025-05,1752,2025
campaign_sends,2025-05-22,2025-05,2002,2025
campaign_sends,2025-05-23,2025-05,1601,2025
campaign_sends,2025-05-24,2025-05,1284,2025
campaign_sends,2025-05-25,2025-05,1332,2025
campaign_sends,2025-05-26,2025-05,1493,2025
campaign_sends,2025-05-27,2025-05,1537,2025
campaign_sends,2025-05-28,2025-05,2006,2025
campaign_sends,2025-05-29,2025-05,1613,2025
campaign_sends,2025-05-30,2025-05,1936,2025
campaign_sends,2025-05-31,2025-05,1055,2025
campaign_sends,2025-06-01,2025-06,1260,2025
campaign_sends,2025-06-02,2025-06,1907,2025
campaign_sends,2025-06-03,2025-06,1933,2025
campaign_sends,2025-06-04,2025-06,2059,2025
campaign_sends,2025-06-05,2025-06,1832,2025
campaign_sends,2025-06-06,2025-06,1631,2025
campaign_sends,2025-06-07,2025-06,1170,2025
campaign_sends,2025-06-08,2025-06,1058,2025
campaign_sends,2025-06-09,2025-06,1889,2025
campaign_sends,2025-06-10,2025-06,1553,2025
campaign_sends,2025-06-11,2025-06,1494,2025
campaign_sends,2025-06-12,2025-06,1765,2025
campaign_sends,2025-06-13,2025-06,1771,2025
campaign_sends,2025-06-14,2025-06,1200,2025
campaign_sends,2025-06-15,2025-06,1227,2025
campaign_sends,2025-06-16,2025-06,1498,2025
campaign_sends,2025-06-17,2025-06,1705,2025
campaign_sends,2025-06-18,2025-06,1692,2025
campaign_sends,2025-06-19,2025-06,1675,2025
campaign_sends,2025-06-20,2025-06,1871,2025
campaign_sends,2025-06-21,2025-06,1076,2025
campaign_sends,2025-06-22,2025-06,1180,2025
campaign_sends,2025-06-23,2025-06,2096,2025
campaign_sends,2025-06-24,2025-06,1874,2025
campaign_sends,2025-06-25,2025-06,1921,2025
campaign_sends,2025-06-26,2025-06,1571,2025
campaign_sends,2025-06-27,2025-06,1591,2025
campaign_sends,2025-06-28,2025-06,1368,2025
campaign_sends,2025-06-29,2025-06,1329,2025
campaign_sends,2025-06-30,2025-06,1810,2025
campaign_sends,2025-07-01,2025-07,1708,2025
campaign_sends,2025-07-02,2025-07,1931,2025
campaign_sends,2025-07-03,2025-07,1557,2025
campaign_sends,2025-07-04,2025-07,2005,2025
campaign_sends,2025-07-05,2025-07,1149,2025
campaign_sends,2025-07-06,2025-07,1131,2025
campaign_sends,2025-07-07,2025-07,1731,2025
campaign_sends,2025-07-08,2025-07,2019,2025
campaign_sends,2025-07-09,2025-07,1595,2025
campaign_sends,2025-07-10,2025-07,1702,2025
campaign_sends,2025-07-11,2025-07,1682,2025
campaign_sends,2025-07-12,2025-07,1227,2025
campaign_sends,2025-07-13,2025-07,1163,2025
campaign_sends,2025-07-14,2025-07,1841,2025
campaign_sends,2025-07-15,2025-07,1879,2025
campaign_sends,2025-07-16,2025-07,1812,2025
campaign_sends,2025-07-17,2025-07,1853,2025
campaign_sends,2025-07-18,2025-07,2134,2025
campaign_sends,2025-07-19,2025-07,1135,2025
campaign_sends,2025-07-20,2025-07,1366,2025
campaign_sends,2025-07-21,2025-07,1513,2025
campaign_sends,2025-07-22,2025-07,1619,2025
campaign_sends,2025-07-23,2025-07,1721,2025
campaign_sends,2025-07-24,2025-07,1566,2025
campaign_sends,2025-07-25,2025-07,1569,2025
campaign_sends,2025-07-26,2025-07,1299,2025
campaign_sends,2025-07-27,2025-07,1026,2025
campaign_sends,2025-07-28,2025-07,1734,2025
campaign_sends,2025-07-29,2025-07,1718,2025
campaign_sends,2025-07-30,2025-07,1972,2025
campaign_sends,2025-07-31,2025-07,2015,2025
campaign_sends,2025-08-01,2025-08,1741,2025
campaign_sends,2025-08-02,2025-08,1027,2025
campaign_sends,2025-08-03,2025-08,1311,2025
campaign_sends,2025-08-04,2025-08,1689,2025
campaign_sends,2025-08-05,2025-08,1962,2025
campaign_sends,2025-08-06,2025-08,1606,2025
campaign_sends,2025-08-07,2025-08,1981,2025
campaign_sends,2025-08-08,2025-08,1710,2025
campaign_sends,2025-08-09,2025-08,1217,2025
campaign_sends,2025-08-10,2025-08,1270,2025
campaign_sends,2025-08-11,2025-08,2029,2025
campaign_sends,2025-08-12,2025-08,1658,2025
campaign_sends,2025-08-13,2025-08,1851,2025
campaign_sends,2025-08-14,2025-08,1563,2025
campaign_sends,2025-08-15,2025-08,1738,2025
campaign_sends,2025-08-16,2025-08,1183,2025
campaign_sends,2025-08-17,2025-08,1106,2025
campaign_sends,2025-08-18,2025-08,1785,2025
campaign_sends,2025-08-19,2025-08,1576,2025
campaign_sends,2025-08-20,2025-08,1990,2025
campaign_sends,2025-08-21,2025-08,1768,2025
campaign_sends,2025-08-22,2025-08,1904,2025
campaign_sends,2025-08-23,2025-08,1277,2025
campaign_sends,2025-08-24,2025-08,1303,2025
campaign_sends,2025-08-25,2025-08,1789,2025
campaign_sends,2025-08-26,2025-08,1526,2025
campaign_sends,2025-08-27,2025-08,1881,2025
campaign_sends,2025-08-28,2025-08,1914,2025
campaign_sends,2025-08-29,2025-08,1725,2025
campaign_sends,2025-08-30,2025-08,1124,2025
campaign_sends,2025-08-31,2025-08,1219,2025
campaign_sends,2025-09-01,2025-09,2042,2025
campaign_sends,2025-09-02,2025-09,1921,2025
campaign_sends,2025-09-03,2025-09,1559,2025
campaign_sends,2025-09-04,2025-09,1713,2025
campaign_sends,2025-09-05,2025-09,1634,2025
campaign_sends,2025-09-06,2025-09,1191,2025
campaign_sends,2025-09-07,2025-09,1320,2025
campaign_sends,2025-09-08,2025-09,1751,2025
campaign_sends,2025-09-09,2025-09,1670,2025
campaign_sends,2025-09-10,2025-09,1878,2025
campaign_sends,2025-09-11,2025-09,1924,2025
campaign_sends,2025-09-12,2025-09,1679,2025
campaign_sends,2025-09-13,2025-09,1162,2025
campaign_sends,2025-09-14,2025-09,1379,2025
campaign_sends,2025-09-15,2025-09,1582,2025
campaign_sends,2025-09-16,2025-09,1865,2025
campaign_sends,2025-09-17,2025-09,1742,2025
campaign_sends,2025-09-18,2025-09,1611,2025
campaign_sends,2025-09-19,2025-09,1597,2025
campaign_sends,2025-09-20,2025-09,1107,2025
campaign_sends,2025-09-21,2025-09,1375,2025
campaign_sends,2025-09-22,2025-09,1523,2025
campaign_sends,2025-09-23,2025-09,1699,2025
campaign_sends,2025-09-24,2025-09,1847,2025
campaign_sends,2025-09-25,2025-09,1583,2025
campaign_sends,2025-09-26,2025-09,1634,2025
campaign_sends,2025-09-27,2025-09,1431,2025
campaign_sends,2025-09-28,2025-09,1280,2025
campaign_sends,2025-09-29,2025-09,1932,2025
campaign_sends,2025-09-30,2025-09,1466,2025
campaign_sends,2025-10-01,2025-10,1604,2025
campaign_sends,2025-10-02,2025-10,1741,2025
campaign_sends,2025-10-03,2025-10,1469,2025
campaign_sends,2025-10-04,2025-10,1379,2025
campaign_sends,2025-10-05,2025-10,1277,2025
campaign_sends,2025-10-06,2025-10,1957,2025
campaign_sends,2025-10-07,2025-10,1740,2025
campaign_sends,2025-10-08,2025-10,1767,2025
campaign_sends,2025-10-09,2025-10,1576,2025
campaign_sends,2025-10-10,2025-10,1952,2025
campaign_sends,2025-10-11,2025-10,1165,2025
campaign_sends,2025-10-12,2025-10,1304,2025
campaign_sends,2025-10-13,2025-10,1543,2025
campaign_sends,2025-10-14,2025-10,1765,2025
campaign_sends,2025-10-15,2025-10,1626,2025
campaign_sends,2025-10-16,2025-10,1718,2025
campaign_sends,2025-10-17,2025-10,1820,2025
campaign_sends,2025-10-18,2025-10,1250,2025
campaign_sends,2025-10-19,2025-10,1184,2025
campaign_sends,2025-10-20,2025-10,1733,2025
campaign_sends,2025-10-21,2025-10,1798,2025
campaign_sends,2025-10-22,2025-10,1705,2025
campaign_sends,2025-10-23,2025-10,1989,2025
campaign_sends,2025-10-24,2025-10,1852,2025
campaign_sends,2025-10-25,2025-10,1141,2025
campaign_sends,2025-10-26,2025-10,1222,2025
campaign_sends,2025-10-27,2025-10,2138,2025
campaign_sends,2025-10-28,2025-10,1975,2025
campaign_sends,2025-10-29,2025-10,2118,2025
campaign_sends,2025-10-30,2025-10,1798,2025
campaign_sends,2025-10-31,2025-10,1798,2025
campaign_sends,2025-11-01,2025-11,1249,2025
campaign_sends,2025-11-02,2025-11,1057,2025
campaign_sends,2025-11-03,2025-11,2056,2025
campaign_sends,2025-11-04,2025-11,1920,2025
campaign_sends,2025-11-05,2025-11,1805,2025
campaign_sends,2025-11-06,2025-11,1932,2025
campaign_sends,2025-11-07,2025-11,1804,2025
campaign_sends,2025-11-08,2025-11,880,2025
campaign_sends,2025-11-09,2025-11,869,2025
campaign_sends,2025-11-10,2025-11,1795,2025
campaign_sends,2025-11-11,2025-11,1905,2025
campaign_sends,2025-11-12,2025-11,1731,2025
campaign_sends,2025-11-13,2025-11,1885,2025
campaign_sends,2025-11-14,2025-11,1665,2025
campaign_sends,2025-11-15,2025-11,1267,2025
campaign_sends,2025-11-16,2025-11,1119,2025
campaign_sends,2025-11-17,2025-11,1726,2025
campaign_sends,2025-11-18,2025-11,1614,2025
campaign_sends,2025-11-19,2025-11,1769,2025
campaign_sends,2025-11-20,2025-11,1693,2025
campaign_sends,2025-11-21,2025-11,1794,2025
campaign_sends,2025-11-22,2025-11,1126,2025
campaign_sends,2025-11-23,2025-11,1077,2025
campaign_sends,2025-11-24,2025-11,1618,2025
campaign_sends,2025-11-25,2025-11,1770,2025
campaign_sends,2025-11-26,2025-11,1943,2025
campaign_sends,2025-11-27,2025-11,1927,2025
campaign_sends,2025-11-28,2025-11,1908,2025
campaign_sends,2025-11-29,2025-11,1185,2025
campaign_sends,2025-11-30,2025-11,1371,2025
campaign_sends,2025-12-01,2025-12,1904,2025
campaign_sends,2025-12-02,2025-12,1952,2025
campaign_sends,2025-12-03,2025-12,1576,2025
campaign_sends,2025-12-04,2025-12,1854,2025
campaign_sends,2025-12-05,2025-12,1789,2025
campaign_sends,2025-12-06,2025-12,1193,2025
campaign_sends,2025-12-07,2025-12,1308,2025
campaign_sends,2025-12-08,2025-12,1652,2025
campaign_sends,2025-12-09,2025-12,1545,2025
campaign_sends,2025-12-10,2025-12,1594,2025
campaign_sends,2025-12-11,2025-12,1964,2025
campaign_sends,2025-12-12,2025-12,1954,2025
campaign_sends,2025-12-13,2025-12,1232,2025
campaign_sends,2025-12-14,2025-12,1312,2025
campaign_sends,2025-12-15,2025-12,1623,2025
campaign_sends,2025-12-16,2025-12,1631,2025
campaign_sends,2025-12-17,2025-12,1650,2025
campaign_sends,2025-12-18,2025-12,1980,2025
campaign_sends,2025-12-19,2025-12,1940,2025
campaign_sends,2025-12-20,2025-12,1132,2025
campaign_sends,2025-12-21,2025-12,1228,2025
campaign_sends,2025-12-22,2025-12,1496,2025
campaign_sends,2025-12-23,2025-12,1492,2025
campaign_sends,2025-12-24,2025-12,1745,2025
campaign_sends,2025-12-25,2025-12,1911,2025
campaign_sends,2025-12-26,2025-12,1660,2025
campaign_sends,2025-12-27,2025-12,1326,2025
campaign_sends,2025-12-28,2025-12,1271,2025
campaign_sends,2025-12-29,2025-12,1920,2025
campaign_sends,2025-12-30,2025-12,1917,2025
campaign_sends,2025-12-31,2025-12,1796,2025
campaign_sends,2026-01-01,2026-01,2004,2026
campaign_sends,2026-01-02,2026-01,2040,2026
campaign_sends,2026-01-03,2026-01,1224,2026
campaign_sends,2026-01-04,2026-01,1209,2026
campaign_sends,2026-01-05,2026-01,1557,2026
campaign_sends,2026-01-06,2026-01,1807,2026
campaign_sends,2026-01-07,2026-01,2038,2026
campaign_sends,2026-01-08,2026-01,1863,2026
campaign_sends,2026-01-09,2026-01,1902,2026
campaign_sends,2026-01-10,2026-01,1278,2026
campaign_sends,2026-01-11,2026-01,1238,2026
campaign_sends,2026-01-12,2026-01,2005,2026
campaign_sends,2026-01-13,2026-01,1576,2026
campaign_sends,2026-01-14,2026-01,1608,2026
campaign_sends,2026-01-15,2026-01,1877,2026
campaign_sends,2026-01-16,2026-01,1547,2026
campaign_sends,2026-01-17,2026-01,1303,2026
campaign_sends,2026-01-18,2026-01,1094,2026
campaign_sends,2026-01-19,2026-01,1652,2026
campaign_sends,2026-01-20,2026-01,1788,2026
campaign_sends,2026-01-21,2026-01,1823,2026
campaign_sends,2026-01-22,2026-01,1731,2026
campaign_sends,2026-01-23,2026-01,1831,2026
campaign_sends,2026-01-24,2026-01,1176,2026
campaign_sends,2026-01-25,2026-01,1253,2026
campaign_sends,2026-01-26,2026-01,1809,2026
campaign_sends,2026-01-27,2026-01,1613,2026
campaign_sends,2026-01-28,2026-01,1757,2026
campaign_sends,2026-01-29,2026-01,1873,2026
campaign_sends,2026-01-30,2026-01,2016,2026
campaign_sends,2026-01-31,2026-01,1182,2026
campaign_sends,2026-02-01,2026-02,1053,2026
campaign_sends,2026-02-02,2026-02,1928,2026
campaign_sends,2026-02-03,2026-02,1835,2026
campaign_sends,2026-02-04,2026-02,1933,2026
campaign_sends,2026-02-05,2026-02,1613,2026
campaign_sends,2026-02-06,2026-02,1911,2026
campaign_sends,2026-02-07,2026-02,1224,2026
campaign_sends,2026-02-08,2026-02,1359,2026
campaign_sends,2026-02-09,2026-02,1976,2026
campaign_sends,2026-02-10,2026-02,1951,2026
campaign_sends,2026-02-11,2026-02,1540,2026
campaign_sends,2026-02-12,2026-02,1640,2026
campaign_sends,2026-02-13,2026-02,1695,2026
campaign_sends,2026-02-14,2026-02,1311,2026
campaign_sends,2026-02-15,2026-02,1174,2026
campaign_sends,2026-02-16,2026-02,1841,2026
campaign_sends,2026-02-17,2026-02,1729,2026
campaign_sends,2026-02-18,2026-02,1769,2026
campaign_sends,2026-02-19,2026-02,1558,2026
campaign_sends,2026-02-20,2026-02,1805,2026
campaign_sends,2026-02-21,2026-02,1406,2026
campaign_sends,2026-02-22,2026-02,1333,2026
campaign_sends,2026-02-23,2026-02,1713,2026
campaign_sends,2026-02-24,2026-02,1856,2026
campaign_sends,2026-02-25,2026-02,1601,2026
campaign_sends,2026-02-26,2026-02,1628,2026
campaign_sends,2026-02-27,2026-02,1567,2026
campaign_sends,2026-02-28,2026-02,1282,2026
campaign_sends,2026-03-01,2026-03,1094,2026
campaign_sends,2026-03-02,2026-03,1973,2026
campaign_sends,2026-03-03,2026-03,1475,2026
campaign_sends,2026-03-04,2026-03,1470,2026
campaign_sends,2026-03-05,2026-03,1888,2026
campaign_sends,2026-03-06,2026-03,2031,2026
campaign_sends,2026-03-07,2026-03,1219,2026
campaign_sends,2026-03-08,2026-03,1310,2026
campaign_sends,2026-03-09,2026-03,2013,2026
campaign_sends,2026-03-10,2026-03,1992,2026
campaign_sends,2026-03-11,2026-03,1571,2026
campaign_sends,2026-03-12,2026-03,1798,2026
campaign_sends,2026-03-13,2026-03,1702,2026
campaign_sends,2026-03-14,2026-03,1078,2026
campaign_sends,2026-03-15,2026-03,1267,2026
campaign_sends,2026-03-16,2026-03,1714,2026
campaign_sends,2026-03-17,2026-03,1768,2026
campaign_sends,2026-03-18,2026-03,1982,2026
campaign_sends,2026-03-19,2026-03,1608,2026
campaign_sends,2026-03-20,2026-03,1635,2026
campaign_sends,2026-03-21,2026-03,1123,2026
campaign_sends,2026-03-22,2026-03,1236,2026
campaign_sends,2026-03-23,2026-03,1921,2026
campaign_sends,2026-03-24,2026-03,1554,2026
campaign_sends,2026-03-25,2026-03,1810,2026
campaign_sends,2026-03-26,2026-03,1766,2026
campaign_sends,2026-03-27,2026-03,1725,2026
campaign_sends,2026-03-28,2026-03,1192,2026
campaign_sends,2026-03-29,2026-03,1401,2026
campaign_sends,2026-03-30,2026-03,1557,2026
campaign_sends,2026-03-31,2026-03,1626,2026
campaign_sends,2026-04-01,2026-04,1896,2026
campaign_sends,2026-04-02,2026-04,1916,2026
campaign_sends,2026-04-03,2026-04,1842,2026
campaign_sends,2026-04-04,2026-04,1106,2026
campaign_sends,2026-04-05,2026-04,1373,2026
campaign_sends,2026-04-06,2026-04,1591,2026
campaign_sends,2026-04-07,2026-04,1843,2026
campaign_sends,2026-04-08,2026-04,1928,2026
campaign_sends,2026-04-09,2026-04,1945,2026
campaign_sends,2026-04-10,2026-04,1912,2026
campaign_sends,2026-04-11,2026-04,1331,2026
campaign_sends,2026-04-12,2026-04,1347,2026
campaign_sends,2026-04-13,2026-04,1719,2026
campaign_sends,2026-04-14,2026-04,1517,2026
campaign_sends,2026-04-15,2026-04,1702,2026
campaign_sends,2026-04-16,2026-04,1791,2026
campaign_sends,2026-04-17,2026-04,1694,2026
campaign_sends,2026-04-18,2026-04,1322,2026
campaign_sends,2026-04-19,2026-04,1342,2026
campaign_sends,2026-04-20,2026-04,1911,2026
campaign_sends,2026-04-21,2026-04,1938,2026
campaign_sends,2026-04-22,2026-04,1933,2026
campaign_sends,2026-04-23,2026-04,1839,2026
campaign_sends,2026-04-24,2026-04,1639,2026
campaign_sends,2026-04-25,2026-04,1224,2026
campaign_sends,2026-04-26,2026-04,1197,2026
campaign_sends,2026-04-27,2026-04,2062,2026
campaign_sends,2026-04-28,2026-04,1752,2026
campaign_sends,2026-04-29,2026-04,1815,2026
campaign_sends,2026-04-30,2026-04,1659,2026
campaign_sends,2026-05-01,2026-05,1575,2026
campaign_sends,2026-05-02,2026-05,1296,2026
campaign_sends,2026-05-03,2026-05,1327,2026
campaign_sends,2026-05-04,2026-05,1847,2026
campaign_sends,2026-05-05,2026-05,1782,2026
campaign_sends,2026-05-06,2026-05,1954,2026
campaign_sends,2026-05-07,2026-05,1864,2026
campaign_sends,2026-05-08,2026-05,1913,2026
campaign_sends,2026-05-09,2026-05,1223,2026
campaign_sends,2026-05-10,2026-05,1256,2026
campaign_sends,2026-05-11,2026-05,1834,2026
campaign_sends,2026-05-12,2026-05,1985,2026
campaign_sends,2026-05-13,2026-05,1886,2026
campaign_sends,2026-05-14,2026-05,1913,2026
campaign_sends,2026-05-15,2026-05,1561,2026
campaign_sends,2026-05-16,2026-05,1368,2026
campaign_sends,2026-05-17,2026-05,1315,2026
campaign_sends,2026-05-18,2026-05,1500,2026
campaign_sends,2026-05-19,2026-05,1751,2026
campaign_sends,2026-05-20,2026-05,1764,2026
campaign_sends,2026-05-21,2026-05,1877,2026
campaign_sends,2026-05-22,2026-05,1556,2026
campaign_sends,2026-05-23,2026-05,1138,2026
campaign_sends,2026-05-24,2026-05,1259,2026
campaign_sends,2026-05-25,2026-05,1563,2026
campaign_sends,2026-05-26,2026-05,1877,2026
campaign_sends,2026-05-27,2026-05,1635,2026
campaign_sends,2026-05-28,2026-05,1525,2026
campaign_sends,2026-05-29,2026-05,1910,2026
campaign_sends,2026-05-30,2026-05,1140,2026
campaign_sends,2026-05-31,2026-05,1202,2026
campaign_sends,2026-06-01,2026-06,1593,2026
campaign_sends,2026-06-02,2026-06,1593,2026
campaign_sends,2026-06-03,2026-06,1592,2026
campaign_sends,2026-06-04,2026-06,1895,2026
campaign_sends,2026-06-05,2026-06,1693,2026
campaign_sends,2026-06-06,2026-06,1223,2026
campaign_sends,2026-06-07,2026-06,1151,2026
campaign_sends,2026-06-08,2026-06,1581,2026
campaign_sends,2026-06-09,2026-06,1821,2026
campaign_sends,2026-06-10,2026-06,1907,2026
campaign_sends,2026-06-11,2026-06,1887,2026
campaign_sends,2026-06-12,2026-06,1542,2026
campaign_sends,2026-06-13,2026-06,1172,2026
campaign_sends,2026-06-14,2026-06,1402,2026
campaign_sends,2026-06-15,2026-06,1777,2026
campaign_sends,2026-06-16,2026-06,1792,2026
campaign_sends,2026-06-17,2026-06,1888,2026
campaign_sends,2026-06-18,2026-06,483,2026
campaign_sends,2026-06-19,2026-06,364,2026
campaign_sends,2026-06-20,2026-06,321,2026
campaign_sends,2026-06-21,2026-06,270,2026
campaign_sends,2026-06-22,2026-06,214,2026
campaign_sends,2026-06-23,2026-06,139,2026
campaign_sends,2026-06-24,2026-06,71,2026
campaign_sends,2026-06-25,2026-06,2,2026
campaign_sends,2026-06-26,2026-06,2,2026
complaints,2023-06-17,2023-06,12,2023
complaints,2023-06-18,2023-06,17,2023
complaints,2023-06-19,2023-06,28,2023
complaints,2023-06-20,2023-06,55,2023
complaints,2023-06-21,2023-06,48,2023
complaints,2023-06-22,2023-06,58,2023
complaints,2023-06-23,2023-06,50,2023
complaints,2023-06-24,2023-06,43,2023
complaints,2023-06-25,2023-06,38,2023
complaints,2023-06-26,2023-06,40,2023
complaints,2023-06-27,2023-06,36,2023
complaints,2023-06-28,2023-06,63,2023
complaints,2023-06-29,2023-06,50,2023
complaints,2023-06-30,2023-06,64,2023
complaints,2023-07-01,2023-07,44,2023
complaints,2023-07-02,2023-07,53,2023
complaints,2023-07-03,2023-07,54,2023
complaints,2023-07-04,2023-07,35,2023
complaints,2023-07-05,2023-07,73,2023
complaints,2023-07-06,2023-07,49,2023
complaints,2023-07-07,2023-07,64,2023
complaints,2023-07-08,2023-07,57,2023
complaints,2023-07-09,2023-07,49,2023
complaints,2023-07-10,2023-07,43,2023
complaints,2023-07-11,2023-07,47,2023
complaints,2023-07-12,2023-07,67,2023
complaints,2023-07-13,2023-07,66,2023
complaints,2023-07-14,2023-07,61,2023
complaints,2023-07-15,2023-07,50,2023
complaints,2023-07-16,2023-07,51,2023
complaints,2023-07-17,2023-07,55,2023
complaints,2023-07-18,2023-07,66,2023
complaints,2023-07-19,2023-07,53,2023
complaints,2023-07-20,2023-07,66,2023
complaints,2023-07-21,2023-07,78,2023
complaints,2023-07-22,2023-07,60,2023
complaints,2023-07-23,2023-07,66,2023
complaints,2023-07-24,2023-07,58,2023
complaints,2023-07-25,2023-07,73,2023
complaints,2023-07-26,2023-07,65,2023
complaints,2023-07-27,2023-07,66,2023
complaints,2023-07-28,2023-07,82,2023
complaints,2023-07-29,2023-07,50,2023
complaints,2023-07-30,2023-07,58,2023
complaints,2023-07-31,2023-07,55,2023
complaints,2023-08-01,2023-08,48,2023
complaints,2023-08-02,2023-08,57,2023
complaints,2023-08-03,2023-08,78,2023
complaints,2023-08-04,2023-08,65,2023
complaints,2023-08-05,2023-08,51,2023
complaints,2023-08-06,2023-08,63,2023
complaints,2023-08-07,2023-08,59,2023
complaints,2023-08-08,2023-08,55,2023
complaints,2023-08-09,2023-08,89,2023
complaints,2023-08-10,2023-08,74,2023
complaints,2023-08-11,2023-08,74,2023
complaints,2023-08-12,2023-08,62,2023
complaints,2023-08-13,2023-08,54,2023
complaints,2023-08-14,2023-08,55,2023
complaints,2023-08-15,2023-08,60,2023
complaints,2023-08-16,2023-08,70,2023
complaints,2023-08-17,2023-08,68,2023
complaints,2023-08-18,2023-08,65,2023
complaints,2023-08-19,2023-08,45,2023
complaints,2023-08-20,2023-08,51,2023
complaints,2023-08-21,2023-08,47,2023
complaints,2023-08-22,2023-08,61,2023
complaints,2023-08-23,2023-08,68,2023
complaints,2023-08-24,2023-08,66,2023
complaints,2023-08-25,2023-08,62,2023
complaints,2023-08-26,2023-08,60,2023
complaints,2023-08-27,2023-08,48,2023
complaints,2023-08-28,2023-08,58,2023
complaints,2023-08-29,2023-08,67,2023
complaints,2023-08-30,2023-08,57,2023
complaints,2023-08-31,2023-08,69,2023
complaints,2023-09-01,2023-09,68,2023
complaints,2023-09-02,2023-09,52,2023
complaints,2023-09-03,2023-09,48,2023
complaints,2023-09-04,2023-09,66,2023
complaints,2023-09-05,2023-09,45,2023
complaints,2023-09-06,2023-09,65,2023
complaints,2023-09-07,2023-09,67,2023
complaints,2023-09-08,2023-09,50,2023
complaints,2023-09-09,2023-09,62,2023
complaints,2023-09-10,2023-09,49,2023
complaints,2023-09-11,2023-09,63,2023
complaints,2023-09-12,2023-09,61,2023
complaints,2023-09-13,2023-09,55,2023
complaints,2023-09-14,2023-09,61,2023
complaints,2023-09-15,2023-09,83,2023
complaints,2023-09-16,2023-09,62,2023
complaints,2023-09-17,2023-09,42,2023
complaints,2023-09-18,2023-09,66,2023
complaints,2023-09-19,2023-09,56,2023
complaints,2023-09-20,2023-09,78,2023
complaints,2023-09-21,2023-09,79,2023
complaints,2023-09-22,2023-09,64,2023
complaints,2023-09-23,2023-09,58,2023
complaints,2023-09-24,2023-09,53,2023
complaints,2023-09-25,2023-09,48,2023
complaints,2023-09-26,2023-09,54,2023
complaints,2023-09-27,2023-09,73,2023
complaints,2023-09-28,2023-09,72,2023
complaints,2023-09-29,2023-09,69,2023
complaints,2023-09-30,2023-09,44,2023
complaints,2023-10-01,2023-10,61,2023
complaints,2023-10-02,2023-10,60,2023
complaints,2023-10-03,2023-10,54,2023
complaints,2023-10-04,2023-10,61,2023
complaints,2023-10-05,2023-10,77,2023
complaints,2023-10-06,2023-10,61,2023
complaints,2023-10-07,2023-10,61,2023
complaints,2023-10-08,2023-10,38,2023
complaints,2023-10-09,2023-10,57,2023
complaints,2023-10-10,2023-10,68,2023
complaints,2023-10-11,2023-10,68,2023
complaints,2023-10-12,2023-10,55,2023
complaints,2023-10-13,2023-10,64,2023
complaints,2023-10-14,2023-10,75,2023
complaints,2023-10-15,2023-10,48,2023
complaints,2023-10-16,2023-10,62,2023
complaints,2023-10-17,2023-10,57,2023
complaints,2023-10-18,2023-10,61,2023
complaints,2023-10-19,2023-10,80,2023
complaints,2023-10-20,2023-10,74,2023
complaints,2023-10-21,2023-10,51,2023
complaints,2023-10-22,2023-10,53,2023
complaints,2023-10-23,2023-10,57,2023
complaints,2023-10-24,2023-10,58,2023
complaints,2023-10-25,2023-10,61,2023
complaints,2023-10-26,2023-10,70,2023
complaints,2023-10-27,2023-10,67,2023
complaints,2023-10-28,2023-10,66,2023
complaints,2023-10-29,2023-10,39,2023
complaints,2023-10-30,2023-10,61,2023
complaints,2023-10-31,2023-10,64,2023
complaints,2023-11-01,2023-11,71,2023
complaints,2023-11-02,2023-11,62,2023
complaints,2023-11-03,2023-11,60,2023
complaints,2023-11-04,2023-11,69,2023
complaints,2023-11-05,2023-11,44,2023
complaints,2023-11-06,2023-11,69,2023
complaints,2023-11-07,2023-11,44,2023
complaints,2023-11-08,2023-11,70,2023
complaints,2023-11-09,2023-11,77,2023
complaints,2023-11-10,2023-11,59,2023
complaints,2023-11-11,2023-11,60,2023
complaints,2023-11-12,2023-11,59,2023
complaints,2023-11-13,2023-11,49,2023
complaints,2023-11-14,2023-11,48,2023
complaints,2023-11-15,2023-11,69,2023
complaints,2023-11-16,2023-11,57,2023
complaints,2023-11-17,2023-11,62,2023
complaints,2023-11-18,2023-11,65,2023
complaints,2023-11-19,2023-11,48,2023
complaints,2023-11-20,2023-11,54,2023
complaints,2023-11-21,2023-11,57,2023
complaints,2023-11-22,2023-11,64,2023
complaints,2023-11-23,2023-11,75,2023
complaints,2023-11-24,2023-11,63,2023
complaints,2023-11-25,2023-11,57,2023
complaints,2023-11-26,2023-11,37,2023
complaints,2023-11-27,2023-11,59,2023
complaints,2023-11-28,2023-11,67,2023
complaints,2023-11-29,2023-11,67,2023
complaints,2023-11-30,2023-11,84,2023
complaints,2023-12-01,2023-12,69,2023
complaints,2023-12-02,2023-12,43,2023
complaints,2023-12-03,2023-12,51,2023
complaints,2023-12-04,2023-12,49,2023
complaints,2023-12-05,2023-12,70,2023
complaints,2023-12-06,2023-12,65,2023
complaints,2023-12-07,2023-12,55,2023
complaints,2023-12-08,2023-12,76,2023
complaints,2023-12-09,2023-12,64,2023
complaints,2023-12-10,2023-12,54,2023
complaints,2023-12-11,2023-12,64,2023
complaints,2023-12-12,2023-12,79,2023
complaints,2023-12-13,2023-12,61,2023
complaints,2023-12-14,2023-12,79,2023
complaints,2023-12-15,2023-12,83,2023
complaints,2023-12-16,2023-12,73,2023
complaints,2023-12-17,2023-12,46,2023
complaints,2023-12-18,2023-12,71,2023
complaints,2023-12-19,2023-12,76,2023
complaints,2023-12-20,2023-12,65,2023
complaints,2023-12-21,2023-12,65,2023
complaints,2023-12-22,2023-12,84,2023
complaints,2023-12-23,2023-12,66,2023
complaints,2023-12-24,2023-12,56,2023
complaints,2023-12-25,2023-12,53,2023
complaints,2023-12-26,2023-12,70,2023
complaints,2023-12-27,2023-12,74,2023
complaints,2023-12-28,2023-12,74,2023
complaints,2023-12-29,2023-12,53,2023
complaints,2023-12-30,2023-12,60,2023
complaints,2023-12-31,2023-12,53,2023
complaints,2024-01-01,2024-01,41,2024
complaints,2024-01-02,2024-01,54,2024
complaints,2024-01-03,2024-01,69,2024
complaints,2024-01-04,2024-01,49,2024
complaints,2024-01-05,2024-01,46,2024
complaints,2024-01-06,2024-01,53,2024
complaints,2024-01-07,2024-01,57,2024
complaints,2024-01-08,2024-01,60,2024
complaints,2024-01-09,2024-01,63,2024
complaints,2024-01-10,2024-01,65,2024
complaints,2024-01-11,2024-01,81,2024
complaints,2024-01-12,2024-01,76,2024
complaints,2024-01-13,2024-01,49,2024
complaints,2024-01-14,2024-01,43,2024
complaints,2024-01-15,2024-01,71,2024
complaints,2024-01-16,2024-01,50,2024
complaints,2024-01-17,2024-01,67,2024
complaints,2024-01-18,2024-01,68,2024
complaints,2024-01-19,2024-01,47,2024
complaints,2024-01-20,2024-01,58,2024
complaints,2024-01-21,2024-01,39,2024
complaints,2024-01-22,2024-01,71,2024
complaints,2024-01-23,2024-01,72,2024
complaints,2024-01-24,2024-01,76,2024
complaints,2024-01-25,2024-01,70,2024
complaints,2024-01-26,2024-01,58,2024
complaints,2024-01-27,2024-01,60,2024
complaints,2024-01-28,2024-01,38,2024
complaints,2024-01-29,2024-01,49,2024
complaints,2024-01-30,2024-01,63,2024
complaints,2024-01-31,2024-01,69,2024
complaints,2024-02-01,2024-02,62,2024
complaints,2024-02-02,2024-02,87,2024
complaints,2024-02-03,2024-02,56,2024
complaints,2024-02-04,2024-02,57,2024
complaints,2024-02-05,2024-02,52,2024
complaints,2024-02-06,2024-02,50,2024
complaints,2024-02-07,2024-02,76,2024
complaints,2024-02-08,2024-02,64,2024
complaints,2024-02-09,2024-02,57,2024
complaints,2024-02-10,2024-02,52,2024
complaints,2024-02-11,2024-02,69,2024
complaints,2024-02-12,2024-02,55,2024
complaints,2024-02-13,2024-02,63,2024
complaints,2024-02-14,2024-02,63,2024
complaints,2024-02-15,2024-02,63,2024
complaints,2024-02-16,2024-02,65,2024
complaints,2024-02-17,2024-02,59,2024
complaints,2024-02-18,2024-02,58,2024
complaints,2024-02-19,2024-02,52,2024
complaints,2024-02-20,2024-02,46,2024
complaints,2024-02-21,2024-02,58,2024
complaints,2024-02-22,2024-02,63,2024
complaints,2024-02-23,2024-02,67,2024
complaints,2024-02-24,2024-02,49,2024
complaints,2024-02-25,2024-02,52,2024
complaints,2024-02-26,2024-02,58,2024
complaints,2024-02-27,2024-02,53,2024
complaints,2024-02-28,2024-02,61,2024
complaints,2024-02-29,2024-02,69,2024
complaints,2024-03-01,2024-03,73,2024
complaints,2024-03-02,2024-03,52,2024
complaints,2024-03-03,2024-03,45,2024
complaints,2024-03-04,2024-03,59,2024
complaints,2024-03-05,2024-03,64,2024
complaints,2024-03-06,2024-03,68,2024
complaints,2024-03-07,2024-03,80,2024
complaints,2024-03-08,2024-03,71,2024
complaints,2024-03-09,2024-03,63,2024
complaints,2024-03-10,2024-03,51,2024
complaints,2024-03-11,2024-03,52,2024
complaints,2024-03-12,2024-03,66,2024
complaints,2024-03-13,2024-03,71,2024
complaints,2024-03-14,2024-03,68,2024
complaints,2024-03-15,2024-03,69,2024
complaints,2024-03-16,2024-03,66,2024
complaints,2024-03-17,2024-03,62,2024
complaints,2024-03-18,2024-03,56,2024
complaints,2024-03-19,2024-03,64,2024
complaints,2024-03-20,2024-03,57,2024
complaints,2024-03-21,2024-03,72,2024
complaints,2024-03-22,2024-03,74,2024
complaints,2024-03-23,2024-03,66,2024
complaints,2024-03-24,2024-03,43,2024
complaints,2024-03-25,2024-03,49,2024
complaints,2024-03-26,2024-03,51,2024
complaints,2024-03-27,2024-03,65,2024
complaints,2024-03-28,2024-03,72,2024
complaints,2024-03-29,2024-03,66,2024
complaints,2024-03-30,2024-03,59,2024
complaints,2024-03-31,2024-03,48,2024
complaints,2024-04-01,2024-04,65,2024
complaints,2024-04-02,2024-04,70,2024
complaints,2024-04-03,2024-04,56,2024
complaints,2024-04-04,2024-04,83,2024
complaints,2024-04-05,2024-04,69,2024
complaints,2024-04-06,2024-04,65,2024
complaints,2024-04-07,2024-04,46,2024
complaints,2024-04-08,2024-04,48,2024
complaints,2024-04-09,2024-04,83,2024
complaints,2024-04-10,2024-04,84,2024
complaints,2024-04-11,2024-04,70,2024
complaints,2024-04-12,2024-04,72,2024
complaints,2024-04-13,2024-04,53,2024
complaints,2024-04-14,2024-04,49,2024
complaints,2024-04-15,2024-04,53,2024
complaints,2024-04-16,2024-04,51,2024
complaints,2024-04-17,2024-04,69,2024
complaints,2024-04-18,2024-04,68,2024
complaints,2024-04-19,2024-04,63,2024
complaints,2024-04-20,2024-04,59,2024
complaints,2024-04-21,2024-04,48,2024
complaints,2024-04-22,2024-04,58,2024
complaints,2024-04-23,2024-04,58,2024
complaints,2024-04-24,2024-04,69,2024
complaints,2024-04-25,2024-04,76,2024
complaints,2024-04-26,2024-04,67,2024
complaints,2024-04-27,2024-04,48,2024
complaints,2024-04-28,2024-04,57,2024
complaints,2024-04-29,2024-04,66,2024
complaints,2024-04-30,2024-04,50,2024
complaints,2024-05-01,2024-05,57,2024
complaints,2024-05-02,2024-05,68,2024
complaints,2024-05-03,2024-05,60,2024
complaints,2024-05-04,2024-05,51,2024
complaints,2024-05-05,2024-05,48,2024
complaints,2024-05-06,2024-05,41,2024
complaints,2024-05-07,2024-05,62,2024
complaints,2024-05-08,2024-05,61,2024
complaints,2024-05-09,2024-05,55,2024
complaints,2024-05-10,2024-05,68,2024
complaints,2024-05-11,2024-05,55,2024
complaints,2024-05-12,2024-05,64,2024
complaints,2024-05-13,2024-05,60,2024
complaints,2024-05-14,2024-05,63,2024
complaints,2024-05-15,2024-05,62,2024
complaints,2024-05-16,2024-05,67,2024
complaints,2024-05-17,2024-05,67,2024
complaints,2024-05-18,2024-05,56,2024
complaints,2024-05-19,2024-05,57,2024
complaints,2024-05-20,2024-05,49,2024
complaints,2024-05-21,2024-05,53,2024
complaints,2024-05-22,2024-05,74,2024
complaints,2024-05-23,2024-05,58,2024
complaints,2024-05-24,2024-05,68,2024
complaints,2024-05-25,2024-05,55,2024
complaints,2024-05-26,2024-05,44,2024
complaints,2024-05-27,2024-05,51,2024
complaints,2024-05-28,2024-05,47,2024
complaints,2024-05-29,2024-05,67,2024
complaints,2024-05-30,2024-05,55,2024
complaints,2024-05-31,2024-05,70,2024
complaints,2024-06-01,2024-06,53,2024
complaints,2024-06-02,2024-06,55,2024
complaints,2024-06-03,2024-06,54,2024
complaints,2024-06-04,2024-06,58,2024
complaints,2024-06-05,2024-06,51,2024
complaints,2024-06-06,2024-06,85,2024
complaints,2024-06-07,2024-06,52,2024
complaints,2024-06-08,2024-06,51,2024
complaints,2024-06-09,2024-06,57,2024
complaints,2024-06-10,2024-06,55,2024
complaints,2024-06-11,2024-06,59,2024
complaints,2024-06-12,2024-06,71,2024
complaints,2024-06-13,2024-06,66,2024
complaints,2024-06-14,2024-06,80,2024
complaints,2024-06-15,2024-06,59,2024
complaints,2024-06-16,2024-06,70,2024
complaints,2024-06-17,2024-06,55,2024
complaints,2024-06-18,2024-06,49,2024
complaints,2024-06-19,2024-06,75,2024
complaints,2024-06-20,2024-06,66,2024
complaints,2024-06-21,2024-06,69,2024
complaints,2024-06-22,2024-06,54,2024
complaints,2024-06-23,2024-06,58,2024
complaints,2024-06-24,2024-06,61,2024
complaints,2024-06-25,2024-06,68,2024
complaints,2024-06-26,2024-06,65,2024
complaints,2024-06-27,2024-06,71,2024
complaints,2024-06-28,2024-06,67,2024
complaints,2024-06-29,2024-06,56,2024
complaints,2024-06-30,2024-06,55,2024
complaints,2024-07-01,2024-07,69,2024
complaints,2024-07-02,2024-07,62,2024
complaints,2024-07-03,2024-07,61,2024
complaints,2024-07-04,2024-07,76,2024
complaints,2024-07-05,2024-07,49,2024
complaints,2024-07-06,2024-07,57,2024
complaints,2024-07-07,2024-07,65,2024
complaints,2024-07-08,2024-07,61,2024
complaints,2024-07-09,2024-07,63,2024
complaints,2024-07-10,2024-07,66,2024
complaints,2024-07-11,2024-07,67,2024
complaints,2024-07-12,2024-07,61,2024
complaints,2024-07-13,2024-07,48,2024
complaints,2024-07-14,2024-07,53,2024
complaints,2024-07-15,2024-07,54,2024
complaints,2024-07-16,2024-07,60,2024
complaints,2024-07-17,2024-07,65,2024
complaints,2024-07-18,2024-07,53,2024
complaints,2024-07-19,2024-07,79,2024
complaints,2024-07-20,2024-07,72,2024
complaints,2024-07-21,2024-07,47,2024
complaints,2024-07-22,2024-07,46,2024
complaints,2024-07-23,2024-07,58,2024
complaints,2024-07-24,2024-07,58,2024
complaints,2024-07-25,2024-07,72,2024
complaints,2024-07-26,2024-07,56,2024
complaints,2024-07-27,2024-07,56,2024
complaints,2024-07-28,2024-07,55,2024
complaints,2024-07-29,2024-07,61,2024
complaints,2024-07-30,2024-07,70,2024
complaints,2024-07-31,2024-07,65,2024
complaints,2024-08-01,2024-08,81,2024
complaints,2024-08-02,2024-08,74,2024
complaints,2024-08-03,2024-08,69,2024
complaints,2024-08-04,2024-08,49,2024
complaints,2024-08-05,2024-08,56,2024
complaints,2024-08-06,2024-08,49,2024
complaints,2024-08-07,2024-08,65,2024
complaints,2024-08-08,2024-08,75,2024
complaints,2024-08-09,2024-08,69,2024
complaints,2024-08-10,2024-08,56,2024
complaints,2024-08-11,2024-08,56,2024
complaints,2024-08-12,2024-08,48,2024
complaints,2024-08-13,2024-08,52,2024
complaints,2024-08-14,2024-08,55,2024
complaints,2024-08-15,2024-08,71,2024
complaints,2024-08-16,2024-08,87,2024
complaints,2024-08-17,2024-08,47,2024
complaints,2024-08-18,2024-08,49,2024
complaints,2024-08-19,2024-08,63,2024
complaints,2024-08-20,2024-08,54,2024
complaints,2024-08-21,2024-08,57,2024
complaints,2024-08-22,2024-08,67,2024
complaints,2024-08-23,2024-08,66,2024
complaints,2024-08-24,2024-08,52,2024
complaints,2024-08-25,2024-08,52,2024
complaints,2024-08-26,2024-08,56,2024
complaints,2024-08-27,2024-08,46,2024
complaints,2024-08-28,2024-08,69,2024
complaints,2024-08-29,2024-08,73,2024
complaints,2024-08-30,2024-08,72,2024
complaints,2024-08-31,2024-08,52,2024
complaints,2024-09-01,2024-09,44,2024
complaints,2024-09-02,2024-09,54,2024
complaints,2024-09-03,2024-09,69,2024
complaints,2024-09-04,2024-09,73,2024
complaints,2024-09-05,2024-09,62,2024
complaints,2024-09-06,2024-09,82,2024
complaints,2024-09-07,2024-09,42,2024
complaints,2024-09-08,2024-09,68,2024
complaints,2024-09-09,2024-09,57,2024
complaints,2024-09-10,2024-09,50,2024
complaints,2024-09-11,2024-09,84,2024
complaints,2024-09-12,2024-09,61,2024
complaints,2024-09-13,2024-09,70,2024
complaints,2024-09-14,2024-09,73,2024
complaints,2024-09-15,2024-09,48,2024
complaints,2024-09-16,2024-09,57,2024
complaints,2024-09-17,2024-09,49,2024
complaints,2024-09-18,2024-09,81,2024
complaints,2024-09-19,2024-09,72,2024
complaints,2024-09-20,2024-09,80,2024
complaints,2024-09-21,2024-09,56,2024
complaints,2024-09-22,2024-09,36,2024
complaints,2024-09-23,2024-09,56,2024
complaints,2024-09-24,2024-09,65,2024
complaints,2024-09-25,2024-09,77,2024
complaints,2024-09-26,2024-09,61,2024
complaints,2024-09-27,2024-09,71,2024
complaints,2024-09-28,2024-09,60,2024
complaints,2024-09-29,2024-09,49,2024
complaints,2024-09-30,2024-09,53,2024
complaints,2024-10-01,2024-10,56,2024
complaints,2024-10-02,2024-10,62,2024
complaints,2024-10-03,2024-10,62,2024
complaints,2024-10-04,2024-10,89,2024
complaints,2024-10-05,2024-10,53,2024
complaints,2024-10-06,2024-10,57,2024
complaints,2024-10-07,2024-10,47,2024
complaints,2024-10-08,2024-10,51,2024
complaints,2024-10-09,2024-10,60,2024
complaints,2024-10-10,2024-10,59,2024
complaints,2024-10-11,2024-10,81,2024
complaints,2024-10-12,2024-10,60,2024
complaints,2024-10-13,2024-10,48,2024
complaints,2024-10-14,2024-10,47,2024
complaints,2024-10-15,2024-10,53,2024
complaints,2024-10-16,2024-10,68,2024
complaints,2024-10-17,2024-10,75,2024
complaints,2024-10-18,2024-10,79,2024
complaints,2024-10-19,2024-10,66,2024
complaints,2024-10-20,2024-10,43,2024
complaints,2024-10-21,2024-10,54,2024
complaints,2024-10-22,2024-10,52,2024
complaints,2024-10-23,2024-10,58,2024
complaints,2024-10-24,2024-10,60,2024
complaints,2024-10-25,2024-10,72,2024
complaints,2024-10-26,2024-10,50,2024
complaints,2024-10-27,2024-10,52,2024
complaints,2024-10-28,2024-10,56,2024
complaints,2024-10-29,2024-10,53,2024
complaints,2024-10-30,2024-10,62,2024
complaints,2024-10-31,2024-10,61,2024
complaints,2024-11-01,2024-11,76,2024
complaints,2024-11-02,2024-11,49,2024
complaints,2024-11-03,2024-11,51,2024
complaints,2024-11-04,2024-11,68,2024
complaints,2024-11-05,2024-11,52,2024
complaints,2024-11-06,2024-11,69,2024
complaints,2024-11-07,2024-11,69,2024
complaints,2024-11-08,2024-11,66,2024
complaints,2024-11-09,2024-11,69,2024
complaints,2024-11-10,2024-11,39,2024
complaints,2024-11-11,2024-11,51,2024
complaints,2024-11-12,2024-11,62,2024
complaints,2024-11-13,2024-11,74,2024
complaints,2024-11-14,2024-11,67,2024
complaints,2024-11-15,2024-11,75,2024
complaints,2024-11-16,2024-11,47,2024
complaints,2024-11-17,2024-11,56,2024
complaints,2024-11-18,2024-11,47,2024
complaints,2024-11-19,2024-11,52,2024
complaints,2024-11-20,2024-11,72,2024
complaints,2024-11-21,2024-11,61,2024
complaints,2024-11-22,2024-11,70,2024
complaints,2024-11-23,2024-11,63,2024
complaints,2024-11-24,2024-11,54,2024
complaints,2024-11-25,2024-11,73,2024
complaints,2024-11-26,2024-11,67,2024
complaints,2024-11-27,2024-11,65,2024
complaints,2024-11-28,2024-11,60,2024
complaints,2024-11-29,2024-11,88,2024
complaints,2024-11-30,2024-11,54,2024
complaints,2024-12-01,2024-12,54,2024
complaints,2024-12-02,2024-12,58,2024
complaints,2024-12-03,2024-12,68,2024
complaints,2024-12-04,2024-12,65,2024
complaints,2024-12-05,2024-12,73,2024
complaints,2024-12-06,2024-12,62,2024
complaints,2024-12-07,2024-12,53,2024
complaints,2024-12-08,2024-12,52,2024
complaints,2024-12-09,2024-12,70,2024
complaints,2024-12-10,2024-12,44,2024
complaints,2024-12-11,2024-12,64,2024
complaints,2024-12-12,2024-12,62,2024
complaints,2024-12-13,2024-12,77,2024
complaints,2024-12-14,2024-12,76,2024
complaints,2024-12-15,2024-12,49,2024
complaints,2024-12-16,2024-12,57,2024
complaints,2024-12-17,2024-12,62,2024
complaints,2024-12-18,2024-12,51,2024
complaints,2024-12-19,2024-12,66,2024
complaints,2024-12-20,2024-12,69,2024
complaints,2024-12-21,2024-12,50,2024
complaints,2024-12-22,2024-12,47,2024
complaints,2024-12-23,2024-12,53,2024
complaints,2024-12-24,2024-12,76,2024
complaints,2024-12-25,2024-12,72,2024
complaints,2024-12-26,2024-12,74,2024
complaints,2024-12-27,2024-12,64,2024
complaints,2024-12-28,2024-12,55,2024
complaints,2024-12-29,2024-12,50,2024
complaints,2024-12-30,2024-12,55,2024
complaints,2024-12-31,2024-12,60,2024
complaints,2025-01-01,2025-01,71,2025
complaints,2025-01-02,2025-01,68,2025
complaints,2025-01-03,2025-01,66,2025
complaints,2025-01-04,2025-01,48,2025
complaints,2025-01-05,2025-01,51,2025
complaints,2025-01-06,2025-01,60,2025
complaints,2025-01-07,2025-01,78,2025
complaints,2025-01-08,2025-01,82,2025
complaints,2025-01-09,2025-01,68,2025
complaints,2025-01-10,2025-01,69,2025
complaints,2025-01-11,2025-01,63,2025
complaints,2025-01-12,2025-01,62,2025
complaints,2025-01-13,2025-01,67,2025
complaints,2025-01-14,2025-01,60,2025
complaints,2025-01-15,2025-01,68,2025
complaints,2025-01-16,2025-01,69,2025
complaints,2025-01-17,2025-01,70,2025
complaints,2025-01-18,2025-01,45,2025
complaints,2025-01-19,2025-01,63,2025
complaints,2025-01-20,2025-01,47,2025
complaints,2025-01-21,2025-01,56,2025
complaints,2025-01-22,2025-01,63,2025
complaints,2025-01-23,2025-01,71,2025
complaints,2025-01-24,2025-01,78,2025
complaints,2025-01-25,2025-01,70,2025
complaints,2025-01-26,2025-01,57,2025
complaints,2025-01-27,2025-01,70,2025
complaints,2025-01-28,2025-01,62,2025
complaints,2025-01-29,2025-01,73,2025
complaints,2025-01-30,2025-01,69,2025
complaints,2025-01-31,2025-01,81,2025
complaints,2025-02-01,2025-02,77,2025
complaints,2025-02-02,2025-02,51,2025
complaints,2025-02-03,2025-02,58,2025
complaints,2025-02-04,2025-02,51,2025
complaints,2025-02-05,2025-02,58,2025
complaints,2025-02-06,2025-02,63,2025
complaints,2025-02-07,2025-02,63,2025
complaints,2025-02-08,2025-02,48,2025
complaints,2025-02-09,2025-02,62,2025
complaints,2025-02-10,2025-02,57,2025
complaints,2025-02-11,2025-02,64,2025
complaints,2025-02-12,2025-02,66,2025
complaints,2025-02-13,2025-02,73,2025
complaints,2025-02-14,2025-02,60,2025
complaints,2025-02-15,2025-02,57,2025
complaints,2025-02-16,2025-02,43,2025
complaints,2025-02-17,2025-02,62,2025
complaints,2025-02-18,2025-02,74,2025
complaints,2025-02-19,2025-02,54,2025
complaints,2025-02-20,2025-02,78,2025
complaints,2025-02-21,2025-02,79,2025
complaints,2025-02-22,2025-02,50,2025
complaints,2025-02-23,2025-02,60,2025
complaints,2025-02-24,2025-02,55,2025
complaints,2025-02-25,2025-02,62,2025
complaints,2025-02-26,2025-02,67,2025
complaints,2025-02-27,2025-02,71,2025
complaints,2025-02-28,2025-02,72,2025
complaints,2025-03-01,2025-03,54,2025
complaints,2025-03-02,2025-03,50,2025
complaints,2025-03-03,2025-03,63,2025
complaints,2025-03-04,2025-03,54,2025
complaints,2025-03-05,2025-03,74,2025
complaints,2025-03-06,2025-03,69,2025
complaints,2025-03-07,2025-03,68,2025
complaints,2025-03-08,2025-03,56,2025
complaints,2025-03-09,2025-03,50,2025
complaints,2025-03-10,2025-03,60,2025
complaints,2025-03-11,2025-03,56,2025
complaints,2025-03-12,2025-03,50,2025
complaints,2025-03-13,2025-03,69,2025
complaints,2025-03-14,2025-03,77,2025
complaints,2025-03-15,2025-03,44,2025
complaints,2025-03-16,2025-03,56,2025
complaints,2025-03-17,2025-03,57,2025
complaints,2025-03-18,2025-03,46,2025
complaints,2025-03-19,2025-03,70,2025
complaints,2025-03-20,2025-03,63,2025
complaints,2025-03-21,2025-03,63,2025
complaints,2025-03-22,2025-03,53,2025
complaints,2025-03-23,2025-03,54,2025
complaints,2025-03-24,2025-03,58,2025
complaints,2025-03-25,2025-03,48,2025
complaints,2025-03-26,2025-03,59,2025
complaints,2025-03-27,2025-03,62,2025
complaints,2025-03-28,2025-03,63,2025
complaints,2025-03-29,2025-03,60,2025
complaints,2025-03-30,2025-03,44,2025
complaints,2025-03-31,2025-03,44,2025
complaints,2025-04-01,2025-04,57,2025
complaints,2025-04-02,2025-04,61,2025
complaints,2025-04-03,2025-04,67,2025
complaints,2025-04-04,2025-04,71,2025
complaints,2025-04-05,2025-04,57,2025
complaints,2025-04-06,2025-04,54,2025
complaints,2025-04-07,2025-04,53,2025
complaints,2025-04-08,2025-04,47,2025
complaints,2025-04-09,2025-04,54,2025
complaints,2025-04-10,2025-04,61,2025
complaints,2025-04-11,2025-04,61,2025
complaints,2025-04-12,2025-04,54,2025
complaints,2025-04-13,2025-04,43,2025
complaints,2025-04-14,2025-04,57,2025
complaints,2025-04-15,2025-04,69,2025
complaints,2025-04-16,2025-04,62,2025
complaints,2025-04-17,2025-04,64,2025
complaints,2025-04-18,2025-04,66,2025
complaints,2025-04-19,2025-04,69,2025
complaints,2025-04-20,2025-04,49,2025
complaints,2025-04-21,2025-04,60,2025
complaints,2025-04-22,2025-04,50,2025
complaints,2025-04-23,2025-04,71,2025
complaints,2025-04-24,2025-04,70,2025
complaints,2025-04-25,2025-04,66,2025
complaints,2025-04-26,2025-04,47,2025
complaints,2025-04-27,2025-04,52,2025
complaints,2025-04-28,2025-04,47,2025
complaints,2025-04-29,2025-04,60,2025
complaints,2025-04-30,2025-04,59,2025
complaints,2025-05-01,2025-05,72,2025
complaints,2025-05-02,2025-05,65,2025
complaints,2025-05-03,2025-05,56,2025
complaints,2025-05-04,2025-05,55,2025
complaints,2025-05-05,2025-05,65,2025
complaints,2025-05-06,2025-05,54,2025
complaints,2025-05-07,2025-05,57,2025
complaints,2025-05-08,2025-05,60,2025
complaints,2025-05-09,2025-05,51,2025
complaints,2025-05-10,2025-05,53,2025
complaints,2025-05-11,2025-05,56,2025
complaints,2025-05-12,2025-05,52,2025
complaints,2025-05-13,2025-05,59,2025
complaints,2025-05-14,2025-05,61,2025
complaints,2025-05-15,2025-05,76,2025
complaints,2025-05-16,2025-05,79,2025
complaints,2025-05-17,2025-05,65,2025
complaints,2025-05-18,2025-05,38,2025
complaints,2025-05-19,2025-05,52,2025
complaints,2025-05-20,2025-05,50,2025
complaints,2025-05-21,2025-05,68,2025
complaints,2025-05-22,2025-05,84,2025
complaints,2025-05-23,2025-05,67,2025
complaints,2025-05-24,2025-05,54,2025
complaints,2025-05-25,2025-05,53,2025
complaints,2025-05-26,2025-05,47,2025
complaints,2025-05-27,2025-05,58,2025
complaints,2025-05-28,2025-05,76,2025
complaints,2025-05-29,2025-05,76,2025
complaints,2025-05-30,2025-05,60,2025
complaints,2025-05-31,2025-05,64,2025
complaints,2025-06-01,2025-06,50,2025
complaints,2025-06-02,2025-06,56,2025
complaints,2025-06-03,2025-06,62,2025
complaints,2025-06-04,2025-06,56,2025
complaints,2025-06-05,2025-06,72,2025
complaints,2025-06-06,2025-06,62,2025
complaints,2025-06-07,2025-06,67,2025
complaints,2025-06-08,2025-06,58,2025
complaints,2025-06-09,2025-06,52,2025
complaints,2025-06-10,2025-06,72,2025
complaints,2025-06-11,2025-06,66,2025
complaints,2025-06-12,2025-06,51,2025
complaints,2025-06-13,2025-06,88,2025
complaints,2025-06-14,2025-06,61,2025
complaints,2025-06-15,2025-06,40,2025
complaints,2025-06-16,2025-06,52,2025
complaints,2025-06-17,2025-06,71,2025
complaints,2025-06-18,2025-06,70,2025
complaints,2025-06-19,2025-06,76,2025
complaints,2025-06-20,2025-06,60,2025
complaints,2025-06-21,2025-06,56,2025
complaints,2025-06-22,2025-06,55,2025
complaints,2025-06-23,2025-06,59,2025
complaints,2025-06-24,2025-06,66,2025
complaints,2025-06-25,2025-06,52,2025
complaints,2025-06-26,2025-06,71,2025
complaints,2025-06-27,2025-06,66,2025
complaints,2025-06-28,2025-06,65,2025
complaints,2025-06-29,2025-06,54,2025
complaints,2025-06-30,2025-06,58,2025
complaints,2025-07-01,2025-07,61,2025
complaints,2025-07-02,2025-07,80,2025
complaints,2025-07-03,2025-07,63,2025
complaints,2025-07-04,2025-07,66,2025
complaints,2025-07-05,2025-07,61,2025
complaints,2025-07-06,2025-07,53,2025
complaints,2025-07-07,2025-07,59,2025
complaints,2025-07-08,2025-07,61,2025
complaints,2025-07-09,2025-07,70,2025
complaints,2025-07-10,2025-07,69,2025
complaints,2025-07-11,2025-07,67,2025
complaints,2025-07-12,2025-07,64,2025
complaints,2025-07-13,2025-07,58,2025
complaints,2025-07-14,2025-07,54,2025
complaints,2025-07-15,2025-07,63,2025
complaints,2025-07-16,2025-07,62,2025
complaints,2025-07-17,2025-07,81,2025
complaints,2025-07-18,2025-07,91,2025
complaints,2025-07-19,2025-07,58,2025
complaints,2025-07-20,2025-07,56,2025
complaints,2025-07-21,2025-07,55,2025
complaints,2025-07-22,2025-07,68,2025
complaints,2025-07-23,2025-07,53,2025
complaints,2025-07-24,2025-07,71,2025
complaints,2025-07-25,2025-07,71,2025
complaints,2025-07-26,2025-07,61,2025
complaints,2025-07-27,2025-07,53,2025
complaints,2025-07-28,2025-07,64,2025
complaints,2025-07-29,2025-07,45,2025
complaints,2025-07-30,2025-07,60,2025
complaints,2025-07-31,2025-07,64,2025
complaints,2025-08-01,2025-08,71,2025
complaints,2025-08-02,2025-08,64,2025
complaints,2025-08-03,2025-08,50,2025
complaints,2025-08-04,2025-08,50,2025
complaints,2025-08-05,2025-08,62,2025
complaints,2025-08-06,2025-08,51,2025
complaints,2025-08-07,2025-08,66,2025
complaints,2025-08-08,2025-08,66,2025
complaints,2025-08-09,2025-08,63,2025
complaints,2025-08-10,2025-08,53,2025
complaints,2025-08-11,2025-08,61,2025
complaints,2025-08-12,2025-08,63,2025
complaints,2025-08-13,2025-08,65,2025
complaints,2025-08-14,2025-08,61,2025
complaints,2025-08-15,2025-08,76,2025
complaints,2025-08-16,2025-08,53,2025
complaints,2025-08-17,2025-08,53,2025
complaints,2025-08-18,2025-08,45,2025
complaints,2025-08-19,2025-08,58,2025
complaints,2025-08-20,2025-08,65,2025
complaints,2025-08-21,2025-08,72,2025
complaints,2025-08-22,2025-08,76,2025
complaints,2025-08-23,2025-08,53,2025
complaints,2025-08-24,2025-08,57,2025
complaints,2025-08-25,2025-08,54,2025
complaints,2025-08-26,2025-08,52,2025
complaints,2025-08-27,2025-08,68,2025
complaints,2025-08-28,2025-08,71,2025
complaints,2025-08-29,2025-08,69,2025
complaints,2025-08-30,2025-08,59,2025
complaints,2025-08-31,2025-08,56,2025
complaints,2025-09-01,2025-09,51,2025
complaints,2025-09-02,2025-09,56,2025
complaints,2025-09-03,2025-09,81,2025
complaints,2025-09-04,2025-09,75,2025
complaints,2025-09-05,2025-09,66,2025
complaints,2025-09-06,2025-09,57,2025
complaints,2025-09-07,2025-09,47,2025
complaints,2025-09-08,2025-09,54,2025
complaints,2025-09-09,2025-09,56,2025
complaints,2025-09-10,2025-09,70,2025
complaints,2025-09-11,2025-09,81,2025
complaints,2025-09-12,2025-09,59,2025
complaints,2025-09-13,2025-09,58,2025
complaints,2025-09-14,2025-09,44,2025
complaints,2025-09-15,2025-09,58,2025
complaints,2025-09-16,2025-09,61,2025
complaints,2025-09-17,2025-09,65,2025
complaints,2025-09-18,2025-09,65,2025
complaints,2025-09-19,2025-09,68,2025
complaints,2025-09-20,2025-09,50,2025
complaints,2025-09-21,2025-09,52,2025
complaints,2025-09-22,2025-09,58,2025
complaints,2025-09-23,2025-09,46,2025
complaints,2025-09-24,2025-09,56,2025
complaints,2025-09-25,2025-09,60,2025
complaints,2025-09-26,2025-09,54,2025
complaints,2025-09-27,2025-09,63,2025
complaints,2025-09-28,2025-09,51,2025
complaints,2025-09-29,2025-09,52,2025
complaints,2025-09-30,2025-09,65,2025
complaints,2025-10-01,2025-10,61,2025
complaints,2025-10-02,2025-10,64,2025
complaints,2025-10-03,2025-10,60,2025
complaints,2025-10-04,2025-10,63,2025
complaints,2025-10-05,2025-10,59,2025
complaints,2025-10-06,2025-10,64,2025
complaints,2025-10-07,2025-10,65,2025
complaints,2025-10-08,2025-10,72,2025
complaints,2025-10-09,2025-10,79,2025
complaints,2025-10-10,2025-10,67,2025
complaints,2025-10-11,2025-10,59,2025
complaints,2025-10-12,2025-10,44,2025
complaints,2025-10-13,2025-10,43,2025
complaints,2025-10-14,2025-10,68,2025
complaints,2025-10-15,2025-10,65,2025
complaints,2025-10-16,2025-10,66,2025
complaints,2025-10-17,2025-10,77,2025
complaints,2025-10-18,2025-10,48,2025
complaints,2025-10-19,2025-10,60,2025
complaints,2025-10-20,2025-10,60,2025
complaints,2025-10-21,2025-10,73,2025
complaints,2025-10-22,2025-10,70,2025
complaints,2025-10-23,2025-10,60,2025
complaints,2025-10-24,2025-10,77,2025
complaints,2025-10-25,2025-10,57,2025
complaints,2025-10-26,2025-10,52,2025
complaints,2025-10-27,2025-10,58,2025
complaints,2025-10-28,2025-10,63,2025
complaints,2025-10-29,2025-10,64,2025
complaints,2025-10-30,2025-10,66,2025
complaints,2025-10-31,2025-10,61,2025
complaints,2025-11-01,2025-11,63,2025
complaints,2025-11-02,2025-11,49,2025
complaints,2025-11-03,2025-11,52,2025
complaints,2025-11-04,2025-11,71,2025
complaints,2025-11-05,2025-11,66,2025
complaints,2025-11-06,2025-11,76,2025
complaints,2025-11-07,2025-11,77,2025
complaints,2025-11-08,2025-11,68,2025
complaints,2025-11-09,2025-11,60,2025
complaints,2025-11-10,2025-11,60,2025
complaints,2025-11-11,2025-11,59,2025
complaints,2025-11-12,2025-11,70,2025
complaints,2025-11-13,2025-11,60,2025
complaints,2025-11-14,2025-11,71,2025
complaints,2025-11-15,2025-11,55,2025
complaints,2025-11-16,2025-11,54,2025
complaints,2025-11-17,2025-11,64,2025
complaints,2025-11-18,2025-11,73,2025
complaints,2025-11-19,2025-11,66,2025
complaints,2025-11-20,2025-11,68,2025
complaints,2025-11-21,2025-11,62,2025
complaints,2025-11-22,2025-11,52,2025
complaints,2025-11-23,2025-11,55,2025
complaints,2025-11-24,2025-11,56,2025
complaints,2025-11-25,2025-11,50,2025
complaints,2025-11-26,2025-11,58,2025
complaints,2025-11-27,2025-11,67,2025
complaints,2025-11-28,2025-11,57,2025
complaints,2025-11-29,2025-11,56,2025
complaints,2025-11-30,2025-11,53,2025
complaints,2025-12-01,2025-12,57,2025
complaints,2025-12-02,2025-12,64,2025
complaints,2025-12-03,2025-12,67,2025
complaints,2025-12-04,2025-12,65,2025
complaints,2025-12-05,2025-12,59,2025
complaints,2025-12-06,2025-12,55,2025
complaints,2025-12-07,2025-12,49,2025
complaints,2025-12-08,2025-12,49,2025
complaints,2025-12-09,2025-12,48,2025
complaints,2025-12-10,2025-12,65,2025
complaints,2025-12-11,2025-12,64,2025
complaints,2025-12-12,2025-12,62,2025
complaints,2025-12-13,2025-12,71,2025
complaints,2025-12-14,2025-12,53,2025
complaints,2025-12-15,2025-12,51,2025
complaints,2025-12-16,2025-12,48,2025
complaints,2025-12-17,2025-12,74,2025
complaints,2025-12-18,2025-12,85,2025
complaints,2025-12-19,2025-12,70,2025
complaints,2025-12-20,2025-12,52,2025
complaints,2025-12-21,2025-12,53,2025
complaints,2025-12-22,2025-12,60,2025
complaints,2025-12-23,2025-12,70,2025
complaints,2025-12-24,2025-12,65,2025
complaints,2025-12-25,2025-12,68,2025
complaints,2025-12-26,2025-12,60,2025
complaints,2025-12-27,2025-12,56,2025
complaints,2025-12-28,2025-12,56,2025
complaints,2025-12-29,2025-12,46,2025
complaints,2025-12-30,2025-12,71,2025
complaints,2025-12-31,2025-12,68,2025
complaints,2026-01-01,2026-01,79,2026
complaints,2026-01-02,2026-01,74,2026
complaints,2026-01-03,2026-01,67,2026
complaints,2026-01-04,2026-01,59,2026
complaints,2026-01-05,2026-01,54,2026
complaints,2026-01-06,2026-01,64,2026
complaints,2026-01-07,2026-01,78,2026
complaints,2026-01-08,2026-01,66,2026
complaints,2026-01-09,2026-01,60,2026
complaints,2026-01-10,2026-01,53,2026
complaints,2026-01-11,2026-01,54,2026
complaints,2026-01-12,2026-01,64,2026
complaints,2026-01-13,2026-01,57,2026
complaints,2026-01-14,2026-01,64,2026
complaints,2026-01-15,2026-01,75,2026
complaints,2026-01-16,2026-01,77,2026
complaints,2026-01-17,2026-01,55,2026
complaints,2026-01-18,2026-01,68,2026
complaints,2026-01-19,2026-01,58,2026
complaints,2026-01-20,2026-01,69,2026
complaints,2026-01-21,2026-01,74,2026
complaints,2026-01-22,2026-01,71,2026
complaints,2026-01-23,2026-01,67,2026
complaints,2026-01-24,2026-01,47,2026
complaints,2026-01-25,2026-01,30,2026
complaints,2026-01-26,2026-01,50,2026
complaints,2026-01-27,2026-01,60,2026
complaints,2026-01-28,2026-01,62,2026
complaints,2026-01-29,2026-01,72,2026
complaints,2026-01-30,2026-01,67,2026
complaints,2026-01-31,2026-01,63,2026
complaints,2026-02-01,2026-02,58,2026
complaints,2026-02-02,2026-02,54,2026
complaints,2026-02-03,2026-02,58,2026
complaints,2026-02-04,2026-02,83,2026
complaints,2026-02-05,2026-02,55,2026
complaints,2026-02-06,2026-02,76,2026
complaints,2026-02-07,2026-02,45,2026
complaints,2026-02-08,2026-02,54,2026
complaints,2026-02-09,2026-02,53,2026
complaints,2026-02-10,2026-02,53,2026
complaints,2026-02-11,2026-02,57,2026
complaints,2026-02-12,2026-02,72,2026
complaints,2026-02-13,2026-02,85,2026
complaints,2026-02-14,2026-02,48,2026
complaints,2026-02-15,2026-02,62,2026
complaints,2026-02-16,2026-02,66,2026
complaints,2026-02-17,2026-02,58,2026
complaints,2026-02-18,2026-02,47,2026
complaints,2026-02-19,2026-02,69,2026
complaints,2026-02-20,2026-02,64,2026
complaints,2026-02-21,2026-02,74,2026
complaints,2026-02-22,2026-02,53,2026
complaints,2026-02-23,2026-02,50,2026
complaints,2026-02-24,2026-02,63,2026
complaints,2026-02-25,2026-02,72,2026
complaints,2026-02-26,2026-02,66,2026
complaints,2026-02-27,2026-02,62,2026
complaints,2026-02-28,2026-02,54,2026
complaints,2026-03-01,2026-03,54,2026
complaints,2026-03-02,2026-03,64,2026
complaints,2026-03-03,2026-03,62,2026
complaints,2026-03-04,2026-03,64,2026
complaints,2026-03-05,2026-03,60,2026
complaints,2026-03-06,2026-03,72,2026
complaints,2026-03-07,2026-03,58,2026
complaints,2026-03-08,2026-03,53,2026
complaints,2026-03-09,2026-03,52,2026
complaints,2026-03-10,2026-03,66,2026
complaints,2026-03-11,2026-03,68,2026
complaints,2026-03-12,2026-03,70,2026
complaints,2026-03-13,2026-03,62,2026
complaints,2026-03-14,2026-03,56,2026
complaints,2026-03-15,2026-03,58,2026
complaints,2026-03-16,2026-03,62,2026
complaints,2026-03-17,2026-03,49,2026
complaints,2026-03-18,2026-03,78,2026
complaints,2026-03-19,2026-03,75,2026
complaints,2026-03-20,2026-03,75,2026
complaints,2026-03-21,2026-03,62,2026
complaints,2026-03-22,2026-03,53,2026
complaints,2026-03-23,2026-03,58,2026
complaints,2026-03-24,2026-03,55,2026
complaints,2026-03-25,2026-03,65,2026
complaints,2026-03-26,2026-03,81,2026
complaints,2026-03-27,2026-03,70,2026
complaints,2026-03-28,2026-03,61,2026
complaints,2026-03-29,2026-03,50,2026
complaints,2026-03-30,2026-03,59,2026
complaints,2026-03-31,2026-03,83,2026
complaints,2026-04-01,2026-04,69,2026
complaints,2026-04-02,2026-04,68,2026
complaints,2026-04-03,2026-04,93,2026
complaints,2026-04-04,2026-04,41,2026
complaints,2026-04-05,2026-04,53,2026
complaints,2026-04-06,2026-04,56,2026
complaints,2026-04-07,2026-04,63,2026
complaints,2026-04-08,2026-04,68,2026
complaints,2026-04-09,2026-04,63,2026
complaints,2026-04-10,2026-04,66,2026
complaints,2026-04-11,2026-04,61,2026
complaints,2026-04-12,2026-04,49,2026
complaints,2026-04-13,2026-04,48,2026
complaints,2026-04-14,2026-04,69,2026
complaints,2026-04-15,2026-04,60,2026
complaints,2026-04-16,2026-04,74,2026
complaints,2026-04-17,2026-04,82,2026
complaints,2026-04-18,2026-04,52,2026
complaints,2026-04-19,2026-04,60,2026
complaints,2026-04-20,2026-04,61,2026
complaints,2026-04-21,2026-04,68,2026
complaints,2026-04-22,2026-04,57,2026
complaints,2026-04-23,2026-04,84,2026
complaints,2026-04-24,2026-04,60,2026
complaints,2026-04-25,2026-04,45,2026
complaints,2026-04-26,2026-04,65,2026
complaints,2026-04-27,2026-04,57,2026
complaints,2026-04-28,2026-04,67,2026
complaints,2026-04-29,2026-04,78,2026
complaints,2026-04-30,2026-04,50,2026
complaints,2026-05-01,2026-05,69,2026
complaints,2026-05-02,2026-05,51,2026
complaints,2026-05-03,2026-05,41,2026
complaints,2026-05-04,2026-05,62,2026
complaints,2026-05-05,2026-05,48,2026
complaints,2026-05-06,2026-05,70,2026
complaints,2026-05-07,2026-05,72,2026
complaints,2026-05-08,2026-05,77,2026
complaints,2026-05-09,2026-05,60,2026
complaints,2026-05-10,2026-05,63,2026
complaints,2026-05-11,2026-05,48,2026
complaints,2026-05-12,2026-05,64,2026
complaints,2026-05-13,2026-05,47,2026
complaints,2026-05-14,2026-05,60,2026
complaints,2026-05-15,2026-05,67,2026
complaints,2026-05-16,2026-05,52,2026
complaints,2026-05-17,2026-05,49,2026
complaints,2026-05-18,2026-05,49,2026
complaints,2026-05-19,2026-05,54,2026
complaints,2026-05-20,2026-05,65,2026
complaints,2026-05-21,2026-05,76,2026
complaints,2026-05-22,2026-05,60,2026
complaints,2026-05-23,2026-05,56,2026
complaints,2026-05-24,2026-05,56,2026
complaints,2026-05-25,2026-05,53,2026
complaints,2026-05-26,2026-05,52,2026
complaints,2026-05-27,2026-05,61,2026
complaints,2026-05-28,2026-05,78,2026
complaints,2026-05-29,2026-05,73,2026
complaints,2026-05-30,2026-05,49,2026
complaints,2026-05-31,2026-05,51,2026
complaints,2026-06-01,2026-06,46,2026
complaints,2026-06-02,2026-06,66,2026
complaints,2026-06-03,2026-06,63,2026
complaints,2026-06-04,2026-06,66,2026
complaints,2026-06-05,2026-06,84,2026
complaints,2026-06-06,2026-06,58,2026
complaints,2026-06-07,2026-06,39,2026
complaints,2026-06-08,2026-06,51,2026
complaints,2026-06-09,2026-06,57,2026
complaints,2026-06-10,2026-06,65,2026
complaints,2026-06-11,2026-06,70,2026
complaints,2026-06-12,2026-06,69,2026
complaints,2026-06-13,2026-06,56,2026
complaints,2026-06-14,2026-06,57,2026
complaints,2026-06-15,2026-06,54,2026
complaints,2026-06-16,2026-06,55,2026
complaints,2026-06-17,2026-06,72,2026
complaints,2026-06-18,2026-06,41,2026
complaints,2026-06-19,2026-06,31,2026
complaints,2026-06-20,2026-06,20,2026
complaints,2026-06-21,2026-06,9,2026
complaints,2026-06-22,2026-06,10,2026
complaints,2026-06-23,2026-06,7,2026
complaints,2026-06-24,2026-06,18,2026
complaints,2026-06-25,2026-06,14,2026
complaints,2026-06-26,2026-06,6,2026
complaints,2026-06-27,2026-06,7,2026
complaints,2026-06-28,2026-06,12,2026
complaints,2026-06-29,2026-06,8,2026
complaints,2026-06-30,2026-06,5,2026
complaints,2026-07-01,2026-07,12,2026
complaints,2026-07-02,2026-07,5,2026
complaints,2026-07-03,2026-07,14,2026
complaints,2026-07-04,2026-07,7,2026
complaints,2026-07-05,2026-07,4,2026
complaints,2026-07-06,2026-07,6,2026
complaints,2026-07-07,2026-07,3,2026
complaints,2026-07-08,2026-07,7,2026
complaints,2026-07-09,2026-07,4,2026
complaints,2026-07-10,2026-07,9,2026
complaints,2026-07-11,2026-07,5,2026
complaints,2026-07-12,2026-07,3,2026
complaints,2026-07-13,2026-07,6,2026
complaints,2026-07-14,2026-07,1,2026
complaints,2026-07-15,2026-07,2,2026
complaints,2026-07-16,2026-07,1,2026
complaints,2026-07-17,2026-07,1,2026
complaints,2026-07-18,2026-07,4,2026
customers,2018-06-18,2018-06,1,2018
customers,2018-06-20,2018-06,1,2018
customers,2018-06-21,2018-06,1,2018
customers,2018-06-22,2018-06,1,2018
customers,2018-06-23,2018-06,1,2018
customers,2018-06-26,2018-06,2,2018
customers,2018-06-27,2018-06,1,2018
customers,2018-06-29,2018-06,1,2018
customers,2018-06-30,2018-06,3,2018
customers,2018-07-01,2018-07,4,2018
customers,2018-07-02,2018-07,2,2018
customers,2018-07-03,2018-07,3,2018
customers,2018-07-04,2018-07,6,2018
customers,2018-07-05,2018-07,4,2018
customers,2018-07-06,2018-07,1,2018
customers,2018-07-07,2018-07,5,2018
customers,2018-07-08,2018-07,4,2018
customers,2018-07-09,2018-07,1,2018
customers,2018-07-10,2018-07,1,2018
customers,2018-07-11,2018-07,4,2018
customers,2018-07-12,2018-07,6,2018
customers,2018-07-13,2018-07,6,2018
customers,2018-07-14,2018-07,4,2018
customers,2018-07-15,2018-07,1,2018
customers,2018-07-16,2018-07,2,2018
customers,2018-07-17,2018-07,7,2018
customers,2018-07-18,2018-07,1,2018
customers,2018-07-19,2018-07,2,2018
customers,2018-07-20,2018-07,5,2018
customers,2018-07-21,2018-07,6,2018
customers,2018-07-22,2018-07,2,2018
customers,2018-07-23,2018-07,5,2018
customers,2018-07-24,2018-07,6,2018
customers,2018-07-25,2018-07,4,2018
customers,2018-07-26,2018-07,8,2018
customers,2018-07-27,2018-07,6,2018
customers,2018-07-28,2018-07,8,2018
customers,2018-07-29,2018-07,6,2018
customers,2018-07-30,2018-07,4,2018
customers,2018-07-31,2018-07,5,2018
customers,2018-08-01,2018-08,6,2018
customers,2018-08-02,2018-08,4,2018
customers,2018-08-03,2018-08,10,2018
customers,2018-08-04,2018-08,10,2018
customers,2018-08-05,2018-08,7,2018
customers,2018-08-06,2018-08,7,2018
customers,2018-08-07,2018-08,9,2018
customers,2018-08-08,2018-08,8,2018
customers,2018-08-09,2018-08,6,2018
customers,2018-08-10,2018-08,10,2018
customers,2018-08-11,2018-08,7,2018
customers,2018-08-12,2018-08,13,2018
customers,2018-08-13,2018-08,3,2018
customers,2018-08-14,2018-08,14,2018
customers,2018-08-15,2018-08,9,2018
customers,2018-08-16,2018-08,9,2018
customers,2018-08-17,2018-08,10,2018
customers,2018-08-18,2018-08,11,2018
customers,2018-08-19,2018-08,5,2018
customers,2018-08-20,2018-08,7,2018
customers,2018-08-21,2018-08,6,2018
customers,2018-08-22,2018-08,15,2018
customers,2018-08-23,2018-08,15,2018
customers,2018-08-24,2018-08,9,2018
customers,2018-08-25,2018-08,5,2018
customers,2018-08-26,2018-08,10,2018
customers,2018-08-27,2018-08,5,2018
customers,2018-08-28,2018-08,10,2018
customers,2018-08-29,2018-08,9,2018
customers,2018-08-30,2018-08,3,2018
customers,2018-08-31,2018-08,7,2018
customers,2018-09-01,2018-09,7,2018
customers,2018-09-02,2018-09,14,2018
customers,2018-09-03,2018-09,8,2018
customers,2018-09-04,2018-09,8,2018
customers,2018-09-05,2018-09,12,2018
customers,2018-09-06,2018-09,9,2018
customers,2018-09-07,2018-09,12,2018
customers,2018-09-08,2018-09,11,2018
customers,2018-09-09,2018-09,10,2018
customers,2018-09-10,2018-09,11,2018
customers,2018-09-11,2018-09,8,2018
customers,2018-09-12,2018-09,15,2018
customers,2018-09-13,2018-09,10,2018
customers,2018-09-14,2018-09,7,2018
customers,2018-09-15,2018-09,12,2018
customers,2018-09-16,2018-09,8,2018
customers,2018-09-17,2018-09,13,2018
customers,2018-09-18,2018-09,17,2018
customers,2018-09-19,2018-09,13,2018
customers,2018-09-20,2018-09,11,2018
customers,2018-09-21,2018-09,7,2018
customers,2018-09-22,2018-09,12,2018
customers,2018-09-23,2018-09,15,2018
customers,2018-09-24,2018-09,21,2018
customers,2018-09-25,2018-09,19,2018
customers,2018-09-26,2018-09,14,2018
customers,2018-09-27,2018-09,14,2018
customers,2018-09-28,2018-09,20,2018
customers,2018-09-29,2018-09,11,2018
customers,2018-09-30,2018-09,9,2018
customers,2018-10-01,2018-10,15,2018
customers,2018-10-02,2018-10,18,2018
customers,2018-10-03,2018-10,13,2018
customers,2018-10-04,2018-10,12,2018
customers,2018-10-05,2018-10,22,2018
customers,2018-10-06,2018-10,23,2018
customers,2018-10-07,2018-10,18,2018
customers,2018-10-08,2018-10,11,2018
customers,2018-10-09,2018-10,13,2018
customers,2018-10-10,2018-10,19,2018
customers,2018-10-11,2018-10,21,2018
customers,2018-10-12,2018-10,14,2018
customers,2018-10-13,2018-10,13,2018
customers,2018-10-14,2018-10,24,2018
customers,2018-10-15,2018-10,18,2018
customers,2018-10-16,2018-10,26,2018
customers,2018-10-17,2018-10,20,2018
customers,2018-10-18,2018-10,27,2018
customers,2018-10-19,2018-10,20,2018
customers,2018-10-20,2018-10,17,2018
customers,2018-10-21,2018-10,20,2018
customers,2018-10-22,2018-10,19,2018
customers,2018-10-23,2018-10,18,2018
customers,2018-10-24,2018-10,23,2018
customers,2018-10-25,2018-10,19,2018
customers,2018-10-26,2018-10,19,2018
customers,2018-10-27,2018-10,17,2018
customers,2018-10-28,2018-10,12,2018
customers,2018-10-29,2018-10,25,2018
customers,2018-10-30,2018-10,23,2018
customers,2018-10-31,2018-10,22,2018
customers,2018-11-01,2018-11,23,2018
customers,2018-11-02,2018-11,17,2018
customers,2018-11-03,2018-11,16,2018
customers,2018-11-04,2018-11,18,2018
customers,2018-11-05,2018-11,19,2018
customers,2018-11-06,2018-11,24,2018
customers,2018-11-07,2018-11,25,2018
customers,2018-11-08,2018-11,21,2018
customers,2018-11-09,2018-11,23,2018
customers,2018-11-10,2018-11,18,2018
customers,2018-11-11,2018-11,12,2018
customers,2018-11-12,2018-11,18,2018
customers,2018-11-13,2018-11,28,2018
customers,2018-11-14,2018-11,19,2018
customers,2018-11-15,2018-11,19,2018
customers,2018-11-16,2018-11,22,2018
customers,2018-11-17,2018-11,23,2018
customers,2018-11-18,2018-11,20,2018
customers,2018-11-19,2018-11,25,2018
customers,2018-11-20,2018-11,23,2018
customers,2018-11-21,2018-11,25,2018
customers,2018-11-22,2018-11,19,2018
customers,2018-11-23,2018-11,30,2018
customers,2018-11-24,2018-11,27,2018
customers,2018-11-25,2018-11,25,2018
customers,2018-11-26,2018-11,17,2018
customers,2018-11-27,2018-11,15,2018
customers,2018-11-28,2018-11,28,2018
customers,2018-11-29,2018-11,19,2018
customers,2018-11-30,2018-11,27,2018
customers,2018-12-01,2018-12,28,2018
customers,2018-12-02,2018-12,17,2018
customers,2018-12-03,2018-12,17,2018
customers,2018-12-04,2018-12,29,2018
customers,2018-12-05,2018-12,21,2018
customers,2018-12-06,2018-12,23,2018
customers,2018-12-07,2018-12,28,2018
customers,2018-12-08,2018-12,18,2018
customers,2018-12-09,2018-12,26,2018
customers,2018-12-10,2018-12,33,2018
customers,2018-12-11,2018-12,27,2018
customers,2018-12-12,2018-12,16,2018
customers,2018-12-13,2018-12,26,2018
customers,2018-12-14,2018-12,28,2018
customers,2018-12-15,2018-12,26,2018
customers,2018-12-16,2018-12,32,2018
customers,2018-12-17,2018-12,28,2018
customers,2018-12-18,2018-12,25,2018
customers,2018-12-19,2018-12,24,2018
customers,2018-12-20,2018-12,35,2018
customers,2018-12-21,2018-12,28,2018
customers,2018-12-22,2018-12,32,2018
customers,2018-12-23,2018-12,31,2018
customers,2018-12-24,2018-12,23,2018
customers,2018-12-25,2018-12,22,2018
customers,2018-12-26,2018-12,18,2018
customers,2018-12-27,2018-12,22,2018
customers,2018-12-28,2018-12,27,2018
customers,2018-12-29,2018-12,17,2018
customers,2018-12-30,2018-12,30,2018
customers,2018-12-31,2018-12,35,2018
customers,2019-01-01,2019-01,23,2019
customers,2019-01-02,2019-01,23,2019
customers,2019-01-03,2019-01,34,2019
customers,2019-01-04,2019-01,20,2019
customers,2019-01-05,2019-01,30,2019
customers,2019-01-06,2019-01,32,2019
customers,2019-01-07,2019-01,31,2019
customers,2019-01-08,2019-01,35,2019
customers,2019-01-09,2019-01,43,2019
customers,2019-01-10,2019-01,25,2019
customers,2019-01-11,2019-01,19,2019
customers,2019-01-12,2019-01,31,2019
customers,2019-01-13,2019-01,28,2019
customers,2019-01-14,2019-01,40,2019
customers,2019-01-15,2019-01,27,2019
customers,2019-01-16,2019-01,20,2019
customers,2019-01-17,2019-01,35,2019
customers,2019-01-18,2019-01,17,2019
customers,2019-01-19,2019-01,25,2019
customers,2019-01-20,2019-01,27,2019
customers,2019-01-21,2019-01,27,2019
customers,2019-01-22,2019-01,38,2019
customers,2019-01-23,2019-01,32,2019
customers,2019-01-24,2019-01,29,2019
customers,2019-01-25,2019-01,33,2019
customers,2019-01-26,2019-01,33,2019
customers,2019-01-27,2019-01,20,2019
customers,2019-01-28,2019-01,31,2019
customers,2019-01-29,2019-01,38,2019
customers,2019-01-30,2019-01,33,2019
customers,2019-01-31,2019-01,33,2019
customers,2019-02-01,2019-02,34,2019
customers,2019-02-02,2019-02,32,2019
customers,2019-02-03,2019-02,39,2019
customers,2019-02-04,2019-02,30,2019
customers,2019-02-05,2019-02,27,2019
customers,2019-02-06,2019-02,52,2019
customers,2019-02-07,2019-02,37,2019
customers,2019-02-08,2019-02,30,2019
customers,2019-02-09,2019-02,33,2019
customers,2019-02-10,2019-02,32,2019
customers,2019-02-11,2019-02,37,2019
customers,2019-02-12,2019-02,34,2019
customers,2019-02-13,2019-02,32,2019
customers,2019-02-14,2019-02,38,2019
customers,2019-02-15,2019-02,42,2019
customers,2019-02-16,2019-02,30,2019
customers,2019-02-17,2019-02,37,2019
customers,2019-02-18,2019-02,33,2019
customers,2019-02-19,2019-02,37,2019
customers,2019-02-20,2019-02,36,2019
customers,2019-02-21,2019-02,43,2019
customers,2019-02-22,2019-02,40,2019
customers,2019-02-23,2019-02,35,2019
customers,2019-02-24,2019-02,28,2019
customers,2019-02-25,2019-02,29,2019
customers,2019-02-26,2019-02,41,2019
customers,2019-02-27,2019-02,33,2019
customers,2019-02-28,2019-02,31,2019
customers,2019-03-01,2019-03,39,2019
customers,2019-03-02,2019-03,38,2019
customers,2019-03-03,2019-03,42,2019
customers,2019-03-04,2019-03,33,2019
customers,2019-03-05,2019-03,40,2019
customers,2019-03-06,2019-03,37,2019
customers,2019-03-07,2019-03,40,2019
customers,2019-03-08,2019-03,45,2019
customers,2019-03-09,2019-03,47,2019
customers,2019-03-10,2019-03,37,2019
customers,2019-03-11,2019-03,30,2019
customers,2019-03-12,2019-03,41,2019
customers,2019-03-13,2019-03,33,2019
customers,2019-03-14,2019-03,37,2019
customers,2019-03-15,2019-03,42,2019
customers,2019-03-16,2019-03,33,2019
customers,2019-03-17,2019-03,45,2019
customers,2019-03-18,2019-03,43,2019
customers,2019-03-19,2019-03,43,2019
customers,2019-03-20,2019-03,44,2019
customers,2019-03-21,2019-03,38,2019
customers,2019-03-22,2019-03,36,2019
customers,2019-03-23,2019-03,54,2019
customers,2019-03-24,2019-03,36,2019
customers,2019-03-25,2019-03,45,2019
customers,2019-03-26,2019-03,49,2019
customers,2019-03-27,2019-03,34,2019
customers,2019-03-28,2019-03,41,2019
customers,2019-03-29,2019-03,41,2019
customers,2019-03-30,2019-03,40,2019
customers,2019-03-31,2019-03,44,2019
customers,2019-04-01,2019-04,44,2019
customers,2019-04-02,2019-04,44,2019
customers,2019-04-03,2019-04,43,2019
customers,2019-04-04,2019-04,43,2019
customers,2019-04-05,2019-04,56,2019
customers,2019-04-06,2019-04,54,2019
customers,2019-04-07,2019-04,38,2019
customers,2019-04-08,2019-04,41,2019
customers,2019-04-09,2019-04,41,2019
customers,2019-04-10,2019-04,43,2019
customers,2019-04-11,2019-04,47,2019
customers,2019-04-12,2019-04,45,2019
customers,2019-04-13,2019-04,46,2019
customers,2019-04-14,2019-04,34,2019
customers,2019-04-15,2019-04,42,2019
customers,2019-04-16,2019-04,49,2019
customers,2019-04-17,2019-04,45,2019
customers,2019-04-18,2019-04,59,2019
customers,2019-04-19,2019-04,38,2019
customers,2019-04-20,2019-04,32,2019
customers,2019-04-21,2019-04,43,2019
customers,2019-04-22,2019-04,49,2019
customers,2019-04-23,2019-04,38,2019
customers,2019-04-24,2019-04,41,2019
customers,2019-04-25,2019-04,46,2019
customers,2019-04-26,2019-04,46,2019
customers,2019-04-27,2019-04,42,2019
customers,2019-04-28,2019-04,45,2019
customers,2019-04-29,2019-04,40,2019
customers,2019-04-30,2019-04,57,2019
customers,2019-05-01,2019-05,40,2019
customers,2019-05-02,2019-05,41,2019
customers,2019-05-03,2019-05,45,2019
customers,2019-05-04,2019-05,39,2019
customers,2019-05-05,2019-05,43,2019
customers,2019-05-06,2019-05,35,2019
customers,2019-05-07,2019-05,53,2019
customers,2019-05-08,2019-05,42,2019
customers,2019-05-09,2019-05,63,2019
customers,2019-05-10,2019-05,34,2019
customers,2019-05-11,2019-05,46,2019
customers,2019-05-12,2019-05,45,2019
customers,2019-05-13,2019-05,45,2019
customers,2019-05-14,2019-05,56,2019
customers,2019-05-15,2019-05,42,2019
customers,2019-05-16,2019-05,51,2019
customers,2019-05-17,2019-05,53,2019
customers,2019-05-18,2019-05,45,2019
customers,2019-05-19,2019-05,54,2019
customers,2019-05-20,2019-05,50,2019
customers,2019-05-21,2019-05,42,2019
customers,2019-05-22,2019-05,50,2019
customers,2019-05-23,2019-05,47,2019
customers,2019-05-24,2019-05,41,2019
customers,2019-05-25,2019-05,49,2019
customers,2019-05-26,2019-05,48,2019
customers,2019-05-27,2019-05,44,2019
customers,2019-05-28,2019-05,47,2019
customers,2019-05-29,2019-05,40,2019
customers,2019-05-30,2019-05,39,2019
customers,2019-05-31,2019-05,49,2019
customers,2019-06-01,2019-06,55,2019
customers,2019-06-02,2019-06,52,2019
customers,2019-06-03,2019-06,61,2019
customers,2019-06-04,2019-06,42,2019
customers,2019-06-05,2019-06,42,2019
customers,2019-06-06,2019-06,46,2019
customers,2019-06-07,2019-06,51,2019
customers,2019-06-08,2019-06,41,2019
customers,2019-06-09,2019-06,51,2019
customers,2019-06-10,2019-06,51,2019
customers,2019-06-11,2019-06,63,2019
customers,2019-06-12,2019-06,51,2019
customers,2019-06-13,2019-06,47,2019
customers,2019-06-14,2019-06,43,2019
customers,2019-06-15,2019-06,67,2019
customers,2019-06-16,2019-06,57,2019
customers,2019-06-17,2019-06,57,2019
customers,2019-06-18,2019-06,61,2019
customers,2019-06-19,2019-06,57,2019
customers,2019-06-20,2019-06,45,2019
customers,2019-06-21,2019-06,44,2019
customers,2019-06-22,2019-06,57,2019
customers,2019-06-23,2019-06,44,2019
customers,2019-06-24,2019-06,59,2019
customers,2019-06-25,2019-06,42,2019
customers,2019-06-26,2019-06,47,2019
customers,2019-06-27,2019-06,47,2019
customers,2019-06-28,2019-06,68,2019
customers,2019-06-29,2019-06,42,2019
customers,2019-06-30,2019-06,44,2019
customers,2019-07-01,2019-07,42,2019
customers,2019-07-02,2019-07,57,2019
customers,2019-07-03,2019-07,45,2019
customers,2019-07-04,2019-07,43,2019
customers,2019-07-05,2019-07,55,2019
customers,2019-07-06,2019-07,59,2019
customers,2019-07-07,2019-07,57,2019
customers,2019-07-08,2019-07,55,2019
customers,2019-07-09,2019-07,53,2019
customers,2019-07-10,2019-07,57,2019
customers,2019-07-11,2019-07,52,2019
customers,2019-07-12,2019-07,46,2019
customers,2019-07-13,2019-07,41,2019
customers,2019-07-14,2019-07,37,2019
customers,2019-07-15,2019-07,43,2019
customers,2019-07-16,2019-07,49,2019
customers,2019-07-17,2019-07,47,2019
customers,2019-07-18,2019-07,52,2019
customers,2019-07-19,2019-07,53,2019
customers,2019-07-20,2019-07,48,2019
customers,2019-07-21,2019-07,46,2019
customers,2019-07-22,2019-07,59,2019
customers,2019-07-23,2019-07,52,2019
customers,2019-07-24,2019-07,53,2019
customers,2019-07-25,2019-07,59,2019
customers,2019-07-26,2019-07,50,2019
customers,2019-07-27,2019-07,56,2019
customers,2019-07-28,2019-07,50,2019
customers,2019-07-29,2019-07,56,2019
customers,2019-07-30,2019-07,60,2019
customers,2019-07-31,2019-07,52,2019
customers,2019-08-01,2019-08,57,2019
customers,2019-08-02,2019-08,59,2019
customers,2019-08-03,2019-08,54,2019
customers,2019-08-04,2019-08,44,2019
customers,2019-08-05,2019-08,56,2019
customers,2019-08-06,2019-08,56,2019
customers,2019-08-07,2019-08,51,2019
customers,2019-08-08,2019-08,46,2019
customers,2019-08-09,2019-08,53,2019
customers,2019-08-10,2019-08,54,2019
customers,2019-08-11,2019-08,52,2019
customers,2019-08-12,2019-08,53,2019
customers,2019-08-13,2019-08,62,2019
customers,2019-08-14,2019-08,50,2019
customers,2019-08-15,2019-08,50,2019
customers,2019-08-16,2019-08,46,2019
customers,2019-08-17,2019-08,52,2019
customers,2019-08-18,2019-08,44,2019
customers,2019-08-19,2019-08,62,2019
customers,2019-08-20,2019-08,47,2019
customers,2019-08-21,2019-08,47,2019
customers,2019-08-22,2019-08,53,2019
customers,2019-08-23,2019-08,43,2019
customers,2019-08-24,2019-08,63,2019
customers,2019-08-25,2019-08,55,2019
customers,2019-08-26,2019-08,60,2019
customers,2019-08-27,2019-08,56,2019
customers,2019-08-28,2019-08,55,2019
customers,2019-08-29,2019-08,58,2019
customers,2019-08-30,2019-08,40,2019
customers,2019-08-31,2019-08,54,2019
customers,2019-09-01,2019-09,52,2019
customers,2019-09-02,2019-09,54,2019
customers,2019-09-03,2019-09,36,2019
customers,2019-09-04,2019-09,46,2019
customers,2019-09-05,2019-09,46,2019
customers,2019-09-06,2019-09,60,2019
customers,2019-09-07,2019-09,55,2019
customers,2019-09-08,2019-09,54,2019
customers,2019-09-09,2019-09,33,2019
customers,2019-09-10,2019-09,46,2019
customers,2019-09-11,2019-09,59,2019
customers,2019-09-12,2019-09,52,2019
customers,2019-09-13,2019-09,48,2019
customers,2019-09-14,2019-09,48,2019
customers,2019-09-15,2019-09,50,2019
customers,2019-09-16,2019-09,51,2019
customers,2019-09-17,2019-09,44,2019
customers,2019-09-18,2019-09,53,2019
customers,2019-09-19,2019-09,57,2019
customers,2019-09-20,2019-09,49,2019
customers,2019-09-21,2019-09,49,2019
customers,2019-09-22,2019-09,42,2019
customers,2019-09-23,2019-09,51,2019
customers,2019-09-24,2019-09,66,2019
customers,2019-09-25,2019-09,55,2019
customers,2019-09-26,2019-09,56,2019
customers,2019-09-27,2019-09,64,2019
customers,2019-09-28,2019-09,52,2019
customers,2019-09-29,2019-09,56,2019
customers,2019-09-30,2019-09,56,2019
customers,2019-10-01,2019-10,48,2019
customers,2019-10-02,2019-10,50,2019
customers,2019-10-03,2019-10,63,2019
customers,2019-10-04,2019-10,41,2019
customers,2019-10-05,2019-10,52,2019
customers,2019-10-06,2019-10,55,2019
customers,2019-10-07,2019-10,66,2019
customers,2019-10-08,2019-10,52,2019
customers,2019-10-09,2019-10,49,2019
customers,2019-10-10,2019-10,41,2019
customers,2019-10-11,2019-10,45,2019
customers,2019-10-12,2019-10,53,2019
customers,2019-10-13,2019-10,58,2019
customers,2019-10-14,2019-10,55,2019
customers,2019-10-15,2019-10,40,2019
customers,2019-10-16,2019-10,52,2019
customers,2019-10-17,2019-10,56,2019
customers,2019-10-18,2019-10,56,2019
customers,2019-10-19,2019-10,51,2019
customers,2019-10-20,2019-10,50,2019
customers,2019-10-21,2019-10,48,2019
customers,2019-10-22,2019-10,55,2019
customers,2019-10-23,2019-10,62,2019
customers,2019-10-24,2019-10,33,2019
customers,2019-10-25,2019-10,53,2019
customers,2019-10-26,2019-10,59,2019
customers,2019-10-27,2019-10,45,2019
customers,2019-10-28,2019-10,64,2019
customers,2019-10-29,2019-10,63,2019
customers,2019-10-30,2019-10,58,2019
customers,2019-10-31,2019-10,42,2019
customers,2019-11-01,2019-11,61,2019
customers,2019-11-02,2019-11,59,2019
customers,2019-11-03,2019-11,43,2019
customers,2019-11-04,2019-11,37,2019
customers,2019-11-05,2019-11,51,2019
customers,2019-11-06,2019-11,41,2019
customers,2019-11-07,2019-11,55,2019
customers,2019-11-08,2019-11,47,2019
customers,2019-11-09,2019-11,45,2019
customers,2019-11-10,2019-11,49,2019
customers,2019-11-11,2019-11,33,2019
customers,2019-11-12,2019-11,49,2019
customers,2019-11-13,2019-11,64,2019
customers,2019-11-14,2019-11,48,2019
customers,2019-11-15,2019-11,45,2019
customers,2019-11-16,2019-11,55,2019
customers,2019-11-17,2019-11,55,2019
customers,2019-11-18,2019-11,46,2019
customers,2019-11-19,2019-11,45,2019
customers,2019-11-20,2019-11,56,2019
customers,2019-11-21,2019-11,48,2019
customers,2019-11-22,2019-11,46,2019
customers,2019-11-23,2019-11,58,2019
customers,2019-11-24,2019-11,37,2019
customers,2019-11-25,2019-11,65,2019
customers,2019-11-26,2019-11,59,2019
customers,2019-11-27,2019-11,61,2019
customers,2019-11-28,2019-11,45,2019
customers,2019-11-29,2019-11,50,2019
customers,2019-11-30,2019-11,57,2019
customers,2019-12-01,2019-12,55,2019
customers,2019-12-02,2019-12,52,2019
customers,2019-12-03,2019-12,46,2019
customers,2019-12-04,2019-12,54,2019
customers,2019-12-05,2019-12,47,2019
customers,2019-12-06,2019-12,60,2019
customers,2019-12-07,2019-12,57,2019
customers,2019-12-08,2019-12,48,2019
customers,2019-12-09,2019-12,58,2019
customers,2019-12-10,2019-12,61,2019
customers,2019-12-11,2019-12,53,2019
customers,2019-12-12,2019-12,52,2019
customers,2019-12-13,2019-12,45,2019
customers,2019-12-14,2019-12,38,2019
customers,2019-12-15,2019-12,42,2019
customers,2019-12-16,2019-12,50,2019
customers,2019-12-17,2019-12,60,2019
customers,2019-12-18,2019-12,53,2019
customers,2019-12-19,2019-12,50,2019
customers,2019-12-20,2019-12,48,2019
customers,2019-12-21,2019-12,47,2019
customers,2019-12-22,2019-12,55,2019
customers,2019-12-23,2019-12,52,2019
customers,2019-12-24,2019-12,40,2019
customers,2019-12-25,2019-12,51,2019
customers,2019-12-26,2019-12,42,2019
customers,2019-12-27,2019-12,52,2019
customers,2019-12-28,2019-12,54,2019
customers,2019-12-29,2019-12,38,2019
customers,2019-12-30,2019-12,49,2019
customers,2019-12-31,2019-12,56,2019
customers,2020-01-01,2020-01,49,2020
customers,2020-01-02,2020-01,52,2020
customers,2020-01-03,2020-01,71,2020
customers,2020-01-04,2020-01,49,2020
customers,2020-01-05,2020-01,51,2020
customers,2020-01-06,2020-01,47,2020
customers,2020-01-07,2020-01,45,2020
customers,2020-01-08,2020-01,64,2020
customers,2020-01-09,2020-01,48,2020
customers,2020-01-10,2020-01,49,2020
customers,2020-01-11,2020-01,51,2020
customers,2020-01-12,2020-01,49,2020
customers,2020-01-13,2020-01,46,2020
customers,2020-01-14,2020-01,50,2020
customers,2020-01-15,2020-01,44,2020
customers,2020-01-16,2020-01,51,2020
customers,2020-01-17,2020-01,56,2020
customers,2020-01-18,2020-01,43,2020
customers,2020-01-19,2020-01,49,2020
customers,2020-01-20,2020-01,56,2020
customers,2020-01-21,2020-01,63,2020
customers,2020-01-22,2020-01,49,2020
customers,2020-01-23,2020-01,51,2020
customers,2020-01-24,2020-01,45,2020
customers,2020-01-25,2020-01,43,2020
customers,2020-01-26,2020-01,46,2020
customers,2020-01-27,2020-01,47,2020
customers,2020-01-28,2020-01,46,2020
customers,2020-01-29,2020-01,53,2020
customers,2020-01-30,2020-01,52,2020
customers,2020-01-31,2020-01,43,2020
customers,2020-02-01,2020-02,53,2020
customers,2020-02-02,2020-02,52,2020
customers,2020-02-03,2020-02,43,2020
customers,2020-02-04,2020-02,35,2020
customers,2020-02-05,2020-02,51,2020
customers,2020-02-06,2020-02,52,2020
customers,2020-02-07,2020-02,51,2020
customers,2020-02-08,2020-02,49,2020
customers,2020-02-09,2020-02,54,2020
customers,2020-02-10,2020-02,39,2020
customers,2020-02-11,2020-02,38,2020
customers,2020-02-12,2020-02,63,2020
customers,2020-02-13,2020-02,49,2020
customers,2020-02-14,2020-02,60,2020
customers,2020-02-15,2020-02,38,2020
customers,2020-02-16,2020-02,40,2020
customers,2020-02-17,2020-02,64,2020
customers,2020-02-18,2020-02,53,2020
customers,2020-02-19,2020-02,49,2020
customers,2020-02-20,2020-02,53,2020
customers,2020-02-21,2020-02,59,2020
customers,2020-02-22,2020-02,44,2020
customers,2020-02-23,2020-02,49,2020
customers,2020-02-24,2020-02,62,2020
customers,2020-02-25,2020-02,67,2020
customers,2020-02-26,2020-02,43,2020
customers,2020-02-27,2020-02,63,2020
customers,2020-02-28,2020-02,60,2020
customers,2020-02-29,2020-02,61,2020
customers,2020-03-01,2020-03,57,2020
customers,2020-03-02,2020-03,59,2020
customers,2020-03-03,2020-03,59,2020
customers,2020-03-04,2020-03,58,2020
customers,2020-03-05,2020-03,52,2020
customers,2020-03-06,2020-03,49,2020
customers,2020-03-07,2020-03,53,2020
customers,2020-03-08,2020-03,45,2020
customers,2020-03-09,2020-03,53,2020
customers,2020-03-10,2020-03,55,2020
customers,2020-03-11,2020-03,56,2020
customers,2020-03-12,2020-03,44,2020
customers,2020-03-13,2020-03,49,2020
customers,2020-03-14,2020-03,51,2020
customers,2020-03-15,2020-03,49,2020
customers,2020-03-16,2020-03,57,2020
customers,2020-03-17,2020-03,51,2020
customers,2020-03-18,2020-03,45,2020
customers,2020-03-19,2020-03,51,2020
customers,2020-03-20,2020-03,46,2020
customers,2020-03-21,2020-03,54,2020
customers,2020-03-22,2020-03,52,2020
customers,2020-03-23,2020-03,47,2020
customers,2020-03-24,2020-03,65,2020
customers,2020-03-25,2020-03,51,2020
customers,2020-03-26,2020-03,46,2020
customers,2020-03-27,2020-03,48,2020
customers,2020-03-28,2020-03,59,2020
customers,2020-03-29,2020-03,50,2020
customers,2020-03-30,2020-03,53,2020
customers,2020-03-31,2020-03,52,2020
customers,2020-04-01,2020-04,62,2020
customers,2020-04-02,2020-04,54,2020
customers,2020-04-03,2020-04,45,2020
customers,2020-04-04,2020-04,53,2020
customers,2020-04-05,2020-04,43,2020
customers,2020-04-06,2020-04,52,2020
customers,2020-04-07,2020-04,50,2020
customers,2020-04-08,2020-04,53,2020
customers,2020-04-09,2020-04,66,2020
customers,2020-04-10,2020-04,39,2020
customers,2020-04-11,2020-04,55,2020
customers,2020-04-12,2020-04,60,2020
customers,2020-04-13,2020-04,63,2020
customers,2020-04-14,2020-04,48,2020
customers,2020-04-15,2020-04,46,2020
customers,2020-04-16,2020-04,50,2020
customers,2020-04-17,2020-04,41,2020
customers,2020-04-18,2020-04,40,2020
customers,2020-04-19,2020-04,46,2020
customers,2020-04-20,2020-04,56,2020
customers,2020-04-21,2020-04,54,2020
customers,2020-04-22,2020-04,41,2020
customers,2020-04-23,2020-04,52,2020
customers,2020-04-24,2020-04,60,2020
customers,2020-04-25,2020-04,46,2020
customers,2020-04-26,2020-04,48,2020
customers,2020-04-27,2020-04,63,2020
customers,2020-04-28,2020-04,66,2020
customers,2020-04-29,2020-04,56,2020
customers,2020-04-30,2020-04,56,2020
customers,2020-05-01,2020-05,54,2020
customers,2020-05-02,2020-05,68,2020
customers,2020-05-03,2020-05,41,2020
customers,2020-05-04,2020-05,56,2020
customers,2020-05-05,2020-05,54,2020
customers,2020-05-06,2020-05,58,2020
customers,2020-05-07,2020-05,55,2020
customers,2020-05-08,2020-05,62,2020
customers,2020-05-09,2020-05,48,2020
customers,2020-05-10,2020-05,58,2020
customers,2020-05-11,2020-05,56,2020
customers,2020-05-12,2020-05,61,2020
customers,2020-05-13,2020-05,46,2020
customers,2020-05-14,2020-05,51,2020
customers,2020-05-15,2020-05,50,2020
customers,2020-05-16,2020-05,56,2020
customers,2020-05-17,2020-05,58,2020
customers,2020-05-18,2020-05,51,2020
customers,2020-05-19,2020-05,49,2020
customers,2020-05-20,2020-05,40,2020
customers,2020-05-21,2020-05,56,2020
customers,2020-05-22,2020-05,41,2020
customers,2020-05-23,2020-05,55,2020
customers,2020-05-24,2020-05,49,2020
customers,2020-05-25,2020-05,50,2020
customers,2020-05-26,2020-05,58,2020
customers,2020-05-27,2020-05,62,2020
customers,2020-05-28,2020-05,54,2020
customers,2020-05-29,2020-05,50,2020
customers,2020-05-30,2020-05,46,2020
customers,2020-05-31,2020-05,52,2020
customers,2020-06-01,2020-06,41,2020
customers,2020-06-02,2020-06,69,2020
customers,2020-06-03,2020-06,51,2020
customers,2020-06-04,2020-06,62,2020
customers,2020-06-05,2020-06,49,2020
customers,2020-06-06,2020-06,62,2020
customers,2020-06-07,2020-06,48,2020
customers,2020-06-08,2020-06,48,2020
customers,2020-06-09,2020-06,57,2020
customers,2020-06-10,2020-06,43,2020
customers,2020-06-11,2020-06,45,2020
customers,2020-06-12,2020-06,54,2020
customers,2020-06-13,2020-06,44,2020
customers,2020-06-14,2020-06,59,2020
customers,2020-06-15,2020-06,62,2020
customers,2020-06-16,2020-06,47,2020
customers,2020-06-17,2020-06,47,2020
customers,2020-06-18,2020-06,48,2020
customers,2020-06-19,2020-06,57,2020
customers,2020-06-20,2020-06,44,2020
customers,2020-06-21,2020-06,51,2020
customers,2020-06-22,2020-06,52,2020
customers,2020-06-23,2020-06,50,2020
customers,2020-06-24,2020-06,70,2020
customers,2020-06-25,2020-06,40,2020
customers,2020-06-26,2020-06,46,2020
customers,2020-06-27,2020-06,52,2020
customers,2020-06-28,2020-06,44,2020
customers,2020-06-29,2020-06,45,2020
customers,2020-06-30,2020-06,48,2020
customers,2020-07-01,2020-07,52,2020
customers,2020-07-02,2020-07,56,2020
customers,2020-07-03,2020-07,52,2020
customers,2020-07-04,2020-07,51,2020
customers,2020-07-05,2020-07,40,2020
customers,2020-07-06,2020-07,45,2020
customers,2020-07-07,2020-07,47,2020
customers,2020-07-08,2020-07,61,2020
customers,2020-07-09,2020-07,49,2020
customers,2020-07-10,2020-07,48,2020
customers,2020-07-11,2020-07,53,2020
customers,2020-07-12,2020-07,60,2020
customers,2020-07-13,2020-07,46,2020
customers,2020-07-14,2020-07,47,2020
customers,2020-07-15,2020-07,49,2020
customers,2020-07-16,2020-07,56,2020
customers,2020-07-17,2020-07,49,2020
customers,2020-07-18,2020-07,48,2020
customers,2020-07-19,2020-07,54,2020
customers,2020-07-20,2020-07,58,2020
customers,2020-07-21,2020-07,44,2020
customers,2020-07-22,2020-07,60,2020
customers,2020-07-23,2020-07,59,2020
customers,2020-07-24,2020-07,48,2020
customers,2020-07-25,2020-07,51,2020
customers,2020-07-26,2020-07,45,2020
customers,2020-07-27,2020-07,48,2020
customers,2020-07-28,2020-07,49,2020
customers,2020-07-29,2020-07,52,2020
customers,2020-07-30,2020-07,41,2020
customers,2020-07-31,2020-07,44,2020
customers,2020-08-01,2020-08,58,2020
customers,2020-08-02,2020-08,59,2020
customers,2020-08-03,2020-08,38,2020
customers,2020-08-04,2020-08,41,2020
customers,2020-08-05,2020-08,56,2020
customers,2020-08-06,2020-08,53,2020
customers,2020-08-07,2020-08,54,2020
customers,2020-08-08,2020-08,56,2020
customers,2020-08-09,2020-08,51,2020
customers,2020-08-10,2020-08,52,2020
customers,2020-08-11,2020-08,63,2020
customers,2020-08-12,2020-08,51,2020
customers,2020-08-13,2020-08,43,2020
customers,2020-08-14,2020-08,37,2020
customers,2020-08-15,2020-08,66,2020
customers,2020-08-16,2020-08,43,2020
customers,2020-08-17,2020-08,38,2020
customers,2020-08-18,2020-08,55,2020
customers,2020-08-19,2020-08,38,2020
customers,2020-08-20,2020-08,56,2020
customers,2020-08-21,2020-08,39,2020
customers,2020-08-22,2020-08,55,2020
customers,2020-08-23,2020-08,49,2020
customers,2020-08-24,2020-08,40,2020
customers,2020-08-25,2020-08,49,2020
customers,2020-08-26,2020-08,45,2020
customers,2020-08-27,2020-08,43,2020
customers,2020-08-28,2020-08,45,2020
customers,2020-08-29,2020-08,53,2020
customers,2020-08-30,2020-08,54,2020
customers,2020-08-31,2020-08,49,2020
customers,2020-09-01,2020-09,60,2020
customers,2020-09-02,2020-09,45,2020
customers,2020-09-03,2020-09,56,2020
customers,2020-09-04,2020-09,66,2020
customers,2020-09-05,2020-09,48,2020
customers,2020-09-06,2020-09,43,2020
customers,2020-09-07,2020-09,61,2020
customers,2020-09-08,2020-09,43,2020
customers,2020-09-09,2020-09,71,2020
customers,2020-09-10,2020-09,50,2020
customers,2020-09-11,2020-09,62,2020
customers,2020-09-12,2020-09,51,2020
customers,2020-09-13,2020-09,59,2020
customers,2020-09-14,2020-09,62,2020
customers,2020-09-15,2020-09,53,2020
customers,2020-09-16,2020-09,50,2020
customers,2020-09-17,2020-09,60,2020
customers,2020-09-18,2020-09,46,2020
customers,2020-09-19,2020-09,52,2020
customers,2020-09-20,2020-09,53,2020
customers,2020-09-21,2020-09,58,2020
customers,2020-09-22,2020-09,54,2020
customers,2020-09-23,2020-09,47,2020
customers,2020-09-24,2020-09,46,2020
customers,2020-09-25,2020-09,56,2020
customers,2020-09-26,2020-09,57,2020
customers,2020-09-27,2020-09,35,2020
customers,2020-09-28,2020-09,51,2020
customers,2020-09-29,2020-09,53,2020
customers,2020-09-30,2020-09,44,2020
customers,2020-10-01,2020-10,45,2020
customers,2020-10-02,2020-10,51,2020
customers,2020-10-03,2020-10,49,2020
customers,2020-10-04,2020-10,56,2020
customers,2020-10-05,2020-10,48,2020
customers,2020-10-06,2020-10,49,2020
customers,2020-10-07,2020-10,50,2020
customers,2020-10-08,2020-10,47,2020
customers,2020-10-09,2020-10,51,2020
customers,2020-10-10,2020-10,48,2020
customers,2020-10-11,2020-10,38,2020
customers,2020-10-12,2020-10,53,2020
customers,2020-10-13,2020-10,43,2020
customers,2020-10-14,2020-10,61,2020
customers,2020-10-15,2020-10,58,2020
customers,2020-10-16,2020-10,42,2020
customers,2020-10-17,2020-10,43,2020
customers,2020-10-18,2020-10,61,2020
customers,2020-10-19,2020-10,61,2020
customers,2020-10-20,2020-10,42,2020
customers,2020-10-21,2020-10,47,2020
customers,2020-10-22,2020-10,51,2020
customers,2020-10-23,2020-10,64,2020
customers,2020-10-24,2020-10,49,2020
customers,2020-10-25,2020-10,52,2020
customers,2020-10-26,2020-10,57,2020
customers,2020-10-27,2020-10,53,2020
customers,2020-10-28,2020-10,44,2020
customers,2020-10-29,2020-10,40,2020
customers,2020-10-30,2020-10,59,2020
customers,2020-10-31,2020-10,43,2020
customers,2020-11-01,2020-11,47,2020
customers,2020-11-02,2020-11,64,2020
customers,2020-11-03,2020-11,43,2020
customers,2020-11-04,2020-11,53,2020
customers,2020-11-05,2020-11,58,2020
customers,2020-11-06,2020-11,45,2020
customers,2020-11-07,2020-11,48,2020
customers,2020-11-08,2020-11,35,2020
customers,2020-11-09,2020-11,39,2020
customers,2020-11-10,2020-11,47,2020
customers,2020-11-11,2020-11,69,2020
customers,2020-11-12,2020-11,49,2020
customers,2020-11-13,2020-11,50,2020
customers,2020-11-14,2020-11,55,2020
customers,2020-11-15,2020-11,57,2020
customers,2020-11-16,2020-11,50,2020
customers,2020-11-17,2020-11,52,2020
customers,2020-11-18,2020-11,55,2020
customers,2020-11-19,2020-11,60,2020
customers,2020-11-20,2020-11,47,2020
customers,2020-11-21,2020-11,52,2020
customers,2020-11-22,2020-11,49,2020
customers,2020-11-23,2020-11,41,2020
customers,2020-11-24,2020-11,52,2020
customers,2020-11-25,2020-11,55,2020
customers,2020-11-26,2020-11,63,2020
customers,2020-11-27,2020-11,48,2020
customers,2020-11-28,2020-11,47,2020
customers,2020-11-29,2020-11,45,2020
customers,2020-11-30,2020-11,43,2020
customers,2020-12-01,2020-12,61,2020
customers,2020-12-02,2020-12,57,2020
customers,2020-12-03,2020-12,59,2020
customers,2020-12-04,2020-12,53,2020
customers,2020-12-05,2020-12,48,2020
customers,2020-12-06,2020-12,50,2020
customers,2020-12-07,2020-12,59,2020
customers,2020-12-08,2020-12,58,2020
customers,2020-12-09,2020-12,57,2020
customers,2020-12-10,2020-12,41,2020
customers,2020-12-11,2020-12,60,2020
customers,2020-12-12,2020-12,50,2020
customers,2020-12-13,2020-12,50,2020
customers,2020-12-14,2020-12,48,2020
customers,2020-12-15,2020-12,59,2020
customers,2020-12-16,2020-12,41,2020
customers,2020-12-17,2020-12,32,2020
customers,2020-12-18,2020-12,39,2020
customers,2020-12-19,2020-12,49,2020
customers,2020-12-20,2020-12,43,2020
customers,2020-12-21,2020-12,54,2020
customers,2020-12-22,2020-12,52,2020
customers,2020-12-23,2020-12,55,2020
customers,2020-12-24,2020-12,57,2020
customers,2020-12-25,2020-12,62,2020
customers,2020-12-26,2020-12,62,2020
customers,2020-12-27,2020-12,61,2020
customers,2020-12-28,2020-12,43,2020
customers,2020-12-29,2020-12,57,2020
customers,2020-12-30,2020-12,55,2020
customers,2020-12-31,2020-12,55,2020
customers,2021-01-01,2021-01,55,2021
customers,2021-01-02,2021-01,46,2021
customers,2021-01-03,2021-01,48,2021
customers,2021-01-04,2021-01,60,2021
customers,2021-01-05,2021-01,59,2021
customers,2021-01-06,2021-01,34,2021
customers,2021-01-07,2021-01,55,2021
customers,2021-01-08,2021-01,43,2021
customers,2021-01-09,2021-01,47,2021
customers,2021-01-10,2021-01,50,2021
customers,2021-01-11,2021-01,37,2021
customers,2021-01-12,2021-01,57,2021
customers,2021-01-13,2021-01,48,2021
customers,2021-01-14,2021-01,54,2021
customers,2021-01-15,2021-01,48,2021
customers,2021-01-16,2021-01,46,2021
customers,2021-01-17,2021-01,48,2021
customers,2021-01-18,2021-01,43,2021
customers,2021-01-19,2021-01,50,2021
customers,2021-01-20,2021-01,60,2021
customers,2021-01-21,2021-01,55,2021
customers,2021-01-22,2021-01,57,2021
customers,2021-01-23,2021-01,45,2021
customers,2021-01-24,2021-01,57,2021
customers,2021-01-25,2021-01,53,2021
customers,2021-01-26,2021-01,62,2021
customers,2021-01-27,2021-01,59,2021
customers,2021-01-28,2021-01,59,2021
customers,2021-01-29,2021-01,52,2021
customers,2021-01-30,2021-01,54,2021
customers,2021-01-31,2021-01,45,2021
customers,2021-02-01,2021-02,49,2021
customers,2021-02-02,2021-02,53,2021
customers,2021-02-03,2021-02,40,2021
customers,2021-02-04,2021-02,44,2021
customers,2021-02-05,2021-02,49,2021
customers,2021-02-06,2021-02,42,2021
customers,2021-02-07,2021-02,48,2021
customers,2021-02-08,2021-02,60,2021
customers,2021-02-09,2021-02,50,2021
customers,2021-02-10,2021-02,44,2021
customers,2021-02-11,2021-02,48,2021
customers,2021-02-12,2021-02,49,2021
customers,2021-02-13,2021-02,59,2021
customers,2021-02-14,2021-02,49,2021
customers,2021-02-15,2021-02,50,2021
customers,2021-02-16,2021-02,45,2021
customers,2021-02-17,2021-02,53,2021
customers,2021-02-18,2021-02,56,2021
customers,2021-02-19,2021-02,43,2021
customers,2021-02-20,2021-02,49,2021
customers,2021-02-21,2021-02,42,2021
customers,2021-02-22,2021-02,55,2021
customers,2021-02-23,2021-02,49,2021
customers,2021-02-24,2021-02,56,2021
customers,2021-02-25,2021-02,51,2021
customers,2021-02-26,2021-02,47,2021
customers,2021-02-27,2021-02,45,2021
customers,2021-02-28,2021-02,46,2021
customers,2021-03-01,2021-03,53,2021
customers,2021-03-02,2021-03,55,2021
customers,2021-03-03,2021-03,46,2021
customers,2021-03-04,2021-03,60,2021
customers,2021-03-05,2021-03,47,2021
customers,2021-03-06,2021-03,40,2021
customers,2021-03-07,2021-03,66,2021
customers,2021-03-08,2021-03,51,2021
customers,2021-03-09,2021-03,52,2021
customers,2021-03-10,2021-03,44,2021
customers,2021-03-11,2021-03,48,2021
customers,2021-03-12,2021-03,54,2021
customers,2021-03-13,2021-03,60,2021
customers,2021-03-14,2021-03,53,2021
customers,2021-03-15,2021-03,58,2021
customers,2021-03-16,2021-03,50,2021
customers,2021-03-17,2021-03,43,2021
customers,2021-03-18,2021-03,61,2021
customers,2021-03-19,2021-03,49,2021
customers,2021-03-20,2021-03,50,2021
customers,2021-03-21,2021-03,45,2021
customers,2021-03-22,2021-03,50,2021
customers,2021-03-23,2021-03,52,2021
customers,2021-03-24,2021-03,42,2021
customers,2021-03-25,2021-03,54,2021
customers,2021-03-26,2021-03,53,2021
customers,2021-03-27,2021-03,59,2021
customers,2021-03-28,2021-03,54,2021
customers,2021-03-29,2021-03,53,2021
customers,2021-03-30,2021-03,46,2021
customers,2021-03-31,2021-03,52,2021
customers,2021-04-01,2021-04,49,2021
customers,2021-04-02,2021-04,59,2021
customers,2021-04-03,2021-04,64,2021
customers,2021-04-04,2021-04,49,2021
customers,2021-04-05,2021-04,40,2021
customers,2021-04-06,2021-04,72,2021
customers,2021-04-07,2021-04,45,2021
customers,2021-04-08,2021-04,54,2021
customers,2021-04-09,2021-04,45,2021
customers,2021-04-10,2021-04,72,2021
customers,2021-04-11,2021-04,64,2021
customers,2021-04-12,2021-04,52,2021
customers,2021-04-13,2021-04,50,2021
customers,2021-04-14,2021-04,62,2021
customers,2021-04-15,2021-04,49,2021
customers,2021-04-16,2021-04,37,2021
customers,2021-04-17,2021-04,43,2021
customers,2021-04-18,2021-04,55,2021
customers,2021-04-19,2021-04,56,2021
customers,2021-04-20,2021-04,46,2021
customers,2021-04-21,2021-04,49,2021
customers,2021-04-22,2021-04,60,2021
customers,2021-04-23,2021-04,41,2021
customers,2021-04-24,2021-04,45,2021
customers,2021-04-25,2021-04,52,2021
customers,2021-04-26,2021-04,55,2021
customers,2021-04-27,2021-04,54,2021
customers,2021-04-28,2021-04,48,2021
customers,2021-04-29,2021-04,39,2021
customers,2021-04-30,2021-04,47,2021
customers,2021-05-01,2021-05,70,2021
customers,2021-05-02,2021-05,44,2021
customers,2021-05-03,2021-05,38,2021
customers,2021-05-04,2021-05,53,2021
customers,2021-05-05,2021-05,75,2021
customers,2021-05-06,2021-05,54,2021
customers,2021-05-07,2021-05,44,2021
customers,2021-05-08,2021-05,48,2021
customers,2021-05-09,2021-05,47,2021
customers,2021-05-10,2021-05,53,2021
customers,2021-05-11,2021-05,42,2021
customers,2021-05-12,2021-05,63,2021
customers,2021-05-13,2021-05,55,2021
customers,2021-05-14,2021-05,58,2021
customers,2021-05-15,2021-05,58,2021
customers,2021-05-16,2021-05,56,2021
customers,2021-05-17,2021-05,43,2021
customers,2021-05-18,2021-05,49,2021
customers,2021-05-19,2021-05,59,2021
customers,2021-05-20,2021-05,56,2021
customers,2021-05-21,2021-05,55,2021
customers,2021-05-22,2021-05,60,2021
customers,2021-05-23,2021-05,42,2021
customers,2021-05-24,2021-05,49,2021
customers,2021-05-25,2021-05,49,2021
customers,2021-05-26,2021-05,45,2021
customers,2021-05-27,2021-05,60,2021
customers,2021-05-28,2021-05,62,2021
customers,2021-05-29,2021-05,64,2021
customers,2021-05-30,2021-05,49,2021
customers,2021-05-31,2021-05,49,2021
customers,2021-06-01,2021-06,52,2021
customers,2021-06-02,2021-06,47,2021
customers,2021-06-03,2021-06,54,2021
customers,2021-06-04,2021-06,55,2021
customers,2021-06-05,2021-06,60,2021
customers,2021-06-06,2021-06,61,2021
customers,2021-06-07,2021-06,55,2021
customers,2021-06-08,2021-06,58,2021
customers,2021-06-09,2021-06,47,2021
customers,2021-06-10,2021-06,48,2021
customers,2021-06-11,2021-06,50,2021
customers,2021-06-12,2021-06,52,2021
customers,2021-06-13,2021-06,47,2021
customers,2021-06-14,2021-06,56,2021
customers,2021-06-15,2021-06,39,2021
customers,2021-06-16,2021-06,37,2021
customers,2021-06-17,2021-06,49,2021
customers,2021-06-18,2021-06,45,2021
customers,2021-06-19,2021-06,50,2021
customers,2021-06-20,2021-06,53,2021
customers,2021-06-21,2021-06,46,2021
customers,2021-06-22,2021-06,57,2021
customers,2021-06-23,2021-06,54,2021
customers,2021-06-24,2021-06,59,2021
customers,2021-06-25,2021-06,42,2021
customers,2021-06-26,2021-06,51,2021
customers,2021-06-27,2021-06,53,2021
customers,2021-06-28,2021-06,56,2021
customers,2021-06-29,2021-06,46,2021
customers,2021-06-30,2021-06,47,2021
customers,2021-07-01,2021-07,42,2021
customers,2021-07-02,2021-07,48,2021
customers,2021-07-03,2021-07,49,2021
customers,2021-07-04,2021-07,48,2021
customers,2021-07-05,2021-07,46,2021
customers,2021-07-06,2021-07,49,2021
customers,2021-07-07,2021-07,61,2021
customers,2021-07-08,2021-07,51,2021
customers,2021-07-09,2021-07,50,2021
customers,2021-07-10,2021-07,53,2021
customers,2021-07-11,2021-07,52,2021
customers,2021-07-12,2021-07,47,2021
customers,2021-07-13,2021-07,53,2021
customers,2021-07-14,2021-07,45,2021
customers,2021-07-15,2021-07,53,2021
customers,2021-07-16,2021-07,47,2021
customers,2021-07-17,2021-07,66,2021
customers,2021-07-18,2021-07,38,2021
customers,2021-07-19,2021-07,40,2021
customers,2021-07-20,2021-07,46,2021
customers,2021-07-21,2021-07,47,2021
customers,2021-07-22,2021-07,67,2021
customers,2021-07-23,2021-07,56,2021
customers,2021-07-24,2021-07,56,2021
customers,2021-07-25,2021-07,47,2021
customers,2021-07-26,2021-07,49,2021
customers,2021-07-27,2021-07,47,2021
customers,2021-07-28,2021-07,42,2021
customers,2021-07-29,2021-07,60,2021
customers,2021-07-30,2021-07,44,2021
customers,2021-07-31,2021-07,42,2021
customers,2021-08-01,2021-08,52,2021
customers,2021-08-02,2021-08,48,2021
customers,2021-08-03,2021-08,70,2021
customers,2021-08-04,2021-08,54,2021
customers,2021-08-05,2021-08,56,2021
customers,2021-08-06,2021-08,52,2021
customers,2021-08-07,2021-08,59,2021
customers,2021-08-08,2021-08,51,2021
customers,2021-08-09,2021-08,59,2021
customers,2021-08-10,2021-08,43,2021
customers,2021-08-11,2021-08,46,2021
customers,2021-08-12,2021-08,61,2021
customers,2021-08-13,2021-08,54,2021
customers,2021-08-14,2021-08,59,2021
customers,2021-08-15,2021-08,49,2021
customers,2021-08-16,2021-08,54,2021
customers,2021-08-17,2021-08,47,2021
customers,2021-08-18,2021-08,71,2021
customers,2021-08-19,2021-08,48,2021
customers,2021-08-20,2021-08,55,2021
customers,2021-08-21,2021-08,53,2021
customers,2021-08-22,2021-08,37,2021
customers,2021-08-23,2021-08,44,2021
customers,2021-08-24,2021-08,72,2021
customers,2021-08-25,2021-08,55,2021
customers,2021-08-26,2021-08,51,2021
customers,2021-08-27,2021-08,43,2021
customers,2021-08-28,2021-08,50,2021
customers,2021-08-29,2021-08,50,2021
customers,2021-08-30,2021-08,62,2021
customers,2021-08-31,2021-08,50,2021
customers,2021-09-01,2021-09,44,2021
customers,2021-09-02,2021-09,39,2021
customers,2021-09-03,2021-09,61,2021
customers,2021-09-04,2021-09,48,2021
customers,2021-09-05,2021-09,60,2021
customers,2021-09-06,2021-09,37,2021
customers,2021-09-07,2021-09,57,2021
customers,2021-09-08,2021-09,41,2021
customers,2021-09-09,2021-09,62,2021
customers,2021-09-10,2021-09,46,2021
customers,2021-09-11,2021-09,49,2021
customers,2021-09-12,2021-09,54,2021
customers,2021-09-13,2021-09,53,2021
customers,2021-09-14,2021-09,47,2021
customers,2021-09-15,2021-09,41,2021
customers,2021-09-16,2021-09,56,2021
customers,2021-09-17,2021-09,52,2021
customers,2021-09-18,2021-09,43,2021
customers,2021-09-19,2021-09,45,2021
customers,2021-09-20,2021-09,49,2021
customers,2021-09-21,2021-09,46,2021
customers,2021-09-22,2021-09,54,2021
customers,2021-09-23,2021-09,54,2021
customers,2021-09-24,2021-09,53,2021
customers,2021-09-25,2021-09,41,2021
customers,2021-09-26,2021-09,54,2021
customers,2021-09-27,2021-09,57,2021
customers,2021-09-28,2021-09,52,2021
customers,2021-09-29,2021-09,49,2021
customers,2021-09-30,2021-09,47,2021
customers,2021-10-01,2021-10,53,2021
customers,2021-10-02,2021-10,41,2021
customers,2021-10-03,2021-10,47,2021
customers,2021-10-04,2021-10,45,2021
customers,2021-10-05,2021-10,51,2021
customers,2021-10-06,2021-10,52,2021
customers,2021-10-07,2021-10,57,2021
customers,2021-10-08,2021-10,58,2021
customers,2021-10-09,2021-10,56,2021
customers,2021-10-10,2021-10,60,2021
customers,2021-10-11,2021-10,37,2021
customers,2021-10-12,2021-10,39,2021
customers,2021-10-13,2021-10,50,2021
customers,2021-10-14,2021-10,38,2021
customers,2021-10-15,2021-10,46,2021
customers,2021-10-16,2021-10,61,2021
customers,2021-10-17,2021-10,47,2021
customers,2021-10-18,2021-10,61,2021
customers,2021-10-19,2021-10,56,2021
customers,2021-10-20,2021-10,48,2021
customers,2021-10-21,2021-10,52,2021
customers,2021-10-22,2021-10,57,2021
customers,2021-10-23,2021-10,56,2021
customers,2021-10-24,2021-10,47,2021
customers,2021-10-25,2021-10,52,2021
customers,2021-10-26,2021-10,55,2021
customers,2021-10-27,2021-10,42,2021
customers,2021-10-28,2021-10,53,2021
customers,2021-10-29,2021-10,43,2021
customers,2021-10-30,2021-10,60,2021
customers,2021-10-31,2021-10,40,2021
customers,2021-11-01,2021-11,47,2021
customers,2021-11-02,2021-11,50,2021
customers,2021-11-03,2021-11,62,2021
customers,2021-11-04,2021-11,61,2021
customers,2021-11-05,2021-11,49,2021
customers,2021-11-06,2021-11,60,2021
customers,2021-11-07,2021-11,57,2021
customers,2021-11-08,2021-11,56,2021
customers,2021-11-09,2021-11,49,2021
customers,2021-11-10,2021-11,52,2021
customers,2021-11-11,2021-11,48,2021
customers,2021-11-12,2021-11,51,2021
customers,2021-11-13,2021-11,48,2021
customers,2021-11-14,2021-11,38,2021
customers,2021-11-15,2021-11,36,2021
customers,2021-11-16,2021-11,47,2021
customers,2021-11-17,2021-11,58,2021
customers,2021-11-18,2021-11,63,2021
customers,2021-11-19,2021-11,48,2021
customers,2021-11-20,2021-11,56,2021
customers,2021-11-21,2021-11,51,2021
customers,2021-11-22,2021-11,56,2021
customers,2021-11-23,2021-11,50,2021
customers,2021-11-24,2021-11,67,2021
customers,2021-11-25,2021-11,53,2021
customers,2021-11-26,2021-11,51,2021
customers,2021-11-27,2021-11,51,2021
customers,2021-11-28,2021-11,64,2021
customers,2021-11-29,2021-11,51,2021
customers,2021-11-30,2021-11,52,2021
customers,2021-12-01,2021-12,49,2021
customers,2021-12-02,2021-12,46,2021
customers,2021-12-03,2021-12,48,2021
customers,2021-12-04,2021-12,51,2021
customers,2021-12-05,2021-12,45,2021
customers,2021-12-06,2021-12,51,2021
customers,2021-12-07,2021-12,39,2021
customers,2021-12-08,2021-12,46,2021
customers,2021-12-09,2021-12,55,2021
customers,2021-12-10,2021-12,54,2021
customers,2021-12-11,2021-12,56,2021
customers,2021-12-12,2021-12,55,2021
customers,2021-12-13,2021-12,73,2021
customers,2021-12-14,2021-12,46,2021
customers,2021-12-15,2021-12,52,2021
customers,2021-12-16,2021-12,64,2021
customers,2021-12-17,2021-12,42,2021
customers,2021-12-18,2021-12,51,2021
customers,2021-12-19,2021-12,57,2021
customers,2021-12-20,2021-12,56,2021
customers,2021-12-21,2021-12,47,2021
customers,2021-12-22,2021-12,46,2021
customers,2021-12-23,2021-12,41,2021
customers,2021-12-24,2021-12,49,2021
customers,2021-12-25,2021-12,54,2021
customers,2021-12-26,2021-12,41,2021
customers,2021-12-27,2021-12,48,2021
customers,2021-12-28,2021-12,53,2021
customers,2021-12-29,2021-12,58,2021
customers,2021-12-30,2021-12,40,2021
customers,2021-12-31,2021-12,50,2021
customers,2022-01-01,2022-01,51,2022
customers,2022-01-02,2022-01,38,2022
customers,2022-01-03,2022-01,64,2022
customers,2022-01-04,2022-01,62,2022
customers,2022-01-05,2022-01,57,2022
customers,2022-01-06,2022-01,46,2022
customers,2022-01-07,2022-01,56,2022
customers,2022-01-08,2022-01,51,2022
customers,2022-01-09,2022-01,56,2022
customers,2022-01-10,2022-01,59,2022
customers,2022-01-11,2022-01,50,2022
customers,2022-01-12,2022-01,59,2022
customers,2022-01-13,2022-01,65,2022
customers,2022-01-14,2022-01,50,2022
customers,2022-01-15,2022-01,48,2022
customers,2022-01-16,2022-01,58,2022
customers,2022-01-17,2022-01,50,2022
customers,2022-01-18,2022-01,53,2022
customers,2022-01-19,2022-01,59,2022
customers,2022-01-20,2022-01,51,2022
customers,2022-01-21,2022-01,59,2022
customers,2022-01-22,2022-01,47,2022
customers,2022-01-23,2022-01,54,2022
customers,2022-01-24,2022-01,32,2022
customers,2022-01-25,2022-01,48,2022
customers,2022-01-26,2022-01,57,2022
customers,2022-01-27,2022-01,48,2022
customers,2022-01-28,2022-01,55,2022
customers,2022-01-29,2022-01,52,2022
customers,2022-01-30,2022-01,50,2022
customers,2022-01-31,2022-01,55,2022
customers,2022-02-01,2022-02,53,2022
customers,2022-02-02,2022-02,48,2022
customers,2022-02-03,2022-02,49,2022
customers,2022-02-04,2022-02,49,2022
customers,2022-02-05,2022-02,53,2022
customers,2022-02-06,2022-02,39,2022
customers,2022-02-07,2022-02,45,2022
customers,2022-02-08,2022-02,50,2022
customers,2022-02-09,2022-02,54,2022
customers,2022-02-10,2022-02,44,2022
customers,2022-02-11,2022-02,54,2022
customers,2022-02-12,2022-02,58,2022
customers,2022-02-13,2022-02,53,2022
customers,2022-02-14,2022-02,44,2022
customers,2022-02-15,2022-02,47,2022
customers,2022-02-16,2022-02,52,2022
customers,2022-02-17,2022-02,52,2022
customers,2022-02-18,2022-02,53,2022
customers,2022-02-19,2022-02,50,2022
customers,2022-02-20,2022-02,45,2022
customers,2022-02-21,2022-02,44,2022
customers,2022-02-22,2022-02,43,2022
customers,2022-02-23,2022-02,58,2022
customers,2022-02-24,2022-02,60,2022
customers,2022-02-25,2022-02,57,2022
customers,2022-02-26,2022-02,54,2022
customers,2022-02-27,2022-02,51,2022
customers,2022-02-28,2022-02,51,2022
customers,2022-03-01,2022-03,50,2022
customers,2022-03-02,2022-03,44,2022
customers,2022-03-03,2022-03,37,2022
customers,2022-03-04,2022-03,61,2022
customers,2022-03-05,2022-03,36,2022
customers,2022-03-06,2022-03,59,2022
customers,2022-03-07,2022-03,48,2022
customers,2022-03-08,2022-03,54,2022
customers,2022-03-09,2022-03,43,2022
customers,2022-03-10,2022-03,56,2022
customers,2022-03-11,2022-03,59,2022
customers,2022-03-12,2022-03,58,2022
customers,2022-03-13,2022-03,48,2022
customers,2022-03-14,2022-03,58,2022
customers,2022-03-15,2022-03,61,2022
customers,2022-03-16,2022-03,59,2022
customers,2022-03-17,2022-03,37,2022
customers,2022-03-18,2022-03,55,2022
customers,2022-03-19,2022-03,49,2022
customers,2022-03-20,2022-03,50,2022
customers,2022-03-21,2022-03,65,2022
customers,2022-03-22,2022-03,49,2022
customers,2022-03-23,2022-03,43,2022
customers,2022-03-24,2022-03,42,2022
customers,2022-03-25,2022-03,56,2022
customers,2022-03-26,2022-03,52,2022
customers,2022-03-27,2022-03,65,2022
customers,2022-03-28,2022-03,48,2022
customers,2022-03-29,2022-03,51,2022
customers,2022-03-30,2022-03,59,2022
customers,2022-03-31,2022-03,73,2022
customers,2022-04-01,2022-04,38,2022
customers,2022-04-02,2022-04,54,2022
customers,2022-04-03,2022-04,58,2022
customers,2022-04-04,2022-04,55,2022
customers,2022-04-05,2022-04,54,2022
customers,2022-04-06,2022-04,60,2022
customers,2022-04-07,2022-04,50,2022
customers,2022-04-08,2022-04,53,2022
customers,2022-04-09,2022-04,51,2022
customers,2022-04-10,2022-04,46,2022
customers,2022-04-11,2022-04,44,2022
customers,2022-04-12,2022-04,61,2022
customers,2022-04-13,2022-04,42,2022
customers,2022-04-14,2022-04,49,2022
customers,2022-04-15,2022-04,36,2022
customers,2022-04-16,2022-04,41,2022
customers,2022-04-17,2022-04,57,2022
customers,2022-04-18,2022-04,42,2022
customers,2022-04-19,2022-04,53,2022
customers,2022-04-20,2022-04,52,2022
customers,2022-04-21,2022-04,33,2022
customers,2022-04-22,2022-04,53,2022
customers,2022-04-23,2022-04,47,2022
customers,2022-04-24,2022-04,49,2022
customers,2022-04-25,2022-04,42,2022
customers,2022-04-26,2022-04,63,2022
customers,2022-04-27,2022-04,49,2022
customers,2022-04-28,2022-04,64,2022
customers,2022-04-29,2022-04,42,2022
customers,2022-04-30,2022-04,55,2022
customers,2022-05-01,2022-05,62,2022
customers,2022-05-02,2022-05,45,2022
customers,2022-05-03,2022-05,51,2022
customers,2022-05-04,2022-05,57,2022
customers,2022-05-05,2022-05,59,2022
customers,2022-05-06,2022-05,56,2022
customers,2022-05-07,2022-05,55,2022
customers,2022-05-08,2022-05,51,2022
customers,2022-05-09,2022-05,52,2022
customers,2022-05-10,2022-05,53,2022
customers,2022-05-11,2022-05,48,2022
customers,2022-05-12,2022-05,59,2022
customers,2022-05-13,2022-05,61,2022
customers,2022-05-14,2022-05,51,2022
customers,2022-05-15,2022-05,50,2022
customers,2022-05-16,2022-05,68,2022
customers,2022-05-17,2022-05,58,2022
customers,2022-05-18,2022-05,46,2022
customers,2022-05-19,2022-05,47,2022
customers,2022-05-20,2022-05,55,2022
customers,2022-05-21,2022-05,40,2022
customers,2022-05-22,2022-05,54,2022
customers,2022-05-23,2022-05,57,2022
customers,2022-05-24,2022-05,54,2022
customers,2022-05-25,2022-05,46,2022
customers,2022-05-26,2022-05,52,2022
customers,2022-05-27,2022-05,49,2022
customers,2022-05-28,2022-05,50,2022
customers,2022-05-29,2022-05,45,2022
customers,2022-05-30,2022-05,52,2022
customers,2022-05-31,2022-05,35,2022
customers,2022-06-01,2022-06,45,2022
customers,2022-06-02,2022-06,57,2022
customers,2022-06-03,2022-06,59,2022
customers,2022-06-04,2022-06,48,2022
customers,2022-06-05,2022-06,33,2022
customers,2022-06-06,2022-06,56,2022
customers,2022-06-07,2022-06,62,2022
customers,2022-06-08,2022-06,54,2022
customers,2022-06-09,2022-06,53,2022
customers,2022-06-10,2022-06,45,2022
customers,2022-06-11,2022-06,59,2022
customers,2022-06-12,2022-06,48,2022
customers,2022-06-13,2022-06,41,2022
customers,2022-06-14,2022-06,47,2022
customers,2022-06-15,2022-06,48,2022
customers,2022-06-16,2022-06,55,2022
customers,2022-06-17,2022-06,48,2022
customers,2022-06-18,2022-06,58,2022
customers,2022-06-19,2022-06,38,2022
customers,2022-06-20,2022-06,44,2022
customers,2022-06-21,2022-06,38,2022
customers,2022-06-22,2022-06,49,2022
customers,2022-06-23,2022-06,50,2022
customers,2022-06-24,2022-06,49,2022
customers,2022-06-25,2022-06,48,2022
customers,2022-06-26,2022-06,50,2022
customers,2022-06-27,2022-06,58,2022
customers,2022-06-28,2022-06,57,2022
customers,2022-06-29,2022-06,47,2022
customers,2022-06-30,2022-06,55,2022
customers,2022-07-01,2022-07,50,2022
customers,2022-07-02,2022-07,54,2022
customers,2022-07-03,2022-07,57,2022
customers,2022-07-04,2022-07,59,2022
customers,2022-07-05,2022-07,41,2022
customers,2022-07-06,2022-07,51,2022
customers,2022-07-07,2022-07,55,2022
customers,2022-07-08,2022-07,49,2022
customers,2022-07-09,2022-07,48,2022
customers,2022-07-10,2022-07,48,2022
customers,2022-07-11,2022-07,57,2022
customers,2022-07-12,2022-07,52,2022
customers,2022-07-13,2022-07,34,2022
customers,2022-07-14,2022-07,45,2022
customers,2022-07-15,2022-07,63,2022
customers,2022-07-16,2022-07,43,2022
customers,2022-07-17,2022-07,56,2022
customers,2022-07-18,2022-07,36,2022
customers,2022-07-19,2022-07,52,2022
customers,2022-07-20,2022-07,56,2022
customers,2022-07-21,2022-07,52,2022
customers,2022-07-22,2022-07,48,2022
customers,2022-07-23,2022-07,38,2022
customers,2022-07-24,2022-07,57,2022
customers,2022-07-25,2022-07,39,2022
customers,2022-07-26,2022-07,47,2022
customers,2022-07-27,2022-07,53,2022
customers,2022-07-28,2022-07,49,2022
customers,2022-07-29,2022-07,44,2022
customers,2022-07-30,2022-07,52,2022
customers,2022-07-31,2022-07,50,2022
customers,2022-08-01,2022-08,48,2022
customers,2022-08-02,2022-08,42,2022
customers,2022-08-03,2022-08,53,2022
customers,2022-08-04,2022-08,67,2022
customers,2022-08-05,2022-08,59,2022
customers,2022-08-06,2022-08,46,2022
customers,2022-08-07,2022-08,51,2022
customers,2022-08-08,2022-08,49,2022
customers,2022-08-09,2022-08,54,2022
customers,2022-08-10,2022-08,57,2022
customers,2022-08-11,2022-08,48,2022
customers,2022-08-12,2022-08,46,2022
customers,2022-08-13,2022-08,61,2022
customers,2022-08-14,2022-08,58,2022
customers,2022-08-15,2022-08,57,2022
customers,2022-08-16,2022-08,39,2022
customers,2022-08-17,2022-08,49,2022
customers,2022-08-18,2022-08,48,2022
customers,2022-08-19,2022-08,64,2022
customers,2022-08-20,2022-08,49,2022
customers,2022-08-21,2022-08,45,2022
customers,2022-08-22,2022-08,54,2022
customers,2022-08-23,2022-08,65,2022
customers,2022-08-24,2022-08,56,2022
customers,2022-08-25,2022-08,58,2022
customers,2022-08-26,2022-08,53,2022
customers,2022-08-27,2022-08,49,2022
customers,2022-08-28,2022-08,37,2022
customers,2022-08-29,2022-08,56,2022
customers,2022-08-30,2022-08,51,2022
customers,2022-08-31,2022-08,42,2022
customers,2022-09-01,2022-09,59,2022
customers,2022-09-02,2022-09,52,2022
customers,2022-09-03,2022-09,55,2022
customers,2022-09-04,2022-09,52,2022
customers,2022-09-05,2022-09,60,2022
customers,2022-09-06,2022-09,62,2022
customers,2022-09-07,2022-09,58,2022
customers,2022-09-08,2022-09,54,2022
customers,2022-09-09,2022-09,61,2022
customers,2022-09-10,2022-09,64,2022
customers,2022-09-11,2022-09,56,2022
customers,2022-09-12,2022-09,39,2022
customers,2022-09-13,2022-09,47,2022
customers,2022-09-14,2022-09,54,2022
customers,2022-09-15,2022-09,56,2022
customers,2022-09-16,2022-09,49,2022
customers,2022-09-17,2022-09,44,2022
customers,2022-09-18,2022-09,47,2022
customers,2022-09-19,2022-09,53,2022
customers,2022-09-20,2022-09,49,2022
customers,2022-09-21,2022-09,45,2022
customers,2022-09-22,2022-09,48,2022
customers,2022-09-23,2022-09,58,2022
customers,2022-09-24,2022-09,55,2022
customers,2022-09-25,2022-09,54,2022
customers,2022-09-26,2022-09,54,2022
customers,2022-09-27,2022-09,61,2022
customers,2022-09-28,2022-09,47,2022
customers,2022-09-29,2022-09,42,2022
customers,2022-09-30,2022-09,49,2022
customers,2022-10-01,2022-10,47,2022
customers,2022-10-02,2022-10,50,2022
customers,2022-10-03,2022-10,47,2022
customers,2022-10-04,2022-10,44,2022
customers,2022-10-05,2022-10,52,2022
customers,2022-10-06,2022-10,48,2022
customers,2022-10-07,2022-10,46,2022
customers,2022-10-08,2022-10,47,2022
customers,2022-10-09,2022-10,38,2022
customers,2022-10-10,2022-10,45,2022
customers,2022-10-11,2022-10,58,2022
customers,2022-10-12,2022-10,58,2022
customers,2022-10-13,2022-10,60,2022
customers,2022-10-14,2022-10,45,2022
customers,2022-10-15,2022-10,59,2022
customers,2022-10-16,2022-10,57,2022
customers,2022-10-17,2022-10,47,2022
customers,2022-10-18,2022-10,40,2022
customers,2022-10-19,2022-10,43,2022
customers,2022-10-20,2022-10,60,2022
customers,2022-10-21,2022-10,55,2022
customers,2022-10-22,2022-10,58,2022
customers,2022-10-23,2022-10,51,2022
customers,2022-10-24,2022-10,52,2022
customers,2022-10-25,2022-10,50,2022
customers,2022-10-26,2022-10,52,2022
customers,2022-10-27,2022-10,59,2022
customers,2022-10-28,2022-10,56,2022
customers,2022-10-29,2022-10,49,2022
customers,2022-10-30,2022-10,56,2022
customers,2022-10-31,2022-10,60,2022
customers,2022-11-01,2022-11,47,2022
customers,2022-11-02,2022-11,52,2022
customers,2022-11-03,2022-11,56,2022
customers,2022-11-04,2022-11,52,2022
customers,2022-11-05,2022-11,45,2022
customers,2022-11-06,2022-11,62,2022
customers,2022-11-07,2022-11,45,2022
customers,2022-11-08,2022-11,42,2022
customers,2022-11-09,2022-11,46,2022
customers,2022-11-10,2022-11,55,2022
customers,2022-11-11,2022-11,50,2022
customers,2022-11-12,2022-11,50,2022
customers,2022-11-13,2022-11,42,2022
customers,2022-11-14,2022-11,40,2022
customers,2022-11-15,2022-11,45,2022
customers,2022-11-16,2022-11,52,2022
customers,2022-11-17,2022-11,33,2022
customers,2022-11-18,2022-11,54,2022
customers,2022-11-19,2022-11,43,2022
customers,2022-11-20,2022-11,53,2022
customers,2022-11-21,2022-11,58,2022
customers,2022-11-22,2022-11,53,2022
customers,2022-11-23,2022-11,54,2022
customers,2022-11-24,2022-11,56,2022
customers,2022-11-25,2022-11,54,2022
customers,2022-11-26,2022-11,61,2022
customers,2022-11-27,2022-11,50,2022
customers,2022-11-28,2022-11,46,2022
customers,2022-11-29,2022-11,64,2022
customers,2022-11-30,2022-11,60,2022
customers,2022-12-01,2022-12,55,2022
customers,2022-12-02,2022-12,55,2022
customers,2022-12-03,2022-12,47,2022
customers,2022-12-04,2022-12,47,2022
customers,2022-12-05,2022-12,48,2022
customers,2022-12-06,2022-12,52,2022
customers,2022-12-07,2022-12,46,2022
customers,2022-12-08,2022-12,45,2022
customers,2022-12-09,2022-12,44,2022
customers,2022-12-10,2022-12,53,2022
customers,2022-12-11,2022-12,66,2022
customers,2022-12-12,2022-12,45,2022
customers,2022-12-13,2022-12,58,2022
customers,2022-12-14,2022-12,46,2022
customers,2022-12-15,2022-12,46,2022
customers,2022-12-16,2022-12,62,2022
customers,2022-12-17,2022-12,47,2022
customers,2022-12-18,2022-12,63,2022
customers,2022-12-19,2022-12,57,2022
customers,2022-12-20,2022-12,56,2022
customers,2022-12-21,2022-12,40,2022
customers,2022-12-22,2022-12,51,2022
customers,2022-12-23,2022-12,48,2022
customers,2022-12-24,2022-12,65,2022
customers,2022-12-25,2022-12,52,2022
customers,2022-12-26,2022-12,49,2022
customers,2022-12-27,2022-12,62,2022
customers,2022-12-28,2022-12,35,2022
customers,2022-12-29,2022-12,48,2022
customers,2022-12-30,2022-12,47,2022
customers,2022-12-31,2022-12,49,2022
customers,2023-01-01,2023-01,50,2023
customers,2023-01-02,2023-01,57,2023
customers,2023-01-03,2023-01,54,2023
customers,2023-01-04,2023-01,55,2023
customers,2023-01-05,2023-01,52,2023
customers,2023-01-06,2023-01,58,2023
customers,2023-01-07,2023-01,43,2023
customers,2023-01-08,2023-01,57,2023
customers,2023-01-09,2023-01,62,2023
customers,2023-01-10,2023-01,51,2023
customers,2023-01-11,2023-01,45,2023
customers,2023-01-12,2023-01,57,2023
customers,2023-01-13,2023-01,53,2023
customers,2023-01-14,2023-01,46,2023
customers,2023-01-15,2023-01,50,2023
customers,2023-01-16,2023-01,50,2023
customers,2023-01-17,2023-01,33,2023
customers,2023-01-18,2023-01,46,2023
customers,2023-01-19,2023-01,56,2023
customers,2023-01-20,2023-01,52,2023
customers,2023-01-21,2023-01,59,2023
customers,2023-01-22,2023-01,69,2023
customers,2023-01-23,2023-01,43,2023
customers,2023-01-24,2023-01,46,2023
customers,2023-01-25,2023-01,59,2023
customers,2023-01-26,2023-01,47,2023
customers,2023-01-27,2023-01,53,2023
customers,2023-01-28,2023-01,48,2023
customers,2023-01-29,2023-01,60,2023
customers,2023-01-30,2023-01,64,2023
customers,2023-01-31,2023-01,64,2023
customers,2023-02-01,2023-02,43,2023
customers,2023-02-02,2023-02,48,2023
customers,2023-02-03,2023-02,50,2023
customers,2023-02-04,2023-02,55,2023
customers,2023-02-05,2023-02,50,2023
customers,2023-02-06,2023-02,66,2023
customers,2023-02-07,2023-02,51,2023
customers,2023-02-08,2023-02,61,2023
customers,2023-02-09,2023-02,58,2023
customers,2023-02-10,2023-02,51,2023
customers,2023-02-11,2023-02,43,2023
customers,2023-02-12,2023-02,43,2023
customers,2023-02-13,2023-02,50,2023
customers,2023-02-14,2023-02,38,2023
customers,2023-02-15,2023-02,57,2023
customers,2023-02-16,2023-02,61,2023
customers,2023-02-17,2023-02,47,2023
customers,2023-02-18,2023-02,44,2023
customers,2023-02-19,2023-02,46,2023
customers,2023-02-20,2023-02,53,2023
customers,2023-02-21,2023-02,46,2023
customers,2023-02-22,2023-02,51,2023
customers,2023-02-23,2023-02,49,2023
customers,2023-02-24,2023-02,49,2023
customers,2023-02-25,2023-02,46,2023
customers,2023-02-26,2023-02,42,2023
customers,2023-02-27,2023-02,52,2023
customers,2023-02-28,2023-02,43,2023
customers,2023-03-01,2023-03,65,2023
customers,2023-03-02,2023-03,64,2023
customers,2023-03-03,2023-03,40,2023
customers,2023-03-04,2023-03,45,2023
customers,2023-03-05,2023-03,58,2023
customers,2023-03-06,2023-03,63,2023
customers,2023-03-07,2023-03,42,2023
customers,2023-03-08,2023-03,36,2023
customers,2023-03-09,2023-03,53,2023
customers,2023-03-10,2023-03,51,2023
customers,2023-03-11,2023-03,46,2023
customers,2023-03-12,2023-03,38,2023
customers,2023-03-13,2023-03,51,2023
customers,2023-03-14,2023-03,48,2023
customers,2023-03-15,2023-03,51,2023
customers,2023-03-16,2023-03,51,2023
customers,2023-03-17,2023-03,59,2023
customers,2023-03-18,2023-03,47,2023
customers,2023-03-19,2023-03,42,2023
customers,2023-03-20,2023-03,55,2023
customers,2023-03-21,2023-03,54,2023
customers,2023-03-22,2023-03,43,2023
customers,2023-03-23,2023-03,49,2023
customers,2023-03-24,2023-03,50,2023
customers,2023-03-25,2023-03,57,2023
customers,2023-03-26,2023-03,63,2023
customers,2023-03-27,2023-03,66,2023
customers,2023-03-28,2023-03,50,2023
customers,2023-03-29,2023-03,48,2023
customers,2023-03-30,2023-03,57,2023
customers,2023-03-31,2023-03,61,2023
customers,2023-04-01,2023-04,56,2023
customers,2023-04-02,2023-04,44,2023
customers,2023-04-03,2023-04,51,2023
customers,2023-04-04,2023-04,52,2023
customers,2023-04-05,2023-04,49,2023
customers,2023-04-06,2023-04,44,2023
customers,2023-04-07,2023-04,34,2023
customers,2023-04-08,2023-04,47,2023
customers,2023-04-09,2023-04,52,2023
customers,2023-04-10,2023-04,57,2023
customers,2023-04-11,2023-04,50,2023
customers,2023-04-12,2023-04,51,2023
customers,2023-04-13,2023-04,44,2023
customers,2023-04-14,2023-04,46,2023
customers,2023-04-15,2023-04,56,2023
customers,2023-04-16,2023-04,54,2023
customers,2023-04-17,2023-04,53,2023
customers,2023-04-18,2023-04,45,2023
customers,2023-04-19,2023-04,51,2023
customers,2023-04-20,2023-04,53,2023
customers,2023-04-21,2023-04,41,2023
customers,2023-04-22,2023-04,47,2023
customers,2023-04-23,2023-04,56,2023
customers,2023-04-24,2023-04,48,2023
customers,2023-04-25,2023-04,64,2023
customers,2023-04-26,2023-04,49,2023
customers,2023-04-27,2023-04,41,2023
customers,2023-04-28,2023-04,55,2023
customers,2023-04-29,2023-04,35,2023
customers,2023-04-30,2023-04,50,2023
customers,2023-05-01,2023-05,46,2023
customers,2023-05-02,2023-05,51,2023
customers,2023-05-03,2023-05,60,2023
customers,2023-05-04,2023-05,46,2023
customers,2023-05-05,2023-05,48,2023
customers,2023-05-06,2023-05,46,2023
customers,2023-05-07,2023-05,48,2023
customers,2023-05-08,2023-05,56,2023
customers,2023-05-09,2023-05,57,2023
customers,2023-05-10,2023-05,59,2023
customers,2023-05-11,2023-05,60,2023
customers,2023-05-12,2023-05,51,2023
customers,2023-05-13,2023-05,49,2023
customers,2023-05-14,2023-05,50,2023
customers,2023-05-15,2023-05,44,2023
customers,2023-05-16,2023-05,58,2023
customers,2023-05-17,2023-05,53,2023
customers,2023-05-18,2023-05,44,2023
customers,2023-05-19,2023-05,39,2023
customers,2023-05-20,2023-05,39,2023
customers,2023-05-21,2023-05,45,2023
customers,2023-05-22,2023-05,54,2023
customers,2023-05-23,2023-05,42,2023
customers,2023-05-24,2023-05,45,2023
customers,2023-05-25,2023-05,50,2023
customers,2023-05-26,2023-05,49,2023
customers,2023-05-27,2023-05,54,2023
customers,2023-05-28,2023-05,53,2023
customers,2023-05-29,2023-05,49,2023
customers,2023-05-30,2023-05,54,2023
customers,2023-05-31,2023-05,50,2023
customers,2023-06-01,2023-06,54,2023
customers,2023-06-02,2023-06,55,2023
customers,2023-06-03,2023-06,44,2023
customers,2023-06-04,2023-06,51,2023
customers,2023-06-05,2023-06,46,2023
customers,2023-06-06,2023-06,54,2023
customers,2023-06-07,2023-06,44,2023
customers,2023-06-08,2023-06,58,2023
customers,2023-06-09,2023-06,44,2023
customers,2023-06-10,2023-06,46,2023
customers,2023-06-11,2023-06,45,2023
customers,2023-06-12,2023-06,47,2023
customers,2023-06-13,2023-06,59,2023
customers,2023-06-14,2023-06,37,2023
customers,2023-06-15,2023-06,46,2023
customers,2023-06-16,2023-06,47,2023
customers,2023-06-17,2023-06,59,2023
customers,2023-06-18,2023-06,48,2023
customers,2023-06-19,2023-06,50,2023
customers,2023-06-20,2023-06,49,2023
customers,2023-06-21,2023-06,53,2023
customers,2023-06-22,2023-06,45,2023
customers,2023-06-23,2023-06,39,2023
customers,2023-06-24,2023-06,41,2023
customers,2023-06-25,2023-06,52,2023
customers,2023-06-26,2023-06,56,2023
customers,2023-06-27,2023-06,58,2023
customers,2023-06-28,2023-06,46,2023
customers,2023-06-29,2023-06,64,2023
customers,2023-06-30,2023-06,51,2023
customers,2023-07-01,2023-07,58,2023
customers,2023-07-02,2023-07,49,2023
customers,2023-07-03,2023-07,58,2023
customers,2023-07-04,2023-07,42,2023
customers,2023-07-05,2023-07,45,2023
customers,2023-07-06,2023-07,44,2023
customers,2023-07-07,2023-07,59,2023
customers,2023-07-08,2023-07,54,2023
customers,2023-07-09,2023-07,55,2023
customers,2023-07-10,2023-07,53,2023
customers,2023-07-11,2023-07,39,2023
customers,2023-07-12,2023-07,46,2023
customers,2023-07-13,2023-07,44,2023
customers,2023-07-14,2023-07,55,2023
customers,2023-07-15,2023-07,50,2023
customers,2023-07-16,2023-07,52,2023
customers,2023-07-17,2023-07,60,2023
customers,2023-07-18,2023-07,49,2023
customers,2023-07-19,2023-07,62,2023
customers,2023-07-20,2023-07,55,2023
customers,2023-07-21,2023-07,43,2023
customers,2023-07-22,2023-07,54,2023
customers,2023-07-23,2023-07,52,2023
customers,2023-07-24,2023-07,53,2023
customers,2023-07-25,2023-07,49,2023
customers,2023-07-26,2023-07,47,2023
customers,2023-07-27,2023-07,72,2023
customers,2023-07-28,2023-07,63,2023
customers,2023-07-29,2023-07,47,2023
customers,2023-07-30,2023-07,59,2023
customers,2023-07-31,2023-07,52,2023
customers,2023-08-01,2023-08,64,2023
customers,2023-08-02,2023-08,51,2023
customers,2023-08-03,2023-08,46,2023
customers,2023-08-04,2023-08,56,2023
customers,2023-08-05,2023-08,39,2023
customers,2023-08-06,2023-08,66,2023
customers,2023-08-07,2023-08,56,2023
customers,2023-08-08,2023-08,54,2023
customers,2023-08-09,2023-08,48,2023
customers,2023-08-10,2023-08,47,2023
customers,2023-08-11,2023-08,52,2023
customers,2023-08-12,2023-08,52,2023
customers,2023-08-13,2023-08,66,2023
customers,2023-08-14,2023-08,46,2023
customers,2023-08-15,2023-08,60,2023
customers,2023-08-16,2023-08,63,2023
customers,2023-08-17,2023-08,58,2023
customers,2023-08-18,2023-08,41,2023
customers,2023-08-19,2023-08,52,2023
customers,2023-08-20,2023-08,49,2023
customers,2023-08-21,2023-08,51,2023
customers,2023-08-22,2023-08,46,2023
customers,2023-08-23,2023-08,53,2023
customers,2023-08-24,2023-08,50,2023
customers,2023-08-25,2023-08,47,2023
customers,2023-08-26,2023-08,45,2023
customers,2023-08-27,2023-08,56,2023
customers,2023-08-28,2023-08,42,2023
customers,2023-08-29,2023-08,40,2023
customers,2023-08-30,2023-08,49,2023
customers,2023-08-31,2023-08,47,2023
customers,2023-09-01,2023-09,59,2023
customers,2023-09-02,2023-09,49,2023
customers,2023-09-03,2023-09,49,2023
customers,2023-09-04,2023-09,62,2023
customers,2023-09-05,2023-09,55,2023
customers,2023-09-06,2023-09,52,2023
customers,2023-09-07,2023-09,53,2023
customers,2023-09-08,2023-09,62,2023
customers,2023-09-09,2023-09,55,2023
customers,2023-09-10,2023-09,54,2023
customers,2023-09-11,2023-09,57,2023
customers,2023-09-12,2023-09,52,2023
customers,2023-09-13,2023-09,51,2023
customers,2023-09-14,2023-09,52,2023
customers,2023-09-15,2023-09,54,2023
customers,2023-09-16,2023-09,47,2023
customers,2023-09-17,2023-09,52,2023
customers,2023-09-18,2023-09,55,2023
customers,2023-09-19,2023-09,50,2023
customers,2023-09-20,2023-09,54,2023
customers,2023-09-21,2023-09,50,2023
customers,2023-09-22,2023-09,58,2023
customers,2023-09-23,2023-09,52,2023
customers,2023-09-24,2023-09,52,2023
customers,2023-09-25,2023-09,57,2023
customers,2023-09-26,2023-09,56,2023
customers,2023-09-27,2023-09,55,2023
customers,2023-09-28,2023-09,51,2023
customers,2023-09-29,2023-09,44,2023
customers,2023-09-30,2023-09,55,2023
customers,2023-10-01,2023-10,54,2023
customers,2023-10-02,2023-10,45,2023
customers,2023-10-03,2023-10,66,2023
customers,2023-10-04,2023-10,49,2023
customers,2023-10-05,2023-10,51,2023
customers,2023-10-06,2023-10,45,2023
customers,2023-10-07,2023-10,52,2023
customers,2023-10-08,2023-10,45,2023
customers,2023-10-09,2023-10,59,2023
customers,2023-10-10,2023-10,50,2023
customers,2023-10-11,2023-10,53,2023
customers,2023-10-12,2023-10,44,2023
customers,2023-10-13,2023-10,47,2023
customers,2023-10-14,2023-10,50,2023
customers,2023-10-15,2023-10,46,2023
customers,2023-10-16,2023-10,55,2023
customers,2023-10-17,2023-10,43,2023
customers,2023-10-18,2023-10,41,2023
customers,2023-10-19,2023-10,62,2023
customers,2023-10-20,2023-10,56,2023
customers,2023-10-21,2023-10,61,2023
customers,2023-10-22,2023-10,52,2023
customers,2023-10-23,2023-10,62,2023
customers,2023-10-24,2023-10,54,2023
customers,2023-10-25,2023-10,60,2023
customers,2023-10-26,2023-10,51,2023
customers,2023-10-27,2023-10,37,2023
customers,2023-10-28,2023-10,35,2023
customers,2023-10-29,2023-10,53,2023
customers,2023-10-30,2023-10,47,2023
customers,2023-10-31,2023-10,57,2023
customers,2023-11-01,2023-11,58,2023
customers,2023-11-02,2023-11,48,2023
customers,2023-11-03,2023-11,59,2023
customers,2023-11-04,2023-11,63,2023
customers,2023-11-05,2023-11,43,2023
customers,2023-11-06,2023-11,64,2023
customers,2023-11-07,2023-11,42,2023
customers,2023-11-08,2023-11,44,2023
customers,2023-11-09,2023-11,44,2023
customers,2023-11-10,2023-11,61,2023
customers,2023-11-11,2023-11,41,2023
customers,2023-11-12,2023-11,47,2023
customers,2023-11-13,2023-11,58,2023
customers,2023-11-14,2023-11,50,2023
customers,2023-11-15,2023-11,49,2023
customers,2023-11-16,2023-11,45,2023
customers,2023-11-17,2023-11,50,2023
customers,2023-11-18,2023-11,49,2023
customers,2023-11-19,2023-11,62,2023
customers,2023-11-20,2023-11,50,2023
customers,2023-11-21,2023-11,46,2023
customers,2023-11-22,2023-11,54,2023
customers,2023-11-23,2023-11,44,2023
customers,2023-11-24,2023-11,56,2023
customers,2023-11-25,2023-11,56,2023
customers,2023-11-26,2023-11,53,2023
customers,2023-11-27,2023-11,55,2023
customers,2023-11-28,2023-11,50,2023
customers,2023-11-29,2023-11,45,2023
customers,2023-11-30,2023-11,53,2023
customers,2023-12-01,2023-12,52,2023
customers,2023-12-02,2023-12,52,2023
customers,2023-12-03,2023-12,51,2023
customers,2023-12-04,2023-12,49,2023
customers,2023-12-05,2023-12,47,2023
customers,2023-12-06,2023-12,56,2023
customers,2023-12-07,2023-12,60,2023
customers,2023-12-08,2023-12,48,2023
customers,2023-12-09,2023-12,56,2023
customers,2023-12-10,2023-12,50,2023
customers,2023-12-11,2023-12,61,2023
customers,2023-12-12,2023-12,54,2023
customers,2023-12-13,2023-12,52,2023
customers,2023-12-14,2023-12,45,2023
customers,2023-12-15,2023-12,52,2023
customers,2023-12-16,2023-12,43,2023
customers,2023-12-17,2023-12,57,2023
customers,2023-12-18,2023-12,51,2023
customers,2023-12-19,2023-12,54,2023
customers,2023-12-20,2023-12,46,2023
customers,2023-12-21,2023-12,42,2023
customers,2023-12-22,2023-12,41,2023
customers,2023-12-23,2023-12,47,2023
customers,2023-12-24,2023-12,60,2023
customers,2023-12-25,2023-12,58,2023
customers,2023-12-26,2023-12,56,2023
customers,2023-12-27,2023-12,46,2023
customers,2023-12-28,2023-12,47,2023
customers,2023-12-29,2023-12,62,2023
customers,2023-12-30,2023-12,51,2023
customers,2023-12-31,2023-12,48,2023
customers,2024-01-01,2024-01,51,2024
customers,2024-01-02,2024-01,55,2024
customers,2024-01-03,2024-01,51,2024
customers,2024-01-04,2024-01,52,2024
customers,2024-01-05,2024-01,55,2024
customers,2024-01-06,2024-01,46,2024
customers,2024-01-07,2024-01,44,2024
customers,2024-01-08,2024-01,45,2024
customers,2024-01-09,2024-01,48,2024
customers,2024-01-10,2024-01,58,2024
customers,2024-01-11,2024-01,50,2024
customers,2024-01-12,2024-01,48,2024
customers,2024-01-13,2024-01,49,2024
customers,2024-01-14,2024-01,62,2024
customers,2024-01-15,2024-01,48,2024
customers,2024-01-16,2024-01,52,2024
customers,2024-01-17,2024-01,65,2024
customers,2024-01-18,2024-01,57,2024
customers,2024-01-19,2024-01,46,2024
customers,2024-01-20,2024-01,58,2024
customers,2024-01-21,2024-01,43,2024
customers,2024-01-22,2024-01,46,2024
customers,2024-01-23,2024-01,48,2024
customers,2024-01-24,2024-01,55,2024
customers,2024-01-25,2024-01,46,2024
customers,2024-01-26,2024-01,44,2024
customers,2024-01-27,2024-01,55,2024
customers,2024-01-28,2024-01,34,2024
customers,2024-01-29,2024-01,47,2024
customers,2024-01-30,2024-01,51,2024
customers,2024-01-31,2024-01,45,2024
customers,2024-02-01,2024-02,71,2024
customers,2024-02-02,2024-02,59,2024
customers,2024-02-03,2024-02,58,2024
customers,2024-02-04,2024-02,47,2024
customers,2024-02-05,2024-02,46,2024
customers,2024-02-06,2024-02,57,2024
customers,2024-02-07,2024-02,56,2024
customers,2024-02-08,2024-02,39,2024
customers,2024-02-09,2024-02,42,2024
customers,2024-02-10,2024-02,57,2024
customers,2024-02-11,2024-02,52,2024
customers,2024-02-12,2024-02,55,2024
customers,2024-02-13,2024-02,50,2024
customers,2024-02-14,2024-02,56,2024
customers,2024-02-15,2024-02,49,2024
customers,2024-02-16,2024-02,56,2024
customers,2024-02-17,2024-02,39,2024
customers,2024-02-18,2024-02,51,2024
customers,2024-02-19,2024-02,52,2024
customers,2024-02-20,2024-02,51,2024
customers,2024-02-21,2024-02,54,2024
customers,2024-02-22,2024-02,64,2024
customers,2024-02-23,2024-02,60,2024
customers,2024-02-24,2024-02,56,2024
customers,2024-02-25,2024-02,61,2024
customers,2024-02-26,2024-02,42,2024
customers,2024-02-27,2024-02,51,2024
customers,2024-02-28,2024-02,50,2024
customers,2024-02-29,2024-02,62,2024
customers,2024-03-01,2024-03,50,2024
customers,2024-03-02,2024-03,62,2024
customers,2024-03-03,2024-03,43,2024
customers,2024-03-04,2024-03,54,2024
customers,2024-03-05,2024-03,65,2024
customers,2024-03-06,2024-03,44,2024
customers,2024-03-07,2024-03,51,2024
customers,2024-03-08,2024-03,54,2024
customers,2024-03-09,2024-03,44,2024
customers,2024-03-10,2024-03,51,2024
customers,2024-03-11,2024-03,41,2024
customers,2024-03-12,2024-03,57,2024
customers,2024-03-13,2024-03,54,2024
customers,2024-03-14,2024-03,47,2024
customers,2024-03-15,2024-03,57,2024
customers,2024-03-16,2024-03,57,2024
customers,2024-03-17,2024-03,55,2024
customers,2024-03-18,2024-03,47,2024
customers,2024-03-19,2024-03,60,2024
customers,2024-03-20,2024-03,49,2024
customers,2024-03-21,2024-03,49,2024
customers,2024-03-22,2024-03,39,2024
customers,2024-03-23,2024-03,46,2024
customers,2024-03-24,2024-03,51,2024
customers,2024-03-25,2024-03,49,2024
customers,2024-03-26,2024-03,50,2024
customers,2024-03-27,2024-03,61,2024
customers,2024-03-28,2024-03,44,2024
customers,2024-03-29,2024-03,48,2024
customers,2024-03-30,2024-03,58,2024
customers,2024-03-31,2024-03,56,2024
customers,2024-04-01,2024-04,64,2024
customers,2024-04-02,2024-04,62,2024
customers,2024-04-03,2024-04,53,2024
customers,2024-04-04,2024-04,63,2024
customers,2024-04-05,2024-04,48,2024
customers,2024-04-06,2024-04,50,2024
customers,2024-04-07,2024-04,52,2024
customers,2024-04-08,2024-04,50,2024
customers,2024-04-09,2024-04,50,2024
customers,2024-04-10,2024-04,43,2024
customers,2024-04-11,2024-04,54,2024
customers,2024-04-12,2024-04,51,2024
customers,2024-04-13,2024-04,59,2024
customers,2024-04-14,2024-04,42,2024
customers,2024-04-15,2024-04,54,2024
customers,2024-04-16,2024-04,66,2024
customers,2024-04-17,2024-04,45,2024
customers,2024-04-18,2024-04,44,2024
customers,2024-04-19,2024-04,57,2024
customers,2024-04-20,2024-04,52,2024
customers,2024-04-21,2024-04,45,2024
customers,2024-04-22,2024-04,53,2024
customers,2024-04-23,2024-04,57,2024
customers,2024-04-24,2024-04,58,2024
customers,2024-04-25,2024-04,47,2024
customers,2024-04-26,2024-04,64,2024
customers,2024-04-27,2024-04,60,2024
customers,2024-04-28,2024-04,67,2024
customers,2024-04-29,2024-04,43,2024
customers,2024-04-30,2024-04,52,2024
customers,2024-05-01,2024-05,46,2024
customers,2024-05-02,2024-05,41,2024
customers,2024-05-03,2024-05,41,2024
customers,2024-05-04,2024-05,38,2024
customers,2024-05-05,2024-05,51,2024
customers,2024-05-06,2024-05,55,2024
customers,2024-05-07,2024-05,51,2024
customers,2024-05-08,2024-05,47,2024
customers,2024-05-09,2024-05,43,2024
customers,2024-05-10,2024-05,45,2024
customers,2024-05-11,2024-05,43,2024
customers,2024-05-12,2024-05,54,2024
customers,2024-05-13,2024-05,64,2024
customers,2024-05-14,2024-05,47,2024
customers,2024-05-15,2024-05,47,2024
customers,2024-05-16,2024-05,50,2024
customers,2024-05-17,2024-05,54,2024
customers,2024-05-18,2024-05,46,2024
customers,2024-05-19,2024-05,61,2024
customers,2024-05-20,2024-05,64,2024
customers,2024-05-21,2024-05,55,2024
customers,2024-05-22,2024-05,53,2024
customers,2024-05-23,2024-05,61,2024
customers,2024-05-24,2024-05,45,2024
customers,2024-05-25,2024-05,64,2024
customers,2024-05-26,2024-05,51,2024
customers,2024-05-27,2024-05,55,2024
customers,2024-05-28,2024-05,50,2024
customers,2024-05-29,2024-05,59,2024
customers,2024-05-30,2024-05,65,2024
customers,2024-05-31,2024-05,60,2024
customers,2024-06-01,2024-06,70,2024
customers,2024-06-02,2024-06,61,2024
customers,2024-06-03,2024-06,49,2024
customers,2024-06-04,2024-06,56,2024
customers,2024-06-05,2024-06,46,2024
customers,2024-06-06,2024-06,48,2024
customers,2024-06-07,2024-06,52,2024
customers,2024-06-08,2024-06,38,2024
customers,2024-06-09,2024-06,40,2024
customers,2024-06-10,2024-06,67,2024
customers,2024-06-11,2024-06,39,2024
customers,2024-06-12,2024-06,52,2024
customers,2024-06-13,2024-06,46,2024
customers,2024-06-14,2024-06,63,2024
customers,2024-06-15,2024-06,58,2024
customers,2024-06-16,2024-06,51,2024
customers,2024-06-17,2024-06,47,2024
customers,2024-06-18,2024-06,41,2024
customers,2024-06-19,2024-06,37,2024
customers,2024-06-20,2024-06,56,2024
customers,2024-06-21,2024-06,53,2024
customers,2024-06-22,2024-06,59,2024
customers,2024-06-23,2024-06,53,2024
customers,2024-06-24,2024-06,47,2024
customers,2024-06-25,2024-06,50,2024
customers,2024-06-26,2024-06,48,2024
customers,2024-06-27,2024-06,56,2024
customers,2024-06-28,2024-06,46,2024
customers,2024-06-29,2024-06,56,2024
customers,2024-06-30,2024-06,54,2024
customers,2024-07-01,2024-07,49,2024
customers,2024-07-02,2024-07,56,2024
customers,2024-07-03,2024-07,48,2024
customers,2024-07-04,2024-07,56,2024
customers,2024-07-05,2024-07,47,2024
customers,2024-07-06,2024-07,57,2024
customers,2024-07-07,2024-07,57,2024
customers,2024-07-08,2024-07,53,2024
customers,2024-07-09,2024-07,48,2024
customers,2024-07-10,2024-07,44,2024
customers,2024-07-11,2024-07,48,2024
customers,2024-07-12,2024-07,47,2024
customers,2024-07-13,2024-07,44,2024
customers,2024-07-14,2024-07,61,2024
customers,2024-07-15,2024-07,53,2024
customers,2024-07-16,2024-07,38,2024
customers,2024-07-17,2024-07,45,2024
customers,2024-07-18,2024-07,54,2024
customers,2024-07-19,2024-07,56,2024
customers,2024-07-20,2024-07,43,2024
customers,2024-07-21,2024-07,48,2024
customers,2024-07-22,2024-07,51,2024
customers,2024-07-23,2024-07,47,2024
customers,2024-07-24,2024-07,45,2024
customers,2024-07-25,2024-07,62,2024
customers,2024-07-26,2024-07,44,2024
customers,2024-07-27,2024-07,66,2024
customers,2024-07-28,2024-07,45,2024
customers,2024-07-29,2024-07,52,2024
customers,2024-07-30,2024-07,46,2024
customers,2024-07-31,2024-07,46,2024
customers,2024-08-01,2024-08,41,2024
customers,2024-08-02,2024-08,49,2024
customers,2024-08-03,2024-08,56,2024
customers,2024-08-04,2024-08,43,2024
customers,2024-08-05,2024-08,51,2024
customers,2024-08-06,2024-08,46,2024
customers,2024-08-07,2024-08,41,2024
customers,2024-08-08,2024-08,54,2024
customers,2024-08-09,2024-08,43,2024
customers,2024-08-10,2024-08,58,2024
customers,2024-08-11,2024-08,40,2024
customers,2024-08-12,2024-08,57,2024
customers,2024-08-13,2024-08,52,2024
customers,2024-08-14,2024-08,50,2024
customers,2024-08-15,2024-08,46,2024
customers,2024-08-16,2024-08,56,2024
customers,2024-08-17,2024-08,50,2024
customers,2024-08-18,2024-08,61,2024
customers,2024-08-19,2024-08,44,2024
customers,2024-08-20,2024-08,35,2024
customers,2024-08-21,2024-08,47,2024
customers,2024-08-22,2024-08,48,2024
customers,2024-08-23,2024-08,49,2024
customers,2024-08-24,2024-08,53,2024
customers,2024-08-25,2024-08,55,2024
customers,2024-08-26,2024-08,42,2024
customers,2024-08-27,2024-08,55,2024
customers,2024-08-28,2024-08,51,2024
customers,2024-08-29,2024-08,49,2024
customers,2024-08-30,2024-08,51,2024
customers,2024-08-31,2024-08,56,2024
customers,2024-09-01,2024-09,47,2024
customers,2024-09-02,2024-09,48,2024
customers,2024-09-03,2024-09,63,2024
customers,2024-09-04,2024-09,57,2024
customers,2024-09-05,2024-09,41,2024
customers,2024-09-06,2024-09,53,2024
customers,2024-09-07,2024-09,44,2024
customers,2024-09-08,2024-09,54,2024
customers,2024-09-09,2024-09,61,2024
customers,2024-09-10,2024-09,40,2024
customers,2024-09-11,2024-09,48,2024
customers,2024-09-12,2024-09,54,2024
customers,2024-09-13,2024-09,66,2024
customers,2024-09-14,2024-09,44,2024
customers,2024-09-15,2024-09,41,2024
customers,2024-09-16,2024-09,55,2024
customers,2024-09-17,2024-09,59,2024
customers,2024-09-18,2024-09,45,2024
customers,2024-09-19,2024-09,41,2024
customers,2024-09-20,2024-09,45,2024
customers,2024-09-21,2024-09,59,2024
customers,2024-09-22,2024-09,53,2024
customers,2024-09-23,2024-09,49,2024
customers,2024-09-24,2024-09,52,2024
customers,2024-09-25,2024-09,47,2024
customers,2024-09-26,2024-09,51,2024
customers,2024-09-27,2024-09,48,2024
customers,2024-09-28,2024-09,63,2024
customers,2024-09-29,2024-09,54,2024
customers,2024-09-30,2024-09,51,2024
customers,2024-10-01,2024-10,55,2024
customers,2024-10-02,2024-10,50,2024
customers,2024-10-03,2024-10,43,2024
customers,2024-10-04,2024-10,41,2024
customers,2024-10-05,2024-10,58,2024
customers,2024-10-06,2024-10,59,2024
customers,2024-10-07,2024-10,58,2024
customers,2024-10-08,2024-10,43,2024
customers,2024-10-09,2024-10,69,2024
customers,2024-10-10,2024-10,51,2024
customers,2024-10-11,2024-10,55,2024
customers,2024-10-12,2024-10,53,2024
customers,2024-10-13,2024-10,55,2024
customers,2024-10-14,2024-10,63,2024
customers,2024-10-15,2024-10,42,2024
customers,2024-10-16,2024-10,51,2024
customers,2024-10-17,2024-10,49,2024
customers,2024-10-18,2024-10,57,2024
customers,2024-10-19,2024-10,38,2024
customers,2024-10-20,2024-10,44,2024
customers,2024-10-21,2024-10,42,2024
customers,2024-10-22,2024-10,54,2024
customers,2024-10-23,2024-10,48,2024
customers,2024-10-24,2024-10,43,2024
customers,2024-10-25,2024-10,48,2024
customers,2024-10-26,2024-10,46,2024
customers,2024-10-27,2024-10,53,2024
customers,2024-10-28,2024-10,52,2024
customers,2024-10-29,2024-10,50,2024
customers,2024-10-30,2024-10,48,2024
customers,2024-10-31,2024-10,59,2024
customers,2024-11-01,2024-11,40,2024
customers,2024-11-02,2024-11,46,2024
customers,2024-11-03,2024-11,64,2024
customers,2024-11-04,2024-11,43,2024
customers,2024-11-05,2024-11,54,2024
customers,2024-11-06,2024-11,42,2024
customers,2024-11-07,2024-11,41,2024
customers,2024-11-08,2024-11,58,2024
customers,2024-11-09,2024-11,56,2024
customers,2024-11-10,2024-11,47,2024
customers,2024-11-11,2024-11,52,2024
customers,2024-11-12,2024-11,40,2024
customers,2024-11-13,2024-11,44,2024
customers,2024-11-14,2024-11,49,2024
customers,2024-11-15,2024-11,60,2024
customers,2024-11-16,2024-11,52,2024
customers,2024-11-17,2024-11,54,2024
customers,2024-11-18,2024-11,54,2024
customers,2024-11-19,2024-11,44,2024
customers,2024-11-20,2024-11,51,2024
customers,2024-11-21,2024-11,60,2024
customers,2024-11-22,2024-11,55,2024
customers,2024-11-23,2024-11,54,2024
customers,2024-11-24,2024-11,43,2024
customers,2024-11-25,2024-11,54,2024
customers,2024-11-26,2024-11,54,2024
customers,2024-11-27,2024-11,52,2024
customers,2024-11-28,2024-11,51,2024
customers,2024-11-29,2024-11,56,2024
customers,2024-11-30,2024-11,44,2024
customers,2024-12-01,2024-12,48,2024
customers,2024-12-02,2024-12,36,2024
customers,2024-12-03,2024-12,52,2024
customers,2024-12-04,2024-12,49,2024
customers,2024-12-05,2024-12,50,2024
customers,2024-12-06,2024-12,55,2024
customers,2024-12-07,2024-12,60,2024
customers,2024-12-08,2024-12,56,2024
customers,2024-12-09,2024-12,42,2024
customers,2024-12-10,2024-12,54,2024
customers,2024-12-11,2024-12,64,2024
customers,2024-12-12,2024-12,50,2024
customers,2024-12-13,2024-12,45,2024
customers,2024-12-14,2024-12,42,2024
customers,2024-12-15,2024-12,56,2024
customers,2024-12-16,2024-12,71,2024
customers,2024-12-17,2024-12,48,2024
customers,2024-12-18,2024-12,65,2024
customers,2024-12-19,2024-12,48,2024
customers,2024-12-20,2024-12,47,2024
customers,2024-12-21,2024-12,55,2024
customers,2024-12-22,2024-12,37,2024
customers,2024-12-23,2024-12,65,2024
customers,2024-12-24,2024-12,55,2024
customers,2024-12-25,2024-12,45,2024
customers,2024-12-26,2024-12,63,2024
customers,2024-12-27,2024-12,62,2024
customers,2024-12-28,2024-12,54,2024
customers,2024-12-29,2024-12,54,2024
customers,2024-12-30,2024-12,47,2024
customers,2024-12-31,2024-12,51,2024
customers,2025-01-01,2025-01,63,2025
customers,2025-01-02,2025-01,44,2025
customers,2025-01-03,2025-01,53,2025
customers,2025-01-04,2025-01,41,2025
customers,2025-01-05,2025-01,42,2025
customers,2025-01-06,2025-01,46,2025
customers,2025-01-07,2025-01,45,2025
customers,2025-01-08,2025-01,51,2025
customers,2025-01-09,2025-01,44,2025
customers,2025-01-10,2025-01,60,2025
customers,2025-01-11,2025-01,49,2025
customers,2025-01-12,2025-01,50,2025
customers,2025-01-13,2025-01,57,2025
customers,2025-01-14,2025-01,53,2025
customers,2025-01-15,2025-01,55,2025
customers,2025-01-16,2025-01,43,2025
customers,2025-01-17,2025-01,52,2025
customers,2025-01-18,2025-01,64,2025
customers,2025-01-19,2025-01,50,2025
customers,2025-01-20,2025-01,54,2025
customers,2025-01-21,2025-01,53,2025
customers,2025-01-22,2025-01,50,2025
customers,2025-01-23,2025-01,56,2025
customers,2025-01-24,2025-01,48,2025
customers,2025-01-25,2025-01,43,2025
customers,2025-01-26,2025-01,48,2025
customers,2025-01-27,2025-01,47,2025
customers,2025-01-28,2025-01,53,2025
customers,2025-01-29,2025-01,43,2025
customers,2025-01-30,2025-01,46,2025
customers,2025-01-31,2025-01,57,2025
customers,2025-02-01,2025-02,44,2025
customers,2025-02-02,2025-02,55,2025
customers,2025-02-03,2025-02,51,2025
customers,2025-02-04,2025-02,44,2025
customers,2025-02-05,2025-02,57,2025
customers,2025-02-06,2025-02,47,2025
customers,2025-02-07,2025-02,55,2025
customers,2025-02-08,2025-02,53,2025
customers,2025-02-09,2025-02,46,2025
customers,2025-02-10,2025-02,50,2025
customers,2025-02-11,2025-02,57,2025
customers,2025-02-12,2025-02,47,2025
customers,2025-02-13,2025-02,48,2025
customers,2025-02-14,2025-02,48,2025
customers,2025-02-15,2025-02,57,2025
customers,2025-02-16,2025-02,40,2025
customers,2025-02-17,2025-02,61,2025
customers,2025-02-18,2025-02,60,2025
customers,2025-02-19,2025-02,52,2025
customers,2025-02-20,2025-02,54,2025
customers,2025-02-21,2025-02,50,2025
customers,2025-02-22,2025-02,48,2025
customers,2025-02-23,2025-02,39,2025
customers,2025-02-24,2025-02,54,2025
customers,2025-02-25,2025-02,56,2025
customers,2025-02-26,2025-02,50,2025
customers,2025-02-27,2025-02,51,2025
customers,2025-02-28,2025-02,55,2025
customers,2025-03-01,2025-03,50,2025
customers,2025-03-02,2025-03,54,2025
customers,2025-03-03,2025-03,48,2025
customers,2025-03-04,2025-03,54,2025
customers,2025-03-05,2025-03,56,2025
customers,2025-03-06,2025-03,43,2025
customers,2025-03-07,2025-03,50,2025
customers,2025-03-08,2025-03,50,2025
customers,2025-03-09,2025-03,35,2025
customers,2025-03-10,2025-03,51,2025
customers,2025-03-11,2025-03,47,2025
customers,2025-03-12,2025-03,42,2025
customers,2025-03-13,2025-03,61,2025
customers,2025-03-14,2025-03,61,2025
customers,2025-03-15,2025-03,52,2025
customers,2025-03-16,2025-03,44,2025
customers,2025-03-17,2025-03,51,2025
customers,2025-03-18,2025-03,56,2025
customers,2025-03-19,2025-03,49,2025
customers,2025-03-20,2025-03,54,2025
customers,2025-03-21,2025-03,68,2025
customers,2025-03-22,2025-03,52,2025
customers,2025-03-23,2025-03,45,2025
customers,2025-03-24,2025-03,58,2025
customers,2025-03-25,2025-03,53,2025
customers,2025-03-26,2025-03,60,2025
customers,2025-03-27,2025-03,58,2025
customers,2025-03-28,2025-03,47,2025
customers,2025-03-29,2025-03,47,2025
customers,2025-03-30,2025-03,46,2025
customers,2025-03-31,2025-03,66,2025
customers,2025-04-01,2025-04,40,2025
customers,2025-04-02,2025-04,55,2025
customers,2025-04-03,2025-04,51,2025
customers,2025-04-04,2025-04,50,2025
customers,2025-04-05,2025-04,49,2025
customers,2025-04-06,2025-04,44,2025
customers,2025-04-07,2025-04,48,2025
customers,2025-04-08,2025-04,54,2025
customers,2025-04-09,2025-04,47,2025
customers,2025-04-10,2025-04,50,2025
customers,2025-04-11,2025-04,39,2025
customers,2025-04-12,2025-04,68,2025
customers,2025-04-13,2025-04,60,2025
customers,2025-04-14,2025-04,47,2025
customers,2025-04-15,2025-04,50,2025
customers,2025-04-16,2025-04,53,2025
customers,2025-04-17,2025-04,55,2025
customers,2025-04-18,2025-04,44,2025
customers,2025-04-19,2025-04,45,2025
customers,2025-04-20,2025-04,59,2025
customers,2025-04-21,2025-04,42,2025
customers,2025-04-22,2025-04,52,2025
customers,2025-04-23,2025-04,55,2025
customers,2025-04-24,2025-04,56,2025
customers,2025-04-25,2025-04,52,2025
customers,2025-04-26,2025-04,50,2025
customers,2025-04-27,2025-04,59,2025
customers,2025-04-28,2025-04,61,2025
customers,2025-04-29,2025-04,53,2025
customers,2025-04-30,2025-04,65,2025
customers,2025-05-01,2025-05,49,2025
customers,2025-05-02,2025-05,47,2025
customers,2025-05-03,2025-05,61,2025
customers,2025-05-04,2025-05,53,2025
customers,2025-05-05,2025-05,55,2025
customers,2025-05-06,2025-05,51,2025
customers,2025-05-07,2025-05,41,2025
customers,2025-05-08,2025-05,55,2025
customers,2025-05-09,2025-05,42,2025
customers,2025-05-10,2025-05,49,2025
customers,2025-05-11,2025-05,56,2025
customers,2025-05-12,2025-05,38,2025
customers,2025-05-13,2025-05,45,2025
customers,2025-05-14,2025-05,57,2025
customers,2025-05-15,2025-05,36,2025
customers,2025-05-16,2025-05,52,2025
customers,2025-05-17,2025-05,58,2025
customers,2025-05-18,2025-05,49,2025
customers,2025-05-19,2025-05,43,2025
customers,2025-05-20,2025-05,53,2025
customers,2025-05-21,2025-05,54,2025
customers,2025-05-22,2025-05,55,2025
customers,2025-05-23,2025-05,57,2025
customers,2025-05-24,2025-05,58,2025
customers,2025-05-25,2025-05,44,2025
customers,2025-05-26,2025-05,50,2025
customers,2025-05-27,2025-05,46,2025
customers,2025-05-28,2025-05,46,2025
customers,2025-05-29,2025-05,40,2025
customers,2025-05-30,2025-05,38,2025
customers,2025-05-31,2025-05,54,2025
customers,2025-06-01,2025-06,48,2025
customers,2025-06-02,2025-06,50,2025
customers,2025-06-03,2025-06,51,2025
customers,2025-06-04,2025-06,47,2025
customers,2025-06-05,2025-06,45,2025
customers,2025-06-06,2025-06,42,2025
customers,2025-06-07,2025-06,54,2025
customers,2025-06-08,2025-06,53,2025
customers,2025-06-09,2025-06,57,2025
customers,2025-06-10,2025-06,55,2025
customers,2025-06-11,2025-06,49,2025
customers,2025-06-12,2025-06,51,2025
customers,2025-06-13,2025-06,47,2025
customers,2025-06-14,2025-06,51,2025
customers,2025-06-15,2025-06,48,2025
customers,2025-06-16,2025-06,54,2025
customers,2025-06-17,2025-06,53,2025
customers,2025-06-18,2025-06,52,2025
customers,2025-06-19,2025-06,56,2025
customers,2025-06-20,2025-06,57,2025
customers,2025-06-21,2025-06,53,2025
customers,2025-06-22,2025-06,53,2025
customers,2025-06-23,2025-06,58,2025
customers,2025-06-24,2025-06,55,2025
customers,2025-06-25,2025-06,48,2025
customers,2025-06-26,2025-06,68,2025
customers,2025-06-27,2025-06,47,2025
customers,2025-06-28,2025-06,46,2025
customers,2025-06-29,2025-06,50,2025
customers,2025-06-30,2025-06,54,2025
customers,2025-07-01,2025-07,47,2025
customers,2025-07-02,2025-07,50,2025
customers,2025-07-03,2025-07,42,2025
customers,2025-07-04,2025-07,54,2025
customers,2025-07-05,2025-07,59,2025
customers,2025-07-06,2025-07,51,2025
customers,2025-07-07,2025-07,61,2025
customers,2025-07-08,2025-07,47,2025
customers,2025-07-09,2025-07,53,2025
customers,2025-07-10,2025-07,62,2025
customers,2025-07-11,2025-07,50,2025
customers,2025-07-12,2025-07,68,2025
customers,2025-07-13,2025-07,54,2025
customers,2025-07-14,2025-07,50,2025
customers,2025-07-15,2025-07,47,2025
customers,2025-07-16,2025-07,56,2025
customers,2025-07-17,2025-07,62,2025
customers,2025-07-18,2025-07,44,2025
customers,2025-07-19,2025-07,49,2025
customers,2025-07-20,2025-07,54,2025
customers,2025-07-21,2025-07,55,2025
customers,2025-07-22,2025-07,51,2025
customers,2025-07-23,2025-07,52,2025
customers,2025-07-24,2025-07,51,2025
customers,2025-07-25,2025-07,54,2025
customers,2025-07-26,2025-07,47,2025
customers,2025-07-27,2025-07,55,2025
customers,2025-07-28,2025-07,58,2025
customers,2025-07-29,2025-07,62,2025
customers,2025-07-30,2025-07,53,2025
customers,2025-07-31,2025-07,54,2025
customers,2025-08-01,2025-08,60,2025
customers,2025-08-02,2025-08,51,2025
customers,2025-08-03,2025-08,67,2025
customers,2025-08-04,2025-08,41,2025
customers,2025-08-05,2025-08,56,2025
customers,2025-08-06,2025-08,60,2025
customers,2025-08-07,2025-08,48,2025
customers,2025-08-08,2025-08,39,2025
customers,2025-08-09,2025-08,52,2025
customers,2025-08-10,2025-08,52,2025
customers,2025-08-11,2025-08,41,2025
customers,2025-08-12,2025-08,49,2025
customers,2025-08-13,2025-08,62,2025
customers,2025-08-14,2025-08,68,2025
customers,2025-08-15,2025-08,49,2025
customers,2025-08-16,2025-08,50,2025
customers,2025-08-17,2025-08,50,2025
customers,2025-08-18,2025-08,56,2025
customers,2025-08-19,2025-08,63,2025
customers,2025-08-20,2025-08,43,2025
customers,2025-08-21,2025-08,55,2025
customers,2025-08-22,2025-08,53,2025
customers,2025-08-23,2025-08,65,2025
customers,2025-08-24,2025-08,38,2025
customers,2025-08-25,2025-08,38,2025
customers,2025-08-26,2025-08,51,2025
customers,2025-08-27,2025-08,52,2025
customers,2025-08-28,2025-08,60,2025
customers,2025-08-29,2025-08,46,2025
customers,2025-08-30,2025-08,44,2025
customers,2025-08-31,2025-08,44,2025
customers,2025-09-01,2025-09,47,2025
customers,2025-09-02,2025-09,56,2025
customers,2025-09-03,2025-09,47,2025
customers,2025-09-04,2025-09,54,2025
customers,2025-09-05,2025-09,47,2025
customers,2025-09-06,2025-09,61,2025
customers,2025-09-07,2025-09,44,2025
customers,2025-09-08,2025-09,65,2025
customers,2025-09-09,2025-09,55,2025
customers,2025-09-10,2025-09,42,2025
customers,2025-09-11,2025-09,39,2025
customers,2025-09-12,2025-09,51,2025
customers,2025-09-13,2025-09,48,2025
customers,2025-09-14,2025-09,55,2025
customers,2025-09-15,2025-09,43,2025
customers,2025-09-16,2025-09,57,2025
customers,2025-09-17,2025-09,39,2025
customers,2025-09-18,2025-09,56,2025
customers,2025-09-19,2025-09,48,2025
customers,2025-09-20,2025-09,44,2025
customers,2025-09-21,2025-09,50,2025
customers,2025-09-22,2025-09,52,2025
customers,2025-09-23,2025-09,54,2025
customers,2025-09-24,2025-09,52,2025
customers,2025-09-25,2025-09,52,2025
customers,2025-09-26,2025-09,58,2025
customers,2025-09-27,2025-09,56,2025
customers,2025-09-28,2025-09,48,2025
customers,2025-09-29,2025-09,52,2025
customers,2025-09-30,2025-09,64,2025
customers,2025-10-01,2025-10,53,2025
customers,2025-10-02,2025-10,49,2025
customers,2025-10-03,2025-10,47,2025
customers,2025-10-04,2025-10,58,2025
customers,2025-10-05,2025-10,55,2025
customers,2025-10-06,2025-10,57,2025
customers,2025-10-07,2025-10,53,2025
customers,2025-10-08,2025-10,63,2025
customers,2025-10-09,2025-10,49,2025
customers,2025-10-10,2025-10,50,2025
customers,2025-10-11,2025-10,51,2025
customers,2025-10-12,2025-10,52,2025
customers,2025-10-13,2025-10,57,2025
customers,2025-10-14,2025-10,56,2025
customers,2025-10-15,2025-10,63,2025
customers,2025-10-16,2025-10,47,2025
customers,2025-10-17,2025-10,58,2025
customers,2025-10-18,2025-10,55,2025
customers,2025-10-19,2025-10,48,2025
customers,2025-10-20,2025-10,39,2025
customers,2025-10-21,2025-10,53,2025
customers,2025-10-22,2025-10,51,2025
customers,2025-10-23,2025-10,52,2025
customers,2025-10-24,2025-10,43,2025
customers,2025-10-25,2025-10,62,2025
customers,2025-10-26,2025-10,68,2025
customers,2025-10-27,2025-10,51,2025
customers,2025-10-28,2025-10,40,2025
customers,2025-10-29,2025-10,60,2025
customers,2025-10-30,2025-10,47,2025
customers,2025-10-31,2025-10,50,2025
customers,2025-11-01,2025-11,55,2025
customers,2025-11-02,2025-11,47,2025
customers,2025-11-03,2025-11,49,2025
customers,2025-11-04,2025-11,55,2025
customers,2025-11-05,2025-11,44,2025
customers,2025-11-06,2025-11,42,2025
customers,2025-11-07,2025-11,57,2025
customers,2025-11-08,2025-11,46,2025
customers,2025-11-09,2025-11,54,2025
customers,2025-11-10,2025-11,54,2025
customers,2025-11-11,2025-11,47,2025
customers,2025-11-12,2025-11,59,2025
customers,2025-11-13,2025-11,58,2025
customers,2025-11-14,2025-11,57,2025
customers,2025-11-15,2025-11,61,2025
customers,2025-11-16,2025-11,53,2025
customers,2025-11-17,2025-11,45,2025
customers,2025-11-18,2025-11,71,2025
customers,2025-11-19,2025-11,58,2025
customers,2025-11-20,2025-11,48,2025
customers,2025-11-21,2025-11,46,2025
customers,2025-11-22,2025-11,53,2025
customers,2025-11-23,2025-11,57,2025
customers,2025-11-24,2025-11,41,2025
customers,2025-11-25,2025-11,59,2025
customers,2025-11-26,2025-11,58,2025
customers,2025-11-27,2025-11,57,2025
customers,2025-11-28,2025-11,54,2025
customers,2025-11-29,2025-11,57,2025
customers,2025-11-30,2025-11,57,2025
customers,2025-12-01,2025-12,46,2025
customers,2025-12-02,2025-12,50,2025
customers,2025-12-03,2025-12,55,2025
customers,2025-12-04,2025-12,51,2025
customers,2025-12-05,2025-12,60,2025
customers,2025-12-06,2025-12,54,2025
customers,2025-12-07,2025-12,55,2025
customers,2025-12-08,2025-12,41,2025
customers,2025-12-09,2025-12,65,2025
customers,2025-12-10,2025-12,47,2025
customers,2025-12-11,2025-12,43,2025
customers,2025-12-12,2025-12,53,2025
customers,2025-12-13,2025-12,52,2025
customers,2025-12-14,2025-12,59,2025
customers,2025-12-15,2025-12,51,2025
customers,2025-12-16,2025-12,54,2025
customers,2025-12-17,2025-12,44,2025
customers,2025-12-18,2025-12,42,2025
customers,2025-12-19,2025-12,39,2025
customers,2025-12-20,2025-12,38,2025
customers,2025-12-21,2025-12,50,2025
customers,2025-12-22,2025-12,72,2025
customers,2025-12-23,2025-12,53,2025
customers,2025-12-24,2025-12,58,2025
customers,2025-12-25,2025-12,51,2025
customers,2025-12-26,2025-12,68,2025
customers,2025-12-27,2025-12,49,2025
customers,2025-12-28,2025-12,57,2025
customers,2025-12-29,2025-12,50,2025
customers,2025-12-30,2025-12,46,2025
customers,2025-12-31,2025-12,47,2025
customers,2026-01-01,2026-01,63,2026
customers,2026-01-02,2026-01,48,2026
customers,2026-01-03,2026-01,50,2026
customers,2026-01-04,2026-01,49,2026
customers,2026-01-05,2026-01,56,2026
customers,2026-01-06,2026-01,37,2026
customers,2026-01-07,2026-01,42,2026
customers,2026-01-08,2026-01,46,2026
customers,2026-01-09,2026-01,52,2026
customers,2026-01-10,2026-01,48,2026
customers,2026-01-11,2026-01,53,2026
customers,2026-01-12,2026-01,48,2026
customers,2026-01-13,2026-01,41,2026
customers,2026-01-14,2026-01,53,2026
customers,2026-01-15,2026-01,53,2026
customers,2026-01-16,2026-01,46,2026
customers,2026-01-17,2026-01,49,2026
customers,2026-01-18,2026-01,42,2026
customers,2026-01-19,2026-01,51,2026
customers,2026-01-20,2026-01,50,2026
customers,2026-01-21,2026-01,45,2026
customers,2026-01-22,2026-01,57,2026
customers,2026-01-23,2026-01,51,2026
customers,2026-01-24,2026-01,69,2026
customers,2026-01-25,2026-01,47,2026
customers,2026-01-26,2026-01,41,2026
customers,2026-01-27,2026-01,47,2026
customers,2026-01-28,2026-01,50,2026
customers,2026-01-29,2026-01,45,2026
customers,2026-01-30,2026-01,41,2026
customers,2026-01-31,2026-01,47,2026
customers,2026-02-01,2026-02,49,2026
customers,2026-02-02,2026-02,60,2026
customers,2026-02-03,2026-02,53,2026
customers,2026-02-04,2026-02,57,2026
customers,2026-02-05,2026-02,55,2026
customers,2026-02-06,2026-02,41,2026
customers,2026-02-07,2026-02,51,2026
customers,2026-02-08,2026-02,55,2026
customers,2026-02-09,2026-02,49,2026
customers,2026-02-10,2026-02,47,2026
customers,2026-02-11,2026-02,58,2026
customers,2026-02-12,2026-02,52,2026
customers,2026-02-13,2026-02,68,2026
customers,2026-02-14,2026-02,43,2026
customers,2026-02-15,2026-02,53,2026
customers,2026-02-16,2026-02,56,2026
customers,2026-02-17,2026-02,58,2026
customers,2026-02-18,2026-02,51,2026
customers,2026-02-19,2026-02,54,2026
customers,2026-02-20,2026-02,53,2026
customers,2026-02-21,2026-02,50,2026
customers,2026-02-22,2026-02,44,2026
customers,2026-02-23,2026-02,39,2026
customers,2026-02-24,2026-02,55,2026
customers,2026-02-25,2026-02,41,2026
customers,2026-02-26,2026-02,61,2026
customers,2026-02-27,2026-02,58,2026
customers,2026-02-28,2026-02,51,2026
customers,2026-03-01,2026-03,48,2026
customers,2026-03-02,2026-03,47,2026
customers,2026-03-03,2026-03,65,2026
customers,2026-03-04,2026-03,46,2026
customers,2026-03-05,2026-03,52,2026
customers,2026-03-06,2026-03,42,2026
customers,2026-03-07,2026-03,66,2026
customers,2026-03-08,2026-03,51,2026
customers,2026-03-09,2026-03,58,2026
customers,2026-03-10,2026-03,40,2026
customers,2026-03-11,2026-03,57,2026
customers,2026-03-12,2026-03,60,2026
customers,2026-03-13,2026-03,43,2026
customers,2026-03-14,2026-03,58,2026
customers,2026-03-15,2026-03,61,2026
customers,2026-03-16,2026-03,47,2026
customers,2026-03-17,2026-03,51,2026
customers,2026-03-18,2026-03,57,2026
customers,2026-03-19,2026-03,50,2026
customers,2026-03-20,2026-03,51,2026
customers,2026-03-21,2026-03,36,2026
customers,2026-03-22,2026-03,46,2026
customers,2026-03-23,2026-03,45,2026
customers,2026-03-24,2026-03,44,2026
customers,2026-03-25,2026-03,48,2026
customers,2026-03-26,2026-03,40,2026
customers,2026-03-27,2026-03,38,2026
customers,2026-03-28,2026-03,55,2026
customers,2026-03-29,2026-03,48,2026
customers,2026-03-30,2026-03,52,2026
customers,2026-03-31,2026-03,51,2026
customers,2026-04-01,2026-04,51,2026
customers,2026-04-02,2026-04,60,2026
customers,2026-04-03,2026-04,58,2026
customers,2026-04-04,2026-04,60,2026
customers,2026-04-05,2026-04,46,2026
customers,2026-04-06,2026-04,46,2026
customers,2026-04-07,2026-04,47,2026
customers,2026-04-08,2026-04,38,2026
customers,2026-04-09,2026-04,47,2026
customers,2026-04-10,2026-04,44,2026
customers,2026-04-11,2026-04,42,2026
customers,2026-04-12,2026-04,58,2026
customers,2026-04-13,2026-04,50,2026
customers,2026-04-14,2026-04,47,2026
customers,2026-04-15,2026-04,44,2026
customers,2026-04-16,2026-04,50,2026
customers,2026-04-17,2026-04,53,2026
customers,2026-04-18,2026-04,46,2026
customers,2026-04-19,2026-04,49,2026
customers,2026-04-20,2026-04,31,2026
customers,2026-04-21,2026-04,63,2026
customers,2026-04-22,2026-04,49,2026
customers,2026-04-23,2026-04,52,2026
customers,2026-04-24,2026-04,58,2026
customers,2026-04-25,2026-04,52,2026
customers,2026-04-26,2026-04,38,2026
customers,2026-04-27,2026-04,46,2026
customers,2026-04-28,2026-04,55,2026
customers,2026-04-29,2026-04,61,2026
customers,2026-04-30,2026-04,45,2026
customers,2026-05-01,2026-05,49,2026
customers,2026-05-02,2026-05,52,2026
customers,2026-05-03,2026-05,47,2026
customers,2026-05-04,2026-05,57,2026
customers,2026-05-05,2026-05,56,2026
customers,2026-05-06,2026-05,61,2026
customers,2026-05-07,2026-05,48,2026
customers,2026-05-08,2026-05,51,2026
customers,2026-05-09,2026-05,57,2026
customers,2026-05-10,2026-05,42,2026
customers,2026-05-11,2026-05,44,2026
customers,2026-05-12,2026-05,50,2026
customers,2026-05-13,2026-05,52,2026
customers,2026-05-14,2026-05,52,2026
customers,2026-05-15,2026-05,42,2026
customers,2026-05-16,2026-05,55,2026
customers,2026-05-17,2026-05,51,2026
customers,2026-05-18,2026-05,43,2026
customers,2026-05-19,2026-05,43,2026
customers,2026-05-20,2026-05,55,2026
customers,2026-05-21,2026-05,67,2026
customers,2026-05-22,2026-05,56,2026
customers,2026-05-23,2026-05,49,2026
customers,2026-05-24,2026-05,46,2026
customers,2026-05-25,2026-05,60,2026
customers,2026-05-26,2026-05,57,2026
customers,2026-05-27,2026-05,60,2026
customers,2026-05-28,2026-05,66,2026
customers,2026-05-29,2026-05,55,2026
customers,2026-05-30,2026-05,53,2026
customers,2026-05-31,2026-05,59,2026
customers,2026-06-01,2026-06,61,2026
customers,2026-06-02,2026-06,51,2026
customers,2026-06-03,2026-06,60,2026
customers,2026-06-04,2026-06,39,2026
customers,2026-06-05,2026-06,56,2026
customers,2026-06-06,2026-06,52,2026
customers,2026-06-07,2026-06,47,2026
customers,2026-06-08,2026-06,55,2026
customers,2026-06-09,2026-06,57,2026
customers,2026-06-10,2026-06,56,2026
customers,2026-06-11,2026-06,46,2026
customers,2026-06-12,2026-06,57,2026
customers,2026-06-13,2026-06,45,2026
customers,2026-06-14,2026-06,54,2026
customers,2026-06-15,2026-06,46,2026
customers,2026-06-16,2026-06,46,2026
customers,2026-06-17,2026-06,63,2026
customers,2026-06-18,2026-06,58,2026
customers,2026-06-19,2026-06,57,2026
customers,2026-06-20,2026-06,62,2026
customers,2026-06-21,2026-06,39,2026
customers,2026-06-22,2026-06,48,2026
customers,2026-06-23,2026-06,57,2026
customers,2026-06-24,2026-06,54,2026
customers,2026-06-25,2026-06,48,2026
customers,2026-06-26,2026-06,51,2026
customers,2026-06-27,2026-06,47,2026
customers,2026-06-28,2026-06,50,2026
customers,2026-06-29,2026-06,56,2026
customers,2026-06-30,2026-06,50,2026
customers,2026-07-01,2026-07,53,2026
customers,2026-07-02,2026-07,46,2026
customers,2026-07-03,2026-07,55,2026
customers,2026-07-04,2026-07,32,2026
customers,2026-07-05,2026-07,37,2026
customers,2026-07-06,2026-07,49,2026
customers,2026-07-07,2026-07,53,2026
customers,2026-07-08,2026-07,50,2026
customers,2026-07-09,2026-07,48,2026
customers,2026-07-10,2026-07,42,2026
customers,2026-07-11,2026-07,46,2026
customers,2026-07-12,2026-07,45,2026
customers,2026-07-13,2026-07,57,2026
customers,2026-07-14,2026-07,50,2026
customers,2026-07-15,2026-07,51,2026
customers,2026-07-16,2026-07,58,2026
customers,2026-07-17,2026-07,38,2026
customers,2026-07-18,2026-07,38,2026
customers,2026-07-19,2026-07,39,2026
customers,2026-07-20,2026-07,32,2026
customers,2026-07-21,2026-07,45,2026
customers,2026-07-22,2026-07,57,2026
customers,2026-07-23,2026-07,47,2026
customers,2026-07-24,2026-07,42,2026
customers,2026-07-25,2026-07,37,2026
customers,2026-07-26,2026-07,47,2026
customers,2026-07-27,2026-07,32,2026
customers,2026-07-28,2026-07,37,2026
customers,2026-07-29,2026-07,49,2026
customers,2026-07-30,2026-07,48,2026
customers,2026-07-31,2026-07,52,2026
customers,2026-08-01,2026-08,39,2026
customers,2026-08-02,2026-08,40,2026
customers,2026-08-03,2026-08,43,2026
customers,2026-08-04,2026-08,33,2026
customers,2026-08-05,2026-08,41,2026
customers,2026-08-06,2026-08,31,2026
customers,2026-08-07,2026-08,46,2026
customers,2026-08-08,2026-08,38,2026
customers,2026-08-09,2026-08,55,2026
customers,2026-08-10,2026-08,40,2026
customers,2026-08-11,2026-08,46,2026
customers,2026-08-12,2026-08,43,2026
customers,2026-08-13,2026-08,34,2026
customers,2026-08-14,2026-08,39,2026
customers,2026-08-15,2026-08,38,2026
customers,2026-08-16,2026-08,42,2026
customers,2026-08-17,2026-08,46,2026
customers,2026-08-18,2026-08,44,2026
customers,2026-08-19,2026-08,39,2026
customers,2026-08-20,2026-08,44,2026
customers,2026-08-21,2026-08,31,2026
customers,2026-08-22,2026-08,35,2026
customers,2026-08-23,2026-08,43,2026
customers,2026-08-24,2026-08,51,2026
customers,2026-08-25,2026-08,45,2026
customers,2026-08-26,2026-08,38,2026
customers,2026-08-27,2026-08,36,2026
customers,2026-08-28,2026-08,43,2026
customers,2026-08-29,2026-08,37,2026
customers,2026-08-30,2026-08,50,2026
customers,2026-08-31,2026-08,40,2026
customers,2026-09-01,2026-09,49,2026
customers,2026-09-02,2026-09,44,2026
customers,2026-09-03,2026-09,40,2026
customers,2026-09-04,2026-09,45,2026
customers,2026-09-05,2026-09,41,2026
customers,2026-09-06,2026-09,47,2026
customers,2026-09-07,2026-09,38,2026
customers,2026-09-08,2026-09,48,2026
customers,2026-09-09,2026-09,31,2026
customers,2026-09-10,2026-09,40,2026
customers,2026-09-11,2026-09,43,2026
customers,2026-09-12,2026-09,29,2026
customers,2026-09-13,2026-09,33,2026
customers,2026-09-14,2026-09,37,2026
customers,2026-09-15,2026-09,39,2026
customers,2026-09-16,2026-09,39,2026
customers,2026-09-17,2026-09,28,2026
customers,2026-09-18,2026-09,39,2026
customers,2026-09-19,2026-09,35,2026
customers,2026-09-20,2026-09,48,2026
customers,2026-09-21,2026-09,34,2026
customers,2026-09-22,2026-09,48,2026
customers,2026-09-23,2026-09,33,2026
customers,2026-09-24,2026-09,32,2026
customers,2026-09-25,2026-09,37,2026
customers,2026-09-26,2026-09,37,2026
customers,2026-09-27,2026-09,40,2026
customers,2026-09-28,2026-09,33,2026
customers,2026-09-29,2026-09,37,2026
customers,2026-09-30,2026-09,38,2026
customers,2026-10-01,2026-10,36,2026
customers,2026-10-02,2026-10,41,2026
customers,2026-10-03,2026-10,50,2026
customers,2026-10-04,2026-10,34,2026
customers,2026-10-05,2026-10,40,2026
customers,2026-10-06,2026-10,33,2026
customers,2026-10-07,2026-10,44,2026
customers,2026-10-08,2026-10,37,2026
customers,2026-10-09,2026-10,34,2026
customers,2026-10-10,2026-10,34,2026
customers,2026-10-11,2026-10,36,2026
customers,2026-10-12,2026-10,29,2026
customers,2026-10-13,2026-10,44,2026
customers,2026-10-14,2026-10,38,2026
customers,2026-10-15,2026-10,39,2026
customers,2026-10-16,2026-10,37,2026
customers,2026-10-17,2026-10,41,2026
customers,2026-10-18,2026-10,27,2026
customers,2026-10-19,2026-10,32,2026
customers,2026-10-20,2026-10,29,2026
customers,2026-10-21,2026-10,24,2026
customers,2026-10-22,2026-10,36,2026
customers,2026-10-23,2026-10,31,2026
customers,2026-10-24,2026-10,26,2026
customers,2026-10-25,2026-10,33,2026
customers,2026-10-26,2026-10,35,2026
customers,2026-10-27,2026-10,27,2026
customers,2026-10-28,2026-10,28,2026
customers,2026-10-29,2026-10,34,2026
customers,2026-10-30,2026-10,35,2026
customers,2026-10-31,2026-10,31,2026
customers,2026-11-01,2026-11,36,2026
customers,2026-11-02,2026-11,26,2026
customers,2026-11-03,2026-11,28,2026
customers,2026-11-04,2026-11,40,2026
customers,2026-11-05,2026-11,38,2026
customers,2026-11-06,2026-11,32,2026
customers,2026-11-07,2026-11,39,2026
customers,2026-11-08,2026-11,32,2026
customers,2026-11-09,2026-11,30,2026
customers,2026-11-10,2026-11,38,2026
customers,2026-11-11,2026-11,29,2026
customers,2026-11-12,2026-11,29,2026
customers,2026-11-13,2026-11,34,2026
customers,2026-11-14,2026-11,23,2026
customers,2026-11-15,2026-11,46,2026
customers,2026-11-16,2026-11,34,2026
customers,2026-11-17,2026-11,29,2026
customers,2026-11-18,2026-11,36,2026
customers,2026-11-19,2026-11,35,2026
customers,2026-11-20,2026-11,31,2026
customers,2026-11-21,2026-11,33,2026
customers,2026-11-22,2026-11,30,2026
customers,2026-11-23,2026-11,26,2026
customers,2026-11-24,2026-11,33,2026
customers,2026-11-25,2026-11,30,2026
customers,2026-11-26,2026-11,36,2026
customers,2026-11-27,2026-11,22,2026
customers,2026-11-28,2026-11,32,2026
customers,2026-11-29,2026-11,40,2026
customers,2026-11-30,2026-11,26,2026
customers,2026-12-01,2026-12,26,2026
customers,2026-12-02,2026-12,21,2026
customers,2026-12-03,2026-12,30,2026
customers,2026-12-04,2026-12,20,2026
customers,2026-12-05,2026-12,18,2026
customers,2026-12-06,2026-12,24,2026
customers,2026-12-07,2026-12,24,2026
customers,2026-12-08,2026-12,25,2026
customers,2026-12-09,2026-12,26,2026
customers,2026-12-10,2026-12,23,2026
customers,2026-12-11,2026-12,23,2026
customers,2026-12-12,2026-12,27,2026
customers,2026-12-13,2026-12,22,2026
customers,2026-12-14,2026-12,27,2026
customers,2026-12-15,2026-12,25,2026
customers,2026-12-16,2026-12,26,2026
customers,2026-12-17,2026-12,34,2026
customers,2026-12-18,2026-12,19,2026
customers,2026-12-19,2026-12,18,2026
customers,2026-12-20,2026-12,23,2026
customers,2026-12-21,2026-12,24,2026
customers,2026-12-22,2026-12,25,2026
customers,2026-12-23,2026-12,20,2026
customers,2026-12-24,2026-12,29,2026
customers,2026-12-25,2026-12,25,2026
customers,2026-12-26,2026-12,20,2026
customers,2026-12-27,2026-12,23,2026
customers,2026-12-28,2026-12,27,2026
customers,2026-12-29,2026-12,29,2026
customers,2026-12-30,2026-12,24,2026
customers,2026-12-31,2026-12,21,2026
customers,2027-01-01,2027-01,24,2027
customers,2027-01-02,2027-01,23,2027
customers,2027-01-03,2027-01,24,2027
customers,2027-01-04,2027-01,28,2027
customers,2027-01-05,2027-01,15,2027
customers,2027-01-06,2027-01,16,2027
customers,2027-01-07,2027-01,22,2027
customers,2027-01-08,2027-01,22,2027
customers,2027-01-09,2027-01,21,2027
customers,2027-01-10,2027-01,26,2027
customers,2027-01-11,2027-01,27,2027
customers,2027-01-12,2027-01,22,2027
customers,2027-01-13,2027-01,28,2027
customers,2027-01-14,2027-01,11,2027
customers,2027-01-15,2027-01,17,2027
customers,2027-01-16,2027-01,21,2027
customers,2027-01-17,2027-01,26,2027
customers,2027-01-18,2027-01,22,2027
customers,2027-01-19,2027-01,24,2027
customers,2027-01-20,2027-01,29,2027
customers,2027-01-21,2027-01,20,2027
customers,2027-01-22,2027-01,24,2027
customers,2027-01-23,2027-01,23,2027
customers,2027-01-24,2027-01,24,2027
customers,2027-01-25,2027-01,22,2027
customers,2027-01-26,2027-01,23,2027
customers,2027-01-27,2027-01,23,2027
customers,2027-01-28,2027-01,20,2027
customers,2027-01-29,2027-01,17,2027
customers,2027-01-30,2027-01,17,2027
customers,2027-01-31,2027-01,15,2027
customers,2027-02-01,2027-02,16,2027
customers,2027-02-02,2027-02,19,2027
customers,2027-02-03,2027-02,17,2027
customers,2027-02-04,2027-02,23,2027
customers,2027-02-05,2027-02,18,2027
customers,2027-02-06,2027-02,17,2027
customers,2027-02-07,2027-02,15,2027
customers,2027-02-08,2027-02,13,2027
customers,2027-02-09,2027-02,19,2027
customers,2027-02-10,2027-02,20,2027
customers,2027-02-11,2027-02,11,2027
customers,2027-02-12,2027-02,14,2027
customers,2027-02-13,2027-02,17,2027
customers,2027-02-14,2027-02,15,2027
customers,2027-02-15,2027-02,15,2027
customers,2027-02-16,2027-02,19,2027
customers,2027-02-17,2027-02,18,2027
customers,2027-02-18,2027-02,15,2027
customers,2027-02-19,2027-02,16,2027
customers,2027-02-20,2027-02,23,2027
customers,2027-02-21,2027-02,10,2027
customers,2027-02-22,2027-02,11,2027
customers,2027-02-23,2027-02,17,2027
customers,2027-02-24,2027-02,19,2027
customers,2027-02-25,2027-02,18,2027
customers,2027-02-26,2027-02,18,2027
customers,2027-02-27,2027-02,12,2027
customers,2027-02-28,2027-02,14,2027
customers,2027-03-01,2027-03,17,2027
customers,2027-03-02,2027-03,14,2027
customers,2027-03-03,2027-03,22,2027
customers,2027-03-04,2027-03,18,2027
customers,2027-03-05,2027-03,17,2027
customers,2027-03-06,2027-03,15,2027
customers,2027-03-07,2027-03,18,2027
customers,2027-03-08,2027-03,15,2027
customers,2027-03-09,2027-03,14,2027
customers,2027-03-10,2027-03,22,2027
customers,2027-03-11,2027-03,16,2027
customers,2027-03-12,2027-03,12,2027
customers,2027-03-13,2027-03,15,2027
customers,2027-03-14,2027-03,11,2027
customers,2027-03-15,2027-03,11,2027
customers,2027-03-16,2027-03,16,2027
customers,2027-03-17,2027-03,18,2027
customers,2027-03-18,2027-03,10,2027
customers,2027-03-19,2027-03,13,2027
customers,2027-03-20,2027-03,12,2027
customers,2027-03-21,2027-03,19,2027
customers,2027-03-22,2027-03,15,2027
customers,2027-03-23,2027-03,9,2027
customers,2027-03-24,2027-03,18,2027
customers,2027-03-25,2027-03,11,2027
customers,2027-03-26,2027-03,8,2027
customers,2027-03-27,2027-03,15,2027
customers,2027-03-28,2027-03,15,2027
customers,2027-03-29,2027-03,11,2027
customers,2027-03-30,2027-03,7,2027
customers,2027-03-31,2027-03,14,2027
customers,2027-04-01,2027-04,5,2027
customers,2027-04-02,2027-04,14,2027
customers,2027-04-03,2027-04,14,2027
customers,2027-04-04,2027-04,10,2027
customers,2027-04-05,2027-04,18,2027
customers,2027-04-06,2027-04,15,2027
customers,2027-04-07,2027-04,5,2027
customers,2027-04-08,2027-04,15,2027
customers,2027-04-09,2027-04,12,2027
customers,2027-04-10,2027-04,14,2027
customers,2027-04-11,2027-04,14,2027
customers,2027-04-12,2027-04,10,2027
customers,2027-04-13,2027-04,8,2027
customers,2027-04-14,2027-04,6,2027
customers,2027-04-15,2027-04,5,2027
customers,2027-04-16,2027-04,9,2027
customers,2027-04-17,2027-04,9,2027
customers,2027-04-18,2027-04,9,2027
customers,2027-04-19,2027-04,3,2027
customers,2027-04-20,2027-04,3,2027
customers,2027-04-21,2027-04,5,2027
customers,2027-04-22,2027-04,6,2027
customers,2027-04-23,2027-04,13,2027
customers,2027-04-24,2027-04,8,2027
customers,2027-04-25,2027-04,7,2027
customers,2027-04-26,2027-04,7,2027
customers,2027-04-27,2027-04,8,2027
customers,2027-04-28,2027-04,5,2027
customers,2027-04-29,2027-04,6,2027
customers,2027-04-30,2027-04,4,2027
customers,2027-05-01,2027-05,7,2027
customers,2027-05-02,2027-05,5,2027
customers,2027-05-03,2027-05,5,2027
customers,2027-05-04,2027-05,7,2027
customers,2027-05-05,2027-05,11,2027
customers,2027-05-06,2027-05,3,2027
customers,2027-05-07,2027-05,7,2027
customers,2027-05-08,2027-05,1,2027
customers,2027-05-09,2027-05,4,2027
customers,2027-05-10,2027-05,6,2027
customers,2027-05-11,2027-05,5,2027
customers,2027-05-12,2027-05,2,2027
customers,2027-05-13,2027-05,1,2027
customers,2027-05-14,2027-05,6,2027
customers,2027-05-15,2027-05,4,2027
customers,2027-05-16,2027-05,6,2027
customers,2027-05-17,2027-05,7,2027
customers,2027-05-18,2027-05,7,2027
customers,2027-05-19,2027-05,4,2027
customers,2027-05-20,2027-05,1,2027
customers,2027-05-21,2027-05,2,2027
customers,2027-05-22,2027-05,2,2027
customers,2027-05-23,2027-05,5,2027
customers,2027-05-24,2027-05,3,2027
customers,2027-05-25,2027-05,6,2027
customers,2027-05-26,2027-05,3,2027
customers,2027-05-27,2027-05,3,2027
customers,2027-05-28,2027-05,6,2027
customers,2027-05-29,2027-05,2,2027
customers,2027-05-31,2027-05,1,2027
customers,2027-06-01,2027-06,2,2027
customers,2027-06-02,2027-06,1,2027
customers,2027-06-03,2027-06,2,2027
customers,2027-06-05,2027-06,5,2027
customers,2027-06-06,2027-06,2,2027
customers,2027-06-07,2027-06,1,2027
customers,2027-06-09,2027-06,1,2027
customers,2027-06-10,2027-06,2,2027
customers,2027-06-15,2027-06,1,2027
daily_exchange_rates,2023-06-17,2023-06,12,2023
daily_exchange_rates,2023-06-18,2023-06,12,2023
daily_exchange_rates,2023-06-19,2023-06,12,2023
daily_exchange_rates,2023-06-20,2023-06,12,2023
daily_exchange_rates,2023-06-21,2023-06,12,2023
daily_exchange_rates,2023-06-22,2023-06,12,2023
daily_exchange_rates,2023-06-23,2023-06,12,2023
daily_exchange_rates,2023-06-24,2023-06,12,2023
daily_exchange_rates,2023-06-25,2023-06,12,2023
daily_exchange_rates,2023-06-26,2023-06,12,2023
daily_exchange_rates,2023-06-27,2023-06,12,2023
daily_exchange_rates,2023-06-28,2023-06,12,2023
daily_exchange_rates,2023-06-29,2023-06,12,2023
daily_exchange_rates,2023-06-30,2023-06,12,2023
daily_exchange_rates,2023-07-01,2023-07,12,2023
daily_exchange_rates,2023-07-02,2023-07,12,2023
daily_exchange_rates,2023-07-03,2023-07,12,2023
daily_exchange_rates,2023-07-04,2023-07,12,2023
daily_exchange_rates,2023-07-05,2023-07,12,2023
daily_exchange_rates,2023-07-06,2023-07,12,2023
daily_exchange_rates,2023-07-07,2023-07,12,2023
daily_exchange_rates,2023-07-08,2023-07,12,2023
daily_exchange_rates,2023-07-09,2023-07,12,2023
daily_exchange_rates,2023-07-10,2023-07,12,2023
daily_exchange_rates,2023-07-11,2023-07,12,2023
daily_exchange_rates,2023-07-12,2023-07,12,2023
daily_exchange_rates,2023-07-13,2023-07,12,2023
daily_exchange_rates,2023-07-14,2023-07,12,2023
daily_exchange_rates,2023-07-15,2023-07,12,2023
daily_exchange_rates,2023-07-16,2023-07,12,2023
daily_exchange_rates,2023-07-17,2023-07,12,2023
daily_exchange_rates,2023-07-18,2023-07,12,2023
daily_exchange_rates,2023-07-19,2023-07,12,2023
daily_exchange_rates,2023-07-20,2023-07,12,2023
daily_exchange_rates,2023-07-21,2023-07,12,2023
daily_exchange_rates,2023-07-22,2023-07,12,2023
daily_exchange_rates,2023-07-23,2023-07,12,2023
daily_exchange_rates,2023-07-24,2023-07,12,2023
daily_exchange_rates,2023-07-25,2023-07,12,2023
daily_exchange_rates,2023-07-26,2023-07,12,2023
daily_exchange_rates,2023-07-27,2023-07,12,2023
daily_exchange_rates,2023-07-28,2023-07,12,2023
daily_exchange_rates,2023-07-29,2023-07,12,2023
daily_exchange_rates,2023-07-30,2023-07,12,2023
daily_exchange_rates,2023-07-31,2023-07,12,2023
daily_exchange_rates,2023-08-01,2023-08,12,2023
daily_exchange_rates,2023-08-02,2023-08,12,2023
daily_exchange_rates,2023-08-03,2023-08,12,2023
daily_exchange_rates,2023-08-04,2023-08,12,2023
daily_exchange_rates,2023-08-05,2023-08,12,2023
daily_exchange_rates,2023-08-06,2023-08,12,2023
daily_exchange_rates,2023-08-07,2023-08,12,2023
daily_exchange_rates,2023-08-08,2023-08,12,2023
daily_exchange_rates,2023-08-09,2023-08,12,2023
daily_exchange_rates,2023-08-10,2023-08,12,2023
daily_exchange_rates,2023-08-11,2023-08,12,2023
daily_exchange_rates,2023-08-12,2023-08,12,2023
daily_exchange_rates,2023-08-13,2023-08,12,2023
daily_exchange_rates,2023-08-14,2023-08,12,2023
daily_exchange_rates,2023-08-15,2023-08,12,2023
daily_exchange_rates,2023-08-16,2023-08,12,2023
daily_exchange_rates,2023-08-17,2023-08,12,2023
daily_exchange_rates,2023-08-18,2023-08,12,2023
daily_exchange_rates,2023-08-19,2023-08,12,2023
daily_exchange_rates,2023-08-20,2023-08,12,2023
daily_exchange_rates,2023-08-21,2023-08,12,2023
daily_exchange_rates,2023-08-22,2023-08,12,2023
daily_exchange_rates,2023-08-23,2023-08,12,2023
daily_exchange_rates,2023-08-24,2023-08,12,2023
daily_exchange_rates,2023-08-25,2023-08,12,2023
daily_exchange_rates,2023-08-26,2023-08,12,2023
daily_exchange_rates,2023-08-27,2023-08,12,2023
daily_exchange_rates,2023-08-28,2023-08,12,2023
daily_exchange_rates,2023-08-29,2023-08,12,2023
daily_exchange_rates,2023-08-30,2023-08,12,2023
daily_exchange_rates,2023-08-31,2023-08,12,2023
daily_exchange_rates,2023-09-01,2023-09,12,2023
daily_exchange_rates,2023-09-02,2023-09,12,2023
daily_exchange_rates,2023-09-03,2023-09,12,2023
daily_exchange_rates,2023-09-04,2023-09,12,2023
daily_exchange_rates,2023-09-05,2023-09,12,2023
daily_exchange_rates,2023-09-06,2023-09,12,2023
daily_exchange_rates,2023-09-07,2023-09,12,2023
daily_exchange_rates,2023-09-08,2023-09,12,2023
daily_exchange_rates,2023-09-09,2023-09,12,2023
daily_exchange_rates,2023-09-10,2023-09,12,2023
daily_exchange_rates,2023-09-11,2023-09,12,2023
daily_exchange_rates,2023-09-12,2023-09,12,2023
daily_exchange_rates,2023-09-13,2023-09,12,2023
daily_exchange_rates,2023-09-14,2023-09,12,2023
daily_exchange_rates,2023-09-15,2023-09,12,2023
daily_exchange_rates,2023-09-16,2023-09,12,2023
daily_exchange_rates,2023-09-17,2023-09,12,2023
daily_exchange_rates,2023-09-18,2023-09,12,2023
daily_exchange_rates,2023-09-19,2023-09,12,2023
daily_exchange_rates,2023-09-20,2023-09,12,2023
daily_exchange_rates,2023-09-21,2023-09,12,2023
daily_exchange_rates,2023-09-22,2023-09,12,2023
daily_exchange_rates,2023-09-23,2023-09,12,2023
daily_exchange_rates,2023-09-24,2023-09,12,2023
daily_exchange_rates,2023-09-25,2023-09,12,2023
daily_exchange_rates,2023-09-26,2023-09,12,2023
daily_exchange_rates,2023-09-27,2023-09,12,2023
daily_exchange_rates,2023-09-28,2023-09,12,2023
daily_exchange_rates,2023-09-29,2023-09,12,2023
daily_exchange_rates,2023-09-30,2023-09,12,2023
daily_exchange_rates,2023-10-01,2023-10,12,2023
daily_exchange_rates,2023-10-02,2023-10,12,2023
daily_exchange_rates,2023-10-03,2023-10,12,2023
daily_exchange_rates,2023-10-04,2023-10,12,2023
daily_exchange_rates,2023-10-05,2023-10,12,2023
daily_exchange_rates,2023-10-06,2023-10,12,2023
daily_exchange_rates,2023-10-07,2023-10,12,2023
daily_exchange_rates,2023-10-08,2023-10,12,2023
daily_exchange_rates,2023-10-09,2023-10,12,2023
daily_exchange_rates,2023-10-10,2023-10,12,2023
daily_exchange_rates,2023-10-11,2023-10,12,2023
daily_exchange_rates,2023-10-12,2023-10,12,2023
daily_exchange_rates,2023-10-13,2023-10,12,2023
daily_exchange_rates,2023-10-14,2023-10,12,2023
daily_exchange_rates,2023-10-15,2023-10,12,2023
daily_exchange_rates,2023-10-16,2023-10,12,2023
daily_exchange_rates,2023-10-17,2023-10,12,2023
daily_exchange_rates,2023-10-18,2023-10,12,2023
daily_exchange_rates,2023-10-19,2023-10,12,2023
daily_exchange_rates,2023-10-20,2023-10,12,2023
daily_exchange_rates,2023-10-21,2023-10,12,2023
daily_exchange_rates,2023-10-22,2023-10,12,2023
daily_exchange_rates,2023-10-23,2023-10,12,2023
daily_exchange_rates,2023-10-24,2023-10,12,2023
daily_exchange_rates,2023-10-25,2023-10,12,2023
daily_exchange_rates,2023-10-26,2023-10,12,2023
daily_exchange_rates,2023-10-27,2023-10,12,2023
daily_exchange_rates,2023-10-28,2023-10,12,2023
daily_exchange_rates,2023-10-29,2023-10,12,2023
daily_exchange_rates,2023-10-30,2023-10,12,2023
daily_exchange_rates,2023-10-31,2023-10,12,2023
daily_exchange_rates,2023-11-01,2023-11,12,2023
daily_exchange_rates,2023-11-02,2023-11,12,2023
daily_exchange_rates,2023-11-03,2023-11,12,2023
daily_exchange_rates,2023-11-04,2023-11,12,2023
daily_exchange_rates,2023-11-05,2023-11,12,2023
daily_exchange_rates,2023-11-06,2023-11,12,2023
daily_exchange_rates,2023-11-07,2023-11,12,2023
daily_exchange_rates,2023-11-08,2023-11,12,2023
daily_exchange_rates,2023-11-09,2023-11,12,2023
daily_exchange_rates,2023-11-10,2023-11,12,2023
daily_exchange_rates,2023-11-11,2023-11,12,2023
daily_exchange_rates,2023-11-12,2023-11,12,2023
daily_exchange_rates,2023-11-13,2023-11,12,2023
daily_exchange_rates,2023-11-14,2023-11,12,2023
daily_exchange_rates,2023-11-15,2023-11,12,2023
daily_exchange_rates,2023-11-16,2023-11,12,2023
daily_exchange_rates,2023-11-17,2023-11,12,2023
daily_exchange_rates,2023-11-18,2023-11,12,2023
daily_exchange_rates,2023-11-19,2023-11,12,2023
daily_exchange_rates,2023-11-20,2023-11,12,2023
daily_exchange_rates,2023-11-21,2023-11,12,2023
daily_exchange_rates,2023-11-22,2023-11,12,2023
daily_exchange_rates,2023-11-23,2023-11,12,2023
daily_exchange_rates,2023-11-24,2023-11,12,2023
daily_exchange_rates,2023-11-25,2023-11,12,2023
daily_exchange_rates,2023-11-26,2023-11,12,2023
daily_exchange_rates,2023-11-27,2023-11,12,2023
daily_exchange_rates,2023-11-28,2023-11,12,2023
daily_exchange_rates,2023-11-29,2023-11,12,2023
daily_exchange_rates,2023-11-30,2023-11,12,2023
daily_exchange_rates,2023-12-01,2023-12,12,2023
daily_exchange_rates,2023-12-02,2023-12,12,2023
daily_exchange_rates,2023-12-03,2023-12,12,2023
daily_exchange_rates,2023-12-04,2023-12,12,2023
daily_exchange_rates,2023-12-05,2023-12,12,2023
daily_exchange_rates,2023-12-06,2023-12,12,2023
daily_exchange_rates,2023-12-07,2023-12,12,2023
daily_exchange_rates,2023-12-08,2023-12,12,2023
daily_exchange_rates,2023-12-09,2023-12,12,2023
daily_exchange_rates,2023-12-10,2023-12,12,2023
daily_exchange_rates,2023-12-11,2023-12,12,2023
daily_exchange_rates,2023-12-12,2023-12,12,2023
daily_exchange_rates,2023-12-13,2023-12,12,2023
daily_exchange_rates,2023-12-14,2023-12,12,2023
daily_exchange_rates,2023-12-15,2023-12,12,2023
daily_exchange_rates,2023-12-16,2023-12,12,2023
daily_exchange_rates,2023-12-17,2023-12,12,2023
daily_exchange_rates,2023-12-18,2023-12,12,2023
daily_exchange_rates,2023-12-19,2023-12,12,2023
daily_exchange_rates,2023-12-20,2023-12,12,2023
daily_exchange_rates,2023-12-21,2023-12,12,2023
daily_exchange_rates,2023-12-22,2023-12,12,2023
daily_exchange_rates,2023-12-23,2023-12,12,2023
daily_exchange_rates,2023-12-24,2023-12,12,2023
daily_exchange_rates,2023-12-25,2023-12,12,2023
daily_exchange_rates,2023-12-26,2023-12,12,2023
daily_exchange_rates,2023-12-27,2023-12,12,2023
daily_exchange_rates,2023-12-28,2023-12,12,2023
daily_exchange_rates,2023-12-29,2023-12,12,2023
daily_exchange_rates,2023-12-30,2023-12,12,2023
daily_exchange_rates,2023-12-31,2023-12,12,2023
daily_exchange_rates,2024-01-01,2024-01,12,2024
daily_exchange_rates,2024-01-02,2024-01,12,2024
daily_exchange_rates,2024-01-03,2024-01,12,2024
daily_exchange_rates,2024-01-04,2024-01,12,2024
daily_exchange_rates,2024-01-05,2024-01,12,2024
daily_exchange_rates,2024-01-06,2024-01,12,2024
daily_exchange_rates,2024-01-07,2024-01,12,2024
daily_exchange_rates,2024-01-08,2024-01,12,2024
daily_exchange_rates,2024-01-09,2024-01,12,2024
daily_exchange_rates,2024-01-10,2024-01,12,2024
daily_exchange_rates,2024-01-11,2024-01,12,2024
daily_exchange_rates,2024-01-12,2024-01,12,2024
daily_exchange_rates,2024-01-13,2024-01,12,2024
daily_exchange_rates,2024-01-14,2024-01,12,2024
daily_exchange_rates,2024-01-15,2024-01,12,2024
daily_exchange_rates,2024-01-16,2024-01,12,2024
daily_exchange_rates,2024-01-17,2024-01,12,2024
daily_exchange_rates,2024-01-18,2024-01,12,2024
daily_exchange_rates,2024-01-19,2024-01,12,2024
daily_exchange_rates,2024-01-20,2024-01,12,2024
daily_exchange_rates,2024-01-21,2024-01,12,2024
daily_exchange_rates,2024-01-22,2024-01,12,2024
daily_exchange_rates,2024-01-23,2024-01,12,2024
daily_exchange_rates,2024-01-24,2024-01,12,2024
daily_exchange_rates,2024-01-25,2024-01,12,2024
daily_exchange_rates,2024-01-26,2024-01,12,2024
daily_exchange_rates,2024-01-27,2024-01,12,2024
daily_exchange_rates,2024-01-28,2024-01,12,2024
daily_exchange_rates,2024-01-29,2024-01,12,2024
daily_exchange_rates,2024-01-30,2024-01,12,2024
daily_exchange_rates,2024-01-31,2024-01,12,2024
daily_exchange_rates,2024-02-01,2024-02,12,2024
daily_exchange_rates,2024-02-02,2024-02,12,2024
daily_exchange_rates,2024-02-03,2024-02,12,2024
daily_exchange_rates,2024-02-04,2024-02,12,2024
daily_exchange_rates,2024-02-05,2024-02,12,2024
daily_exchange_rates,2024-02-06,2024-02,12,2024
daily_exchange_rates,2024-02-07,2024-02,12,2024
daily_exchange_rates,2024-02-08,2024-02,12,2024
daily_exchange_rates,2024-02-09,2024-02,12,2024
daily_exchange_rates,2024-02-10,2024-02,12,2024
daily_exchange_rates,2024-02-11,2024-02,12,2024
daily_exchange_rates,2024-02-12,2024-02,12,2024
daily_exchange_rates,2024-02-13,2024-02,12,2024
daily_exchange_rates,2024-02-14,2024-02,12,2024
daily_exchange_rates,2024-02-15,2024-02,12,2024
daily_exchange_rates,2024-02-16,2024-02,12,2024
daily_exchange_rates,2024-02-17,2024-02,12,2024
daily_exchange_rates,2024-02-18,2024-02,12,2024
daily_exchange_rates,2024-02-19,2024-02,12,2024
daily_exchange_rates,2024-02-20,2024-02,12,2024
daily_exchange_rates,2024-02-21,2024-02,12,2024
daily_exchange_rates,2024-02-22,2024-02,12,2024
daily_exchange_rates,2024-02-23,2024-02,12,2024
daily_exchange_rates,2024-02-24,2024-02,12,2024
daily_exchange_rates,2024-02-25,2024-02,12,2024
daily_exchange_rates,2024-02-26,2024-02,12,2024
daily_exchange_rates,2024-02-27,2024-02,12,2024
daily_exchange_rates,2024-02-28,2024-02,12,2024
daily_exchange_rates,2024-02-29,2024-02,12,2024
daily_exchange_rates,2024-03-01,2024-03,12,2024
daily_exchange_rates,2024-03-02,2024-03,12,2024
daily_exchange_rates,2024-03-03,2024-03,12,2024
daily_exchange_rates,2024-03-04,2024-03,12,2024
daily_exchange_rates,2024-03-05,2024-03,12,2024
daily_exchange_rates,2024-03-06,2024-03,12,2024
daily_exchange_rates,2024-03-07,2024-03,12,2024
daily_exchange_rates,2024-03-08,2024-03,12,2024
daily_exchange_rates,2024-03-09,2024-03,12,2024
daily_exchange_rates,2024-03-10,2024-03,12,2024
daily_exchange_rates,2024-03-11,2024-03,12,2024
daily_exchange_rates,2024-03-12,2024-03,12,2024
daily_exchange_rates,2024-03-13,2024-03,12,2024
daily_exchange_rates,2024-03-14,2024-03,12,2024
daily_exchange_rates,2024-03-15,2024-03,12,2024
daily_exchange_rates,2024-03-16,2024-03,12,2024
daily_exchange_rates,2024-03-17,2024-03,12,2024
daily_exchange_rates,2024-03-18,2024-03,12,2024
daily_exchange_rates,2024-03-19,2024-03,12,2024
daily_exchange_rates,2024-03-20,2024-03,12,2024
daily_exchange_rates,2024-03-21,2024-03,12,2024
daily_exchange_rates,2024-03-22,2024-03,12,2024
daily_exchange_rates,2024-03-23,2024-03,12,2024
daily_exchange_rates,2024-03-24,2024-03,12,2024
daily_exchange_rates,2024-03-25,2024-03,12,2024
daily_exchange_rates,2024-03-26,2024-03,12,2024
daily_exchange_rates,2024-03-27,2024-03,12,2024
daily_exchange_rates,2024-03-28,2024-03,12,2024
daily_exchange_rates,2024-03-29,2024-03,12,2024
daily_exchange_rates,2024-03-30,2024-03,12,2024
daily_exchange_rates,2024-03-31,2024-03,12,2024
daily_exchange_rates,2024-04-01,2024-04,12,2024
daily_exchange_rates,2024-04-02,2024-04,12,2024
daily_exchange_rates,2024-04-03,2024-04,12,2024
daily_exchange_rates,2024-04-04,2024-04,12,2024
daily_exchange_rates,2024-04-05,2024-04,12,2024
daily_exchange_rates,2024-04-06,2024-04,12,2024
daily_exchange_rates,2024-04-07,2024-04,12,2024
daily_exchange_rates,2024-04-08,2024-04,12,2024
daily_exchange_rates,2024-04-09,2024-04,12,2024
daily_exchange_rates,2024-04-10,2024-04,12,2024
daily_exchange_rates,2024-04-11,2024-04,12,2024
daily_exchange_rates,2024-04-12,2024-04,12,2024
daily_exchange_rates,2024-04-13,2024-04,12,2024
daily_exchange_rates,2024-04-14,2024-04,12,2024
daily_exchange_rates,2024-04-15,2024-04,12,2024
daily_exchange_rates,2024-04-16,2024-04,12,2024
daily_exchange_rates,2024-04-17,2024-04,12,2024
daily_exchange_rates,2024-04-18,2024-04,12,2024
daily_exchange_rates,2024-04-19,2024-04,12,2024
daily_exchange_rates,2024-04-20,2024-04,12,2024
daily_exchange_rates,2024-04-21,2024-04,12,2024
daily_exchange_rates,2024-04-22,2024-04,12,2024
daily_exchange_rates,2024-04-23,2024-04,12,2024
daily_exchange_rates,2024-04-24,2024-04,12,2024
daily_exchange_rates,2024-04-25,2024-04,12,2024
daily_exchange_rates,2024-04-26,2024-04,12,2024
daily_exchange_rates,2024-04-27,2024-04,12,2024
daily_exchange_rates,2024-04-28,2024-04,12,2024
daily_exchange_rates,2024-04-29,2024-04,12,2024
daily_exchange_rates,2024-04-30,2024-04,12,2024
daily_exchange_rates,2024-05-01,2024-05,12,2024
daily_exchange_rates,2024-05-02,2024-05,12,2024
daily_exchange_rates,2024-05-03,2024-05,12,2024
daily_exchange_rates,2024-05-04,2024-05,12,2024
daily_exchange_rates,2024-05-05,2024-05,12,2024
daily_exchange_rates,2024-05-06,2024-05,12,2024
daily_exchange_rates,2024-05-07,2024-05,12,2024
daily_exchange_rates,2024-05-08,2024-05,12,2024
daily_exchange_rates,2024-05-09,2024-05,12,2024
daily_exchange_rates,2024-05-10,2024-05,12,2024
daily_exchange_rates,2024-05-11,2024-05,12,2024
daily_exchange_rates,2024-05-12,2024-05,12,2024
daily_exchange_rates,2024-05-13,2024-05,12,2024
daily_exchange_rates,2024-05-14,2024-05,12,2024
daily_exchange_rates,2024-05-15,2024-05,12,2024
daily_exchange_rates,2024-05-16,2024-05,12,2024
daily_exchange_rates,2024-05-17,2024-05,12,2024
daily_exchange_rates,2024-05-18,2024-05,12,2024
daily_exchange_rates,2024-05-19,2024-05,12,2024
daily_exchange_rates,2024-05-20,2024-05,12,2024
daily_exchange_rates,2024-05-21,2024-05,12,2024
daily_exchange_rates,2024-05-22,2024-05,12,2024
daily_exchange_rates,2024-05-23,2024-05,12,2024
daily_exchange_rates,2024-05-24,2024-05,12,2024
daily_exchange_rates,2024-05-25,2024-05,12,2024
daily_exchange_rates,2024-05-26,2024-05,12,2024
daily_exchange_rates,2024-05-27,2024-05,12,2024
daily_exchange_rates,2024-05-28,2024-05,12,2024
daily_exchange_rates,2024-05-29,2024-05,12,2024
daily_exchange_rates,2024-05-30,2024-05,12,2024
daily_exchange_rates,2024-05-31,2024-05,12,2024
daily_exchange_rates,2024-06-01,2024-06,12,2024
daily_exchange_rates,2024-06-02,2024-06,12,2024
daily_exchange_rates,2024-06-03,2024-06,12,2024
daily_exchange_rates,2024-06-04,2024-06,12,2024
daily_exchange_rates,2024-06-05,2024-06,12,2024
daily_exchange_rates,2024-06-06,2024-06,12,2024
daily_exchange_rates,2024-06-07,2024-06,12,2024
daily_exchange_rates,2024-06-08,2024-06,12,2024
daily_exchange_rates,2024-06-09,2024-06,12,2024
daily_exchange_rates,2024-06-10,2024-06,12,2024
daily_exchange_rates,2024-06-11,2024-06,12,2024
daily_exchange_rates,2024-06-12,2024-06,12,2024
daily_exchange_rates,2024-06-13,2024-06,12,2024
daily_exchange_rates,2024-06-14,2024-06,12,2024
daily_exchange_rates,2024-06-15,2024-06,12,2024
daily_exchange_rates,2024-06-16,2024-06,12,2024
daily_exchange_rates,2024-06-17,2024-06,12,2024
daily_exchange_rates,2024-06-18,2024-06,12,2024
daily_exchange_rates,2024-06-19,2024-06,12,2024
daily_exchange_rates,2024-06-20,2024-06,12,2024
daily_exchange_rates,2024-06-21,2024-06,12,2024
daily_exchange_rates,2024-06-22,2024-06,12,2024
daily_exchange_rates,2024-06-23,2024-06,12,2024
daily_exchange_rates,2024-06-24,2024-06,12,2024
daily_exchange_rates,2024-06-25,2024-06,12,2024
daily_exchange_rates,2024-06-26,2024-06,12,2024
daily_exchange_rates,2024-06-27,2024-06,12,2024
daily_exchange_rates,2024-06-28,2024-06,12,2024
daily_exchange_rates,2024-06-29,2024-06,12,2024
daily_exchange_rates,2024-06-30,2024-06,12,2024
daily_exchange_rates,2024-07-01,2024-07,12,2024
daily_exchange_rates,2024-07-02,2024-07,12,2024
daily_exchange_rates,2024-07-03,2024-07,12,2024
daily_exchange_rates,2024-07-04,2024-07,12,2024
daily_exchange_rates,2024-07-05,2024-07,12,2024
daily_exchange_rates,2024-07-06,2024-07,12,2024
daily_exchange_rates,2024-07-07,2024-07,12,2024
daily_exchange_rates,2024-07-08,2024-07,12,2024
daily_exchange_rates,2024-07-09,2024-07,12,2024
daily_exchange_rates,2024-07-10,2024-07,12,2024
daily_exchange_rates,2024-07-11,2024-07,12,2024
daily_exchange_rates,2024-07-12,2024-07,12,2024
daily_exchange_rates,2024-07-13,2024-07,12,2024
daily_exchange_rates,2024-07-14,2024-07,12,2024
daily_exchange_rates,2024-07-15,2024-07,12,2024
daily_exchange_rates,2024-07-16,2024-07,12,2024
daily_exchange_rates,2024-07-17,2024-07,12,2024
daily_exchange_rates,2024-07-18,2024-07,12,2024
daily_exchange_rates,2024-07-19,2024-07,12,2024
daily_exchange_rates,2024-07-20,2024-07,12,2024
daily_exchange_rates,2024-07-21,2024-07,12,2024
daily_exchange_rates,2024-07-22,2024-07,12,2024
daily_exchange_rates,2024-07-23,2024-07,12,2024
daily_exchange_rates,2024-07-24,2024-07,12,2024
daily_exchange_rates,2024-07-25,2024-07,12,2024
daily_exchange_rates,2024-07-26,2024-07,12,2024
daily_exchange_rates,2024-07-27,2024-07,12,2024
daily_exchange_rates,2024-07-28,2024-07,12,2024
daily_exchange_rates,2024-07-29,2024-07,12,2024
daily_exchange_rates,2024-07-30,2024-07,12,2024
daily_exchange_rates,2024-07-31,2024-07,12,2024
daily_exchange_rates,2024-08-01,2024-08,12,2024
daily_exchange_rates,2024-08-02,2024-08,12,2024
daily_exchange_rates,2024-08-03,2024-08,12,2024
daily_exchange_rates,2024-08-04,2024-08,12,2024
daily_exchange_rates,2024-08-05,2024-08,12,2024
daily_exchange_rates,2024-08-06,2024-08,12,2024
daily_exchange_rates,2024-08-07,2024-08,12,2024
daily_exchange_rates,2024-08-08,2024-08,12,2024
daily_exchange_rates,2024-08-09,2024-08,12,2024
daily_exchange_rates,2024-08-10,2024-08,12,2024
daily_exchange_rates,2024-08-11,2024-08,12,2024
daily_exchange_rates,2024-08-12,2024-08,12,2024
daily_exchange_rates,2024-08-13,2024-08,12,2024
daily_exchange_rates,2024-08-14,2024-08,12,2024
daily_exchange_rates,2024-08-15,2024-08,12,2024
daily_exchange_rates,2024-08-16,2024-08,12,2024
daily_exchange_rates,2024-08-17,2024-08,12,2024
daily_exchange_rates,2024-08-18,2024-08,12,2024
daily_exchange_rates,2024-08-19,2024-08,12,2024
daily_exchange_rates,2024-08-20,2024-08,12,2024
daily_exchange_rates,2024-08-21,2024-08,12,2024
daily_exchange_rates,2024-08-22,2024-08,12,2024
daily_exchange_rates,2024-08-23,2024-08,12,2024
daily_exchange_rates,2024-08-24,2024-08,12,2024
daily_exchange_rates,2024-08-25,2024-08,12,2024
daily_exchange_rates,2024-08-26,2024-08,12,2024
daily_exchange_rates,2024-08-27,2024-08,12,2024
daily_exchange_rates,2024-08-28,2024-08,12,2024
daily_exchange_rates,2024-08-29,2024-08,12,2024
daily_exchange_rates,2024-08-30,2024-08,12,2024
daily_exchange_rates,2024-08-31,2024-08,12,2024
daily_exchange_rates,2024-09-01,2024-09,12,2024
daily_exchange_rates,2024-09-02,2024-09,12,2024
daily_exchange_rates,2024-09-03,2024-09,12,2024
daily_exchange_rates,2024-09-04,2024-09,12,2024
daily_exchange_rates,2024-09-05,2024-09,12,2024
daily_exchange_rates,2024-09-06,2024-09,12,2024
daily_exchange_rates,2024-09-07,2024-09,12,2024
daily_exchange_rates,2024-09-08,2024-09,12,2024
daily_exchange_rates,2024-09-09,2024-09,12,2024
daily_exchange_rates,2024-09-10,2024-09,12,2024
daily_exchange_rates,2024-09-11,2024-09,12,2024
daily_exchange_rates,2024-09-12,2024-09,12,2024
daily_exchange_rates,2024-09-13,2024-09,12,2024
daily_exchange_rates,2024-09-14,2024-09,12,2024
daily_exchange_rates,2024-09-15,2024-09,12,2024
daily_exchange_rates,2024-09-16,2024-09,12,2024
daily_exchange_rates,2024-09-17,2024-09,12,2024
daily_exchange_rates,2024-09-18,2024-09,12,2024
daily_exchange_rates,2024-09-19,2024-09,12,2024
daily_exchange_rates,2024-09-20,2024-09,12,2024
daily_exchange_rates,2024-09-21,2024-09,12,2024
daily_exchange_rates,2024-09-22,2024-09,12,2024
daily_exchange_rates,2024-09-23,2024-09,12,2024
daily_exchange_rates,2024-09-24,2024-09,12,2024
daily_exchange_rates,2024-09-25,2024-09,12,2024
daily_exchange_rates,2024-09-26,2024-09,12,2024
daily_exchange_rates,2024-09-27,2024-09,12,2024
daily_exchange_rates,2024-09-28,2024-09,12,2024
daily_exchange_rates,2024-09-29,2024-09,12,2024
daily_exchange_rates,2024-09-30,2024-09,12,2024
daily_exchange_rates,2024-10-01,2024-10,12,2024
daily_exchange_rates,2024-10-02,2024-10,12,2024
daily_exchange_rates,2024-10-03,2024-10,12,2024
daily_exchange_rates,2024-10-04,2024-10,12,2024
daily_exchange_rates,2024-10-05,2024-10,12,2024
daily_exchange_rates,2024-10-06,2024-10,12,2024
daily_exchange_rates,2024-10-07,2024-10,12,2024
daily_exchange_rates,2024-10-08,2024-10,12,2024
daily_exchange_rates,2024-10-09,2024-10,12,2024
daily_exchange_rates,2024-10-10,2024-10,12,2024
daily_exchange_rates,2024-10-11,2024-10,12,2024
daily_exchange_rates,2024-10-12,2024-10,12,2024
daily_exchange_rates,2024-10-13,2024-10,12,2024
daily_exchange_rates,2024-10-14,2024-10,12,2024
daily_exchange_rates,2024-10-15,2024-10,12,2024
daily_exchange_rates,2024-10-16,2024-10,12,2024
daily_exchange_rates,2024-10-17,2024-10,12,2024
daily_exchange_rates,2024-10-18,2024-10,12,2024
daily_exchange_rates,2024-10-19,2024-10,12,2024
daily_exchange_rates,2024-10-20,2024-10,12,2024
daily_exchange_rates,2024-10-21,2024-10,12,2024
daily_exchange_rates,2024-10-22,2024-10,12,2024
daily_exchange_rates,2024-10-23,2024-10,12,2024
daily_exchange_rates,2024-10-24,2024-10,12,2024
daily_exchange_rates,2024-10-25,2024-10,12,2024
daily_exchange_rates,2024-10-26,2024-10,12,2024
daily_exchange_rates,2024-10-27,2024-10,12,2024
daily_exchange_rates,2024-10-28,2024-10,12,2024
daily_exchange_rates,2024-10-29,2024-10,12,2024
daily_exchange_rates,2024-10-30,2024-10,12,2024
daily_exchange_rates,2024-10-31,2024-10,12,2024
daily_exchange_rates,2024-11-01,2024-11,12,2024
daily_exchange_rates,2024-11-02,2024-11,12,2024
daily_exchange_rates,2024-11-03,2024-11,12,2024
daily_exchange_rates,2024-11-04,2024-11,12,2024
daily_exchange_rates,2024-11-05,2024-11,12,2024
daily_exchange_rates,2024-11-06,2024-11,12,2024
daily_exchange_rates,2024-11-07,2024-11,12,2024
daily_exchange_rates,2024-11-08,2024-11,12,2024
daily_exchange_rates,2024-11-09,2024-11,12,2024
daily_exchange_rates,2024-11-10,2024-11,12,2024
daily_exchange_rates,2024-11-11,2024-11,12,2024
daily_exchange_rates,2024-11-12,2024-11,12,2024
daily_exchange_rates,2024-11-13,2024-11,12,2024
daily_exchange_rates,2024-11-14,2024-11,12,2024
daily_exchange_rates,2024-11-15,2024-11,12,2024
daily_exchange_rates,2024-11-16,2024-11,12,2024
daily_exchange_rates,2024-11-17,2024-11,12,2024
daily_exchange_rates,2024-11-18,2024-11,12,2024
daily_exchange_rates,2024-11-19,2024-11,12,2024
daily_exchange_rates,2024-11-20,2024-11,12,2024
daily_exchange_rates,2024-11-21,2024-11,12,2024
daily_exchange_rates,2024-11-22,2024-11,12,2024
daily_exchange_rates,2024-11-23,2024-11,12,2024
daily_exchange_rates,2024-11-24,2024-11,12,2024
daily_exchange_rates,2024-11-25,2024-11,12,2024
daily_exchange_rates,2024-11-26,2024-11,12,2024
daily_exchange_rates,2024-11-27,2024-11,12,2024
daily_exchange_rates,2024-11-28,2024-11,12,2024
daily_exchange_rates,2024-11-29,2024-11,12,2024
daily_exchange_rates,2024-11-30,2024-11,12,2024
daily_exchange_rates,2024-12-01,2024-12,12,2024
daily_exchange_rates,2024-12-02,2024-12,12,2024
daily_exchange_rates,2024-12-03,2024-12,12,2024
daily_exchange_rates,2024-12-04,2024-12,12,2024
daily_exchange_rates,2024-12-05,2024-12,12,2024
daily_exchange_rates,2024-12-06,2024-12,12,2024
daily_exchange_rates,2024-12-07,2024-12,12,2024
daily_exchange_rates,2024-12-08,2024-12,12,2024
daily_exchange_rates,2024-12-09,2024-12,12,2024
daily_exchange_rates,2024-12-10,2024-12,12,2024
daily_exchange_rates,2024-12-11,2024-12,12,2024
daily_exchange_rates,2024-12-12,2024-12,12,2024
daily_exchange_rates,2024-12-13,2024-12,12,2024
daily_exchange_rates,2024-12-14,2024-12,12,2024
daily_exchange_rates,2024-12-15,2024-12,12,2024
daily_exchange_rates,2024-12-16,2024-12,12,2024
daily_exchange_rates,2024-12-17,2024-12,12,2024
daily_exchange_rates,2024-12-18,2024-12,12,2024
daily_exchange_rates,2024-12-19,2024-12,12,2024
daily_exchange_rates,2024-12-20,2024-12,12,2024
daily_exchange_rates,2024-12-21,2024-12,12,2024
daily_exchange_rates,2024-12-22,2024-12,12,2024
daily_exchange_rates,2024-12-23,2024-12,12,2024
daily_exchange_rates,2024-12-24,2024-12,12,2024
daily_exchange_rates,2024-12-25,2024-12,12,2024
daily_exchange_rates,2024-12-26,2024-12,12,2024
daily_exchange_rates,2024-12-27,2024-12,12,2024
daily_exchange_rates,2024-12-28,2024-12,12,2024
daily_exchange_rates,2024-12-29,2024-12,12,2024
daily_exchange_rates,2024-12-30,2024-12,12,2024
daily_exchange_rates,2024-12-31,2024-12,12,2024
daily_exchange_rates,2025-01-01,2025-01,12,2025
daily_exchange_rates,2025-01-02,2025-01,12,2025
daily_exchange_rates,2025-01-03,2025-01,12,2025
daily_exchange_rates,2025-01-04,2025-01,12,2025
daily_exchange_rates,2025-01-05,2025-01,12,2025
daily_exchange_rates,2025-01-06,2025-01,12,2025
daily_exchange_rates,2025-01-07,2025-01,12,2025
daily_exchange_rates,2025-01-08,2025-01,12,2025
daily_exchange_rates,2025-01-09,2025-01,12,2025
daily_exchange_rates,2025-01-10,2025-01,12,2025
daily_exchange_rates,2025-01-11,2025-01,12,2025
daily_exchange_rates,2025-01-12,2025-01,12,2025
daily_exchange_rates,2025-01-13,2025-01,12,2025
daily_exchange_rates,2025-01-14,2025-01,12,2025
daily_exchange_rates,2025-01-15,2025-01,12,2025
daily_exchange_rates,2025-01-16,2025-01,12,2025
daily_exchange_rates,2025-01-17,2025-01,12,2025
daily_exchange_rates,2025-01-18,2025-01,12,2025
daily_exchange_rates,2025-01-19,2025-01,12,2025
daily_exchange_rates,2025-01-20,2025-01,12,2025
daily_exchange_rates,2025-01-21,2025-01,12,2025
daily_exchange_rates,2025-01-22,2025-01,12,2025
daily_exchange_rates,2025-01-23,2025-01,12,2025
daily_exchange_rates,2025-01-24,2025-01,12,2025
daily_exchange_rates,2025-01-25,2025-01,12,2025
daily_exchange_rates,2025-01-26,2025-01,12,2025
daily_exchange_rates,2025-01-27,2025-01,12,2025
daily_exchange_rates,2025-01-28,2025-01,12,2025
daily_exchange_rates,2025-01-29,2025-01,12,2025
daily_exchange_rates,2025-01-30,2025-01,12,2025
daily_exchange_rates,2025-01-31,2025-01,12,2025
daily_exchange_rates,2025-02-01,2025-02,12,2025
daily_exchange_rates,2025-02-02,2025-02,12,2025
daily_exchange_rates,2025-02-03,2025-02,12,2025
daily_exchange_rates,2025-02-04,2025-02,12,2025
daily_exchange_rates,2025-02-05,2025-02,12,2025
daily_exchange_rates,2025-02-06,2025-02,12,2025
daily_exchange_rates,2025-02-07,2025-02,12,2025
daily_exchange_rates,2025-02-08,2025-02,12,2025
daily_exchange_rates,2025-02-09,2025-02,12,2025
daily_exchange_rates,2025-02-10,2025-02,12,2025
daily_exchange_rates,2025-02-11,2025-02,12,2025
daily_exchange_rates,2025-02-12,2025-02,12,2025
daily_exchange_rates,2025-02-13,2025-02,12,2025
daily_exchange_rates,2025-02-14,2025-02,12,2025
daily_exchange_rates,2025-02-15,2025-02,12,2025
daily_exchange_rates,2025-02-16,2025-02,12,2025
daily_exchange_rates,2025-02-17,2025-02,12,2025
daily_exchange_rates,2025-02-18,2025-02,12,2025
daily_exchange_rates,2025-02-19,2025-02,12,2025
daily_exchange_rates,2025-02-20,2025-02,12,2025
daily_exchange_rates,2025-02-21,2025-02,12,2025
daily_exchange_rates,2025-02-22,2025-02,12,2025
daily_exchange_rates,2025-02-23,2025-02,12,2025
daily_exchange_rates,2025-02-24,2025-02,12,2025
daily_exchange_rates,2025-02-25,2025-02,12,2025
daily_exchange_rates,2025-02-26,2025-02,12,2025
daily_exchange_rates,2025-02-27,2025-02,12,2025
daily_exchange_rates,2025-02-28,2025-02,12,2025
daily_exchange_rates,2025-03-01,2025-03,12,2025
daily_exchange_rates,2025-03-02,2025-03,12,2025
daily_exchange_rates,2025-03-03,2025-03,12,2025
daily_exchange_rates,2025-03-04,2025-03,12,2025
daily_exchange_rates,2025-03-05,2025-03,12,2025
daily_exchange_rates,2025-03-06,2025-03,12,2025
daily_exchange_rates,2025-03-07,2025-03,12,2025
daily_exchange_rates,2025-03-08,2025-03,12,2025
daily_exchange_rates,2025-03-09,2025-03,12,2025
daily_exchange_rates,2025-03-10,2025-03,12,2025
daily_exchange_rates,2025-03-11,2025-03,12,2025
daily_exchange_rates,2025-03-12,2025-03,12,2025
daily_exchange_rates,2025-03-13,2025-03,12,2025
daily_exchange_rates,2025-03-14,2025-03,12,2025
daily_exchange_rates,2025-03-15,2025-03,12,2025
daily_exchange_rates,2025-03-16,2025-03,12,2025
daily_exchange_rates,2025-03-17,2025-03,12,2025
daily_exchange_rates,2025-03-18,2025-03,12,2025
daily_exchange_rates,2025-03-19,2025-03,12,2025
daily_exchange_rates,2025-03-20,2025-03,12,2025
daily_exchange_rates,2025-03-21,2025-03,12,2025
daily_exchange_rates,2025-03-22,2025-03,12,2025
daily_exchange_rates,2025-03-23,2025-03,12,2025
daily_exchange_rates,2025-03-24,2025-03,12,2025
daily_exchange_rates,2025-03-25,2025-03,12,2025
daily_exchange_rates,2025-03-26,2025-03,12,2025
daily_exchange_rates,2025-03-27,2025-03,12,2025
daily_exchange_rates,2025-03-28,2025-03,12,2025
daily_exchange_rates,2025-03-29,2025-03,12,2025
daily_exchange_rates,2025-03-30,2025-03,12,2025
daily_exchange_rates,2025-03-31,2025-03,12,2025
daily_exchange_rates,2025-04-01,2025-04,12,2025
daily_exchange_rates,2025-04-02,2025-04,12,2025
daily_exchange_rates,2025-04-03,2025-04,12,2025
daily_exchange_rates,2025-04-04,2025-04,12,2025
daily_exchange_rates,2025-04-05,2025-04,12,2025
daily_exchange_rates,2025-04-06,2025-04,12,2025
daily_exchange_rates,2025-04-07,2025-04,12,2025
daily_exchange_rates,2025-04-08,2025-04,12,2025
daily_exchange_rates,2025-04-09,2025-04,12,2025
daily_exchange_rates,2025-04-10,2025-04,12,2025
daily_exchange_rates,2025-04-11,2025-04,12,2025
daily_exchange_rates,2025-04-12,2025-04,12,2025
daily_exchange_rates,2025-04-13,2025-04,12,2025
daily_exchange_rates,2025-04-14,2025-04,12,2025
daily_exchange_rates,2025-04-15,2025-04,12,2025
daily_exchange_rates,2025-04-16,2025-04,12,2025
daily_exchange_rates,2025-04-17,2025-04,12,2025
daily_exchange_rates,2025-04-18,2025-04,12,2025
daily_exchange_rates,2025-04-19,2025-04,12,2025
daily_exchange_rates,2025-04-20,2025-04,12,2025
daily_exchange_rates,2025-04-21,2025-04,12,2025
daily_exchange_rates,2025-04-22,2025-04,12,2025
daily_exchange_rates,2025-04-23,2025-04,12,2025
daily_exchange_rates,2025-04-24,2025-04,12,2025
daily_exchange_rates,2025-04-25,2025-04,12,2025
daily_exchange_rates,2025-04-26,2025-04,12,2025
daily_exchange_rates,2025-04-27,2025-04,12,2025
daily_exchange_rates,2025-04-28,2025-04,12,2025
daily_exchange_rates,2025-04-29,2025-04,12,2025
daily_exchange_rates,2025-04-30,2025-04,12,2025
daily_exchange_rates,2025-05-01,2025-05,12,2025
daily_exchange_rates,2025-05-02,2025-05,12,2025
daily_exchange_rates,2025-05-03,2025-05,12,2025
daily_exchange_rates,2025-05-04,2025-05,12,2025
daily_exchange_rates,2025-05-05,2025-05,12,2025
daily_exchange_rates,2025-05-06,2025-05,12,2025
daily_exchange_rates,2025-05-07,2025-05,12,2025
daily_exchange_rates,2025-05-08,2025-05,12,2025
daily_exchange_rates,2025-05-09,2025-05,12,2025
daily_exchange_rates,2025-05-10,2025-05,12,2025
daily_exchange_rates,2025-05-11,2025-05,12,2025
daily_exchange_rates,2025-05-12,2025-05,12,2025
daily_exchange_rates,2025-05-13,2025-05,12,2025
daily_exchange_rates,2025-05-14,2025-05,12,2025
daily_exchange_rates,2025-05-15,2025-05,12,2025
daily_exchange_rates,2025-05-16,2025-05,12,2025
daily_exchange_rates,2025-05-17,2025-05,12,2025
daily_exchange_rates,2025-05-18,2025-05,12,2025
daily_exchange_rates,2025-05-19,2025-05,12,2025
daily_exchange_rates,2025-05-20,2025-05,12,2025
daily_exchange_rates,2025-05-21,2025-05,12,2025
daily_exchange_rates,2025-05-22,2025-05,12,2025
daily_exchange_rates,2025-05-23,2025-05,12,2025
daily_exchange_rates,2025-05-24,2025-05,12,2025
daily_exchange_rates,2025-05-25,2025-05,12,2025
daily_exchange_rates,2025-05-26,2025-05,12,2025
daily_exchange_rates,2025-05-27,2025-05,12,2025
daily_exchange_rates,2025-05-28,2025-05,12,2025
daily_exchange_rates,2025-05-29,2025-05,12,2025
daily_exchange_rates,2025-05-30,2025-05,12,2025
daily_exchange_rates,2025-05-31,2025-05,12,2025
daily_exchange_rates,2025-06-01,2025-06,12,2025
daily_exchange_rates,2025-06-02,2025-06,12,2025
daily_exchange_rates,2025-06-03,2025-06,12,2025
daily_exchange_rates,2025-06-04,2025-06,12,2025
daily_exchange_rates,2025-06-05,2025-06,12,2025
daily_exchange_rates,2025-06-06,2025-06,12,2025
daily_exchange_rates,2025-06-07,2025-06,12,2025
daily_exchange_rates,2025-06-08,2025-06,12,2025
daily_exchange_rates,2025-06-09,2025-06,12,2025
daily_exchange_rates,2025-06-10,2025-06,12,2025
daily_exchange_rates,2025-06-11,2025-06,12,2025
daily_exchange_rates,2025-06-12,2025-06,12,2025
daily_exchange_rates,2025-06-13,2025-06,12,2025
daily_exchange_rates,2025-06-14,2025-06,12,2025
daily_exchange_rates,2025-06-15,2025-06,12,2025
daily_exchange_rates,2025-06-16,2025-06,12,2025
daily_exchange_rates,2025-06-17,2025-06,12,2025
daily_exchange_rates,2025-06-18,2025-06,12,2025
daily_exchange_rates,2025-06-19,2025-06,12,2025
daily_exchange_rates,2025-06-20,2025-06,12,2025
daily_exchange_rates,2025-06-21,2025-06,12,2025
daily_exchange_rates,2025-06-22,2025-06,12,2025
daily_exchange_rates,2025-06-23,2025-06,12,2025
daily_exchange_rates,2025-06-24,2025-06,12,2025
daily_exchange_rates,2025-06-25,2025-06,12,2025
daily_exchange_rates,2025-06-26,2025-06,12,2025
daily_exchange_rates,2025-06-27,2025-06,12,2025
daily_exchange_rates,2025-06-28,2025-06,12,2025
daily_exchange_rates,2025-06-29,2025-06,12,2025
daily_exchange_rates,2025-06-30,2025-06,12,2025
daily_exchange_rates,2025-07-01,2025-07,12,2025
daily_exchange_rates,2025-07-02,2025-07,12,2025
daily_exchange_rates,2025-07-03,2025-07,12,2025
daily_exchange_rates,2025-07-04,2025-07,12,2025
daily_exchange_rates,2025-07-05,2025-07,12,2025
daily_exchange_rates,2025-07-06,2025-07,12,2025
daily_exchange_rates,2025-07-07,2025-07,12,2025
daily_exchange_rates,2025-07-08,2025-07,12,2025
daily_exchange_rates,2025-07-09,2025-07,12,2025
daily_exchange_rates,2025-07-10,2025-07,12,2025
daily_exchange_rates,2025-07-11,2025-07,12,2025
daily_exchange_rates,2025-07-12,2025-07,12,2025
daily_exchange_rates,2025-07-13,2025-07,12,2025
daily_exchange_rates,2025-07-14,2025-07,12,2025
daily_exchange_rates,2025-07-15,2025-07,12,2025
daily_exchange_rates,2025-07-16,2025-07,12,2025
daily_exchange_rates,2025-07-17,2025-07,12,2025
daily_exchange_rates,2025-07-18,2025-07,12,2025
daily_exchange_rates,2025-07-19,2025-07,12,2025
daily_exchange_rates,2025-07-20,2025-07,12,2025
daily_exchange_rates,2025-07-21,2025-07,12,2025
daily_exchange_rates,2025-07-22,2025-07,12,2025
daily_exchange_rates,2025-07-23,2025-07,12,2025
daily_exchange_rates,2025-07-24,2025-07,12,2025
daily_exchange_rates,2025-07-25,2025-07,12,2025
daily_exchange_rates,2025-07-26,2025-07,12,2025
daily_exchange_rates,2025-07-27,2025-07,12,2025
daily_exchange_rates,2025-07-28,2025-07,12,2025
daily_exchange_rates,2025-07-29,2025-07,12,2025
daily_exchange_rates,2025-07-30,2025-07,12,2025
daily_exchange_rates,2025-07-31,2025-07,12,2025
daily_exchange_rates,2025-08-01,2025-08,12,2025
daily_exchange_rates,2025-08-02,2025-08,12,2025
daily_exchange_rates,2025-08-03,2025-08,12,2025
daily_exchange_rates,2025-08-04,2025-08,12,2025
daily_exchange_rates,2025-08-05,2025-08,12,2025
daily_exchange_rates,2025-08-06,2025-08,12,2025
daily_exchange_rates,2025-08-07,2025-08,12,2025
daily_exchange_rates,2025-08-08,2025-08,12,2025
daily_exchange_rates,2025-08-09,2025-08,12,2025
daily_exchange_rates,2025-08-10,2025-08,12,2025
daily_exchange_rates,2025-08-11,2025-08,12,2025
daily_exchange_rates,2025-08-12,2025-08,12,2025
daily_exchange_rates,2025-08-13,2025-08,12,2025
daily_exchange_rates,2025-08-14,2025-08,12,2025
daily_exchange_rates,2025-08-15,2025-08,12,2025
daily_exchange_rates,2025-08-16,2025-08,12,2025
daily_exchange_rates,2025-08-17,2025-08,12,2025
daily_exchange_rates,2025-08-18,2025-08,12,2025
daily_exchange_rates,2025-08-19,2025-08,12,2025
daily_exchange_rates,2025-08-20,2025-08,12,2025
daily_exchange_rates,2025-08-21,2025-08,12,2025
daily_exchange_rates,2025-08-22,2025-08,12,2025
daily_exchange_rates,2025-08-23,2025-08,12,2025
daily_exchange_rates,2025-08-24,2025-08,12,2025
daily_exchange_rates,2025-08-25,2025-08,12,2025
daily_exchange_rates,2025-08-26,2025-08,12,2025
daily_exchange_rates,2025-08-27,2025-08,12,2025
daily_exchange_rates,2025-08-28,2025-08,12,2025
daily_exchange_rates,2025-08-29,2025-08,12,2025
daily_exchange_rates,2025-08-30,2025-08,12,2025
daily_exchange_rates,2025-08-31,2025-08,12,2025
daily_exchange_rates,2025-09-01,2025-09,12,2025
daily_exchange_rates,2025-09-02,2025-09,12,2025
daily_exchange_rates,2025-09-03,2025-09,12,2025
daily_exchange_rates,2025-09-04,2025-09,12,2025
daily_exchange_rates,2025-09-05,2025-09,12,2025
daily_exchange_rates,2025-09-06,2025-09,12,2025
daily_exchange_rates,2025-09-07,2025-09,12,2025
daily_exchange_rates,2025-09-08,2025-09,12,2025
daily_exchange_rates,2025-09-09,2025-09,12,2025
daily_exchange_rates,2025-09-10,2025-09,12,2025
daily_exchange_rates,2025-09-11,2025-09,12,2025
daily_exchange_rates,2025-09-12,2025-09,12,2025
daily_exchange_rates,2025-09-13,2025-09,12,2025
daily_exchange_rates,2025-09-14,2025-09,12,2025
daily_exchange_rates,2025-09-15,2025-09,12,2025
daily_exchange_rates,2025-09-16,2025-09,12,2025
daily_exchange_rates,2025-09-17,2025-09,12,2025
daily_exchange_rates,2025-09-18,2025-09,12,2025
daily_exchange_rates,2025-09-19,2025-09,12,2025
daily_exchange_rates,2025-09-20,2025-09,12,2025
daily_exchange_rates,2025-09-21,2025-09,12,2025
daily_exchange_rates,2025-09-22,2025-09,12,2025
daily_exchange_rates,2025-09-23,2025-09,12,2025
daily_exchange_rates,2025-09-24,2025-09,12,2025
daily_exchange_rates,2025-09-25,2025-09,12,2025
daily_exchange_rates,2025-09-26,2025-09,12,2025
daily_exchange_rates,2025-09-27,2025-09,12,2025
daily_exchange_rates,2025-09-28,2025-09,12,2025
daily_exchange_rates,2025-09-29,2025-09,12,2025
daily_exchange_rates,2025-09-30,2025-09,12,2025
daily_exchange_rates,2025-10-01,2025-10,12,2025
daily_exchange_rates,2025-10-02,2025-10,12,2025
daily_exchange_rates,2025-10-03,2025-10,12,2025
daily_exchange_rates,2025-10-04,2025-10,12,2025
daily_exchange_rates,2025-10-05,2025-10,12,2025
daily_exchange_rates,2025-10-06,2025-10,12,2025
daily_exchange_rates,2025-10-07,2025-10,12,2025
daily_exchange_rates,2025-10-08,2025-10,12,2025
daily_exchange_rates,2025-10-09,2025-10,12,2025
daily_exchange_rates,2025-10-10,2025-10,12,2025
daily_exchange_rates,2025-10-11,2025-10,12,2025
daily_exchange_rates,2025-10-12,2025-10,12,2025
daily_exchange_rates,2025-10-13,2025-10,12,2025
daily_exchange_rates,2025-10-14,2025-10,12,2025
daily_exchange_rates,2025-10-15,2025-10,12,2025
daily_exchange_rates,2025-10-16,2025-10,12,2025
daily_exchange_rates,2025-10-17,2025-10,12,2025
daily_exchange_rates,2025-10-18,2025-10,12,2025
daily_exchange_rates,2025-10-19,2025-10,12,2025
daily_exchange_rates,2025-10-20,2025-10,12,2025
daily_exchange_rates,2025-10-21,2025-10,12,2025
daily_exchange_rates,2025-10-22,2025-10,12,2025
daily_exchange_rates,2025-10-23,2025-10,12,2025
daily_exchange_rates,2025-10-24,2025-10,12,2025
daily_exchange_rates,2025-10-25,2025-10,12,2025
daily_exchange_rates,2025-10-26,2025-10,12,2025
daily_exchange_rates,2025-10-27,2025-10,12,2025
daily_exchange_rates,2025-10-28,2025-10,12,2025
daily_exchange_rates,2025-10-29,2025-10,12,2025
daily_exchange_rates,2025-10-30,2025-10,12,2025
daily_exchange_rates,2025-10-31,2025-10,12,2025
daily_exchange_rates,2025-11-01,2025-11,12,2025
daily_exchange_rates,2025-11-02,2025-11,12,2025
daily_exchange_rates,2025-11-03,2025-11,12,2025
daily_exchange_rates,2025-11-04,2025-11,12,2025
daily_exchange_rates,2025-11-05,2025-11,12,2025
daily_exchange_rates,2025-11-06,2025-11,12,2025
daily_exchange_rates,2025-11-07,2025-11,12,2025
daily_exchange_rates,2025-11-08,2025-11,12,2025
daily_exchange_rates,2025-11-09,2025-11,12,2025
daily_exchange_rates,2025-11-10,2025-11,12,2025
daily_exchange_rates,2025-11-11,2025-11,12,2025
daily_exchange_rates,2025-11-12,2025-11,12,2025
daily_exchange_rates,2025-11-13,2025-11,12,2025
daily_exchange_rates,2025-11-14,2025-11,12,2025
daily_exchange_rates,2025-11-15,2025-11,12,2025
daily_exchange_rates,2025-11-16,2025-11,12,2025
daily_exchange_rates,2025-11-17,2025-11,12,2025
daily_exchange_rates,2025-11-18,2025-11,12,2025
daily_exchange_rates,2025-11-19,2025-11,12,2025
daily_exchange_rates,2025-11-20,2025-11,12,2025
daily_exchange_rates,2025-11-21,2025-11,12,2025
daily_exchange_rates,2025-11-22,2025-11,12,2025
daily_exchange_rates,2025-11-23,2025-11,12,2025
daily_exchange_rates,2025-11-24,2025-11,12,2025
daily_exchange_rates,2025-11-25,2025-11,12,2025
daily_exchange_rates,2025-11-26,2025-11,12,2025
daily_exchange_rates,2025-11-27,2025-11,12,2025
daily_exchange_rates,2025-11-28,2025-11,12,2025
daily_exchange_rates,2025-11-29,2025-11,12,2025
daily_exchange_rates,2025-11-30,2025-11,12,2025
daily_exchange_rates,2025-12-01,2025-12,12,2025
daily_exchange_rates,2025-12-02,2025-12,12,2025
daily_exchange_rates,2025-12-03,2025-12,12,2025
daily_exchange_rates,2025-12-04,2025-12,12,2025
daily_exchange_rates,2025-12-05,2025-12,12,2025
daily_exchange_rates,2025-12-06,2025-12,12,2025
daily_exchange_rates,2025-12-07,2025-12,12,2025
daily_exchange_rates,2025-12-08,2025-12,12,2025
daily_exchange_rates,2025-12-09,2025-12,12,2025
daily_exchange_rates,2025-12-10,2025-12,12,2025
daily_exchange_rates,2025-12-11,2025-12,12,2025
daily_exchange_rates,2025-12-12,2025-12,12,2025
daily_exchange_rates,2025-12-13,2025-12,12,2025
daily_exchange_rates,2025-12-14,2025-12,12,2025
daily_exchange_rates,2025-12-15,2025-12,12,2025
daily_exchange_rates,2025-12-16,2025-12,12,2025
daily_exchange_rates,2025-12-17,2025-12,12,2025
daily_exchange_rates,2025-12-18,2025-12,12,2025
daily_exchange_rates,2025-12-19,2025-12,12,2025
daily_exchange_rates,2025-12-20,2025-12,12,2025
daily_exchange_rates,2025-12-21,2025-12,12,2025
daily_exchange_rates,2025-12-22,2025-12,12,2025
daily_exchange_rates,2025-12-23,2025-12,12,2025
daily_exchange_rates,2025-12-24,2025-12,12,2025
daily_exchange_rates,2025-12-25,2025-12,12,2025
daily_exchange_rates,2025-12-26,2025-12,12,2025
daily_exchange_rates,2025-12-27,2025-12,12,2025
daily_exchange_rates,2025-12-28,2025-12,12,2025
daily_exchange_rates,2025-12-29,2025-12,12,2025
daily_exchange_rates,2025-12-30,2025-12,12,2025
daily_exchange_rates,2025-12-31,2025-12,12,2025
daily_exchange_rates,2026-01-01,2026-01,12,2026
daily_exchange_rates,2026-01-02,2026-01,12,2026
daily_exchange_rates,2026-01-03,2026-01,12,2026
daily_exchange_rates,2026-01-04,2026-01,12,2026
daily_exchange_rates,2026-01-05,2026-01,12,2026
daily_exchange_rates,2026-01-06,2026-01,12,2026
daily_exchange_rates,2026-01-07,2026-01,12,2026
daily_exchange_rates,2026-01-08,2026-01,12,2026
daily_exchange_rates,2026-01-09,2026-01,12,2026
daily_exchange_rates,2026-01-10,2026-01,12,2026
daily_exchange_rates,2026-01-11,2026-01,12,2026
daily_exchange_rates,2026-01-12,2026-01,12,2026
daily_exchange_rates,2026-01-13,2026-01,12,2026
daily_exchange_rates,2026-01-14,2026-01,12,2026
daily_exchange_rates,2026-01-15,2026-01,12,2026
daily_exchange_rates,2026-01-16,2026-01,12,2026
daily_exchange_rates,2026-01-17,2026-01,12,2026
daily_exchange_rates,2026-01-18,2026-01,12,2026
daily_exchange_rates,2026-01-19,2026-01,12,2026
daily_exchange_rates,2026-01-20,2026-01,12,2026
daily_exchange_rates,2026-01-21,2026-01,12,2026
daily_exchange_rates,2026-01-22,2026-01,12,2026
daily_exchange_rates,2026-01-23,2026-01,12,2026
daily_exchange_rates,2026-01-24,2026-01,12,2026
daily_exchange_rates,2026-01-25,2026-01,12,2026
daily_exchange_rates,2026-01-26,2026-01,12,2026
daily_exchange_rates,2026-01-27,2026-01,12,2026
daily_exchange_rates,2026-01-28,2026-01,12,2026
daily_exchange_rates,2026-01-29,2026-01,12,2026
daily_exchange_rates,2026-01-30,2026-01,12,2026
daily_exchange_rates,2026-01-31,2026-01,12,2026
daily_exchange_rates,2026-02-01,2026-02,12,2026
daily_exchange_rates,2026-02-02,2026-02,12,2026
daily_exchange_rates,2026-02-03,2026-02,12,2026
daily_exchange_rates,2026-02-04,2026-02,12,2026
daily_exchange_rates,2026-02-05,2026-02,12,2026
daily_exchange_rates,2026-02-06,2026-02,12,2026
daily_exchange_rates,2026-02-07,2026-02,12,2026
daily_exchange_rates,2026-02-08,2026-02,12,2026
daily_exchange_rates,2026-02-09,2026-02,12,2026
daily_exchange_rates,2026-02-10,2026-02,12,2026
daily_exchange_rates,2026-02-11,2026-02,12,2026
daily_exchange_rates,2026-02-12,2026-02,12,2026
daily_exchange_rates,2026-02-13,2026-02,12,2026
daily_exchange_rates,2026-02-14,2026-02,12,2026
daily_exchange_rates,2026-02-15,2026-02,12,2026
daily_exchange_rates,2026-02-16,2026-02,12,2026
daily_exchange_rates,2026-02-17,2026-02,12,2026
daily_exchange_rates,2026-02-18,2026-02,12,2026
daily_exchange_rates,2026-02-19,2026-02,12,2026
daily_exchange_rates,2026-02-20,2026-02,12,2026
daily_exchange_rates,2026-02-21,2026-02,12,2026
daily_exchange_rates,2026-02-22,2026-02,12,2026
daily_exchange_rates,2026-02-23,2026-02,12,2026
daily_exchange_rates,2026-02-24,2026-02,12,2026
daily_exchange_rates,2026-02-25,2026-02,12,2026
daily_exchange_rates,2026-02-26,2026-02,12,2026
daily_exchange_rates,2026-02-27,2026-02,12,2026
daily_exchange_rates,2026-02-28,2026-02,12,2026
daily_exchange_rates,2026-03-01,2026-03,12,2026
daily_exchange_rates,2026-03-02,2026-03,12,2026
daily_exchange_rates,2026-03-03,2026-03,12,2026
daily_exchange_rates,2026-03-04,2026-03,12,2026
daily_exchange_rates,2026-03-05,2026-03,12,2026
daily_exchange_rates,2026-03-06,2026-03,12,2026
daily_exchange_rates,2026-03-07,2026-03,12,2026
daily_exchange_rates,2026-03-08,2026-03,12,2026
daily_exchange_rates,2026-03-09,2026-03,12,2026
daily_exchange_rates,2026-03-10,2026-03,12,2026
daily_exchange_rates,2026-03-11,2026-03,12,2026
daily_exchange_rates,2026-03-12,2026-03,12,2026
daily_exchange_rates,2026-03-13,2026-03,12,2026
daily_exchange_rates,2026-03-14,2026-03,12,2026
daily_exchange_rates,2026-03-15,2026-03,12,2026
daily_exchange_rates,2026-03-16,2026-03,12,2026
daily_exchange_rates,2026-03-17,2026-03,12,2026
daily_exchange_rates,2026-03-18,2026-03,12,2026
daily_exchange_rates,2026-03-19,2026-03,12,2026
daily_exchange_rates,2026-03-20,2026-03,12,2026
daily_exchange_rates,2026-03-21,2026-03,12,2026
daily_exchange_rates,2026-03-22,2026-03,12,2026
daily_exchange_rates,2026-03-23,2026-03,12,2026
daily_exchange_rates,2026-03-24,2026-03,12,2026
daily_exchange_rates,2026-03-25,2026-03,12,2026
daily_exchange_rates,2026-03-26,2026-03,12,2026
daily_exchange_rates,2026-03-27,2026-03,12,2026
daily_exchange_rates,2026-03-28,2026-03,12,2026
daily_exchange_rates,2026-03-29,2026-03,12,2026
daily_exchange_rates,2026-03-30,2026-03,12,2026
daily_exchange_rates,2026-03-31,2026-03,12,2026
daily_exchange_rates,2026-04-01,2026-04,12,2026
daily_exchange_rates,2026-04-02,2026-04,12,2026
daily_exchange_rates,2026-04-03,2026-04,12,2026
daily_exchange_rates,2026-04-04,2026-04,12,2026
daily_exchange_rates,2026-04-05,2026-04,12,2026
daily_exchange_rates,2026-04-06,2026-04,12,2026
daily_exchange_rates,2026-04-07,2026-04,12,2026
daily_exchange_rates,2026-04-08,2026-04,12,2026
daily_exchange_rates,2026-04-09,2026-04,12,2026
daily_exchange_rates,2026-04-10,2026-04,12,2026
daily_exchange_rates,2026-04-11,2026-04,12,2026
daily_exchange_rates,2026-04-12,2026-04,12,2026
daily_exchange_rates,2026-04-13,2026-04,12,2026
daily_exchange_rates,2026-04-14,2026-04,12,2026
daily_exchange_rates,2026-04-15,2026-04,12,2026
daily_exchange_rates,2026-04-16,2026-04,12,2026
daily_exchange_rates,2026-04-17,2026-04,12,2026
daily_exchange_rates,2026-04-18,2026-04,12,2026
daily_exchange_rates,2026-04-19,2026-04,12,2026
daily_exchange_rates,2026-04-20,2026-04,12,2026
daily_exchange_rates,2026-04-21,2026-04,12,2026
daily_exchange_rates,2026-04-22,2026-04,12,2026
daily_exchange_rates,2026-04-23,2026-04,12,2026
daily_exchange_rates,2026-04-24,2026-04,12,2026
daily_exchange_rates,2026-04-25,2026-04,12,2026
daily_exchange_rates,2026-04-26,2026-04,12,2026
daily_exchange_rates,2026-04-27,2026-04,12,2026
daily_exchange_rates,2026-04-28,2026-04,12,2026
daily_exchange_rates,2026-04-29,2026-04,12,2026
daily_exchange_rates,2026-04-30,2026-04,12,2026
daily_exchange_rates,2026-05-01,2026-05,12,2026
daily_exchange_rates,2026-05-02,2026-05,12,2026
daily_exchange_rates,2026-05-03,2026-05,12,2026
daily_exchange_rates,2026-05-04,2026-05,12,2026
daily_exchange_rates,2026-05-05,2026-05,12,2026
daily_exchange_rates,2026-05-06,2026-05,12,2026
daily_exchange_rates,2026-05-07,2026-05,12,2026
daily_exchange_rates,2026-05-08,2026-05,12,2026
daily_exchange_rates,2026-05-09,2026-05,12,2026
daily_exchange_rates,2026-05-10,2026-05,12,2026
daily_exchange_rates,2026-05-11,2026-05,12,2026
daily_exchange_rates,2026-05-12,2026-05,12,2026
daily_exchange_rates,2026-05-13,2026-05,12,2026
daily_exchange_rates,2026-05-14,2026-05,12,2026
daily_exchange_rates,2026-05-15,2026-05,12,2026
daily_exchange_rates,2026-05-16,2026-05,12,2026
daily_exchange_rates,2026-05-17,2026-05,12,2026
daily_exchange_rates,2026-05-18,2026-05,12,2026
daily_exchange_rates,2026-05-19,2026-05,12,2026
daily_exchange_rates,2026-05-20,2026-05,12,2026
daily_exchange_rates,2026-05-21,2026-05,12,2026
daily_exchange_rates,2026-05-22,2026-05,12,2026
daily_exchange_rates,2026-05-23,2026-05,12,2026
daily_exchange_rates,2026-05-24,2026-05,12,2026
daily_exchange_rates,2026-05-25,2026-05,12,2026
daily_exchange_rates,2026-05-26,2026-05,12,2026
daily_exchange_rates,2026-05-27,2026-05,12,2026
daily_exchange_rates,2026-05-28,2026-05,12,2026
daily_exchange_rates,2026-05-29,2026-05,12,2026
daily_exchange_rates,2026-05-30,2026-05,12,2026
daily_exchange_rates,2026-05-31,2026-05,12,2026
daily_exchange_rates,2026-06-01,2026-06,12,2026
daily_exchange_rates,2026-06-02,2026-06,12,2026
daily_exchange_rates,2026-06-03,2026-06,12,2026
daily_exchange_rates,2026-06-04,2026-06,12,2026
daily_exchange_rates,2026-06-05,2026-06,12,2026
daily_exchange_rates,2026-06-06,2026-06,12,2026
daily_exchange_rates,2026-06-07,2026-06,12,2026
daily_exchange_rates,2026-06-08,2026-06,12,2026
daily_exchange_rates,2026-06-09,2026-06,12,2026
daily_exchange_rates,2026-06-10,2026-06,12,2026
daily_exchange_rates,2026-06-11,2026-06,12,2026
daily_exchange_rates,2026-06-12,2026-06,12,2026
daily_exchange_rates,2026-06-13,2026-06,12,2026
daily_exchange_rates,2026-06-14,2026-06,12,2026
daily_exchange_rates,2026-06-15,2026-06,12,2026
daily_exchange_rates,2026-06-16,2026-06,12,2026
daily_exchange_rates,2026-06-17,2026-06,12,2026
digital_events,2023-06-17,2023-06,18949,2023
digital_events,2023-06-18,2023-06,6160,2023
digital_events,2023-06-19,2023-06,10675,2023
digital_events,2023-06-20,2023-06,12890,2023
digital_events,2023-06-21,2023-06,17572,2023
digital_events,2023-06-22,2023-06,18001,2023
digital_events,2023-06-23,2023-06,13135,2023
digital_events,2023-06-24,2023-06,9350,2023
digital_events,2023-06-25,2023-06,10590,2023
digital_events,2023-06-26,2023-06,12387,2023
digital_events,2023-06-27,2023-06,11625,2023
digital_events,2023-06-28,2023-06,17897,2023
digital_events,2023-06-29,2023-06,12903,2023
digital_events,2023-06-30,2023-06,20901,2023
digital_events,2023-07-01,2023-07,18929,2023
digital_events,2023-07-02,2023-07,5713,2023
digital_events,2023-07-03,2023-07,9659,2023
digital_events,2023-07-04,2023-07,11625,2023
digital_events,2023-07-05,2023-07,11456,2023
digital_events,2023-07-06,2023-07,18318,2023
digital_events,2023-07-07,2023-07,13772,2023
digital_events,2023-07-08,2023-07,6559,2023
digital_events,2023-07-09,2023-07,21556,2023
digital_events,2023-07-10,2023-07,22712,2023
digital_events,2023-07-11,2023-07,30449,2023
digital_events,2023-07-12,2023-07,15890,2023
digital_events,2023-07-13,2023-07,27535,2023
digital_events,2023-07-14,2023-07,25897,2023
digital_events,2023-07-15,2023-07,19320,2023
digital_events,2023-07-16,2023-07,21557,2023
digital_events,2023-07-17,2023-07,20817,2023
digital_events,2023-07-18,2023-07,29360,2023
digital_events,2023-07-19,2023-07,16578,2023
digital_events,2023-07-20,2023-07,11305,2023
digital_events,2023-07-21,2023-07,12903,2023
digital_events,2023-07-22,2023-07,7418,2023
digital_events,2023-07-23,2023-07,17664,2023
digital_events,2023-07-24,2023-07,25353,2023
digital_events,2023-07-25,2023-07,10025,2023
digital_events,2023-07-26,2023-07,18343,2023
digital_events,2023-07-27,2023-07,14200,2023
digital_events,2023-07-28,2023-07,15389,2023
digital_events,2023-07-29,2023-07,12705,2023
digital_events,2023-07-30,2023-07,8017,2023
digital_events,2023-07-31,2023-07,14894,2023
digital_events,2023-08-01,2023-08,31073,2023
digital_events,2023-08-02,2023-08,14146,2023
digital_events,2023-08-03,2023-08,14431,2023
digital_events,2023-08-04,2023-08,11148,2023
digital_events,2023-08-05,2023-08,6662,2023
digital_events,2023-08-06,2023-08,7916,2023
digital_events,2023-08-07,2023-08,12752,2023
digital_events,2023-08-08,2023-08,9080,2023
digital_events,2023-08-09,2023-08,10207,2023
digital_events,2023-08-10,2023-08,15656,2023
digital_events,2023-08-11,2023-08,28817,2023
digital_events,2023-08-12,2023-08,21006,2023
digital_events,2023-08-13,2023-08,6473,2023
digital_events,2023-08-14,2023-08,8804,2023
digital_events,2023-08-15,2023-08,21373,2023
digital_events,2023-08-16,2023-08,8912,2023
digital_events,2023-08-17,2023-08,22824,2023
digital_events,2023-08-18,2023-08,22369,2023
digital_events,2023-08-19,2023-08,11181,2023
digital_events,2023-08-20,2023-08,19024,2023
digital_events,2023-08-21,2023-08,9713,2023
digital_events,2023-08-22,2023-08,15965,2023
digital_events,2023-08-23,2023-08,8195,2023
digital_events,2023-08-24,2023-08,13923,2023
digital_events,2023-08-25,2023-08,14585,2023
digital_events,2023-08-26,2023-08,9144,2023
digital_events,2023-08-27,2023-08,6910,2023
digital_events,2023-08-28,2023-08,10807,2023
digital_events,2023-08-29,2023-08,13820,2023
digital_events,2023-08-30,2023-08,22914,2023
digital_events,2023-08-31,2023-08,12336,2023
digital_events,2023-09-01,2023-09,20225,2023
digital_events,2023-09-02,2023-09,14091,2023
digital_events,2023-09-03,2023-09,7512,2023
digital_events,2023-09-04,2023-09,14935,2023
digital_events,2023-09-05,2023-09,10521,2023
digital_events,2023-09-06,2023-09,23430,2023
digital_events,2023-09-07,2023-09,12852,2023
digital_events,2023-09-08,2023-09,22243,2023
digital_events,2023-09-09,2023-09,16474,2023
digital_events,2023-09-10,2023-09,6790,2023
digital_events,2023-09-11,2023-09,9995,2023
digital_events,2023-09-12,2023-09,17518,2023
digital_events,2023-09-13,2023-09,17158,2023
digital_events,2023-09-14,2023-09,14820,2023
digital_events,2023-09-15,2023-09,16897,2023
digital_events,2023-09-16,2023-09,14602,2023
digital_events,2023-09-17,2023-09,6435,2023
digital_events,2023-09-18,2023-09,12657,2023
digital_events,2023-09-19,2023-09,14953,2023
digital_events,2023-09-20,2023-09,13733,2023
digital_events,2023-09-21,2023-09,16772,2023
digital_events,2023-09-22,2023-09,26626,2023
digital_events,2023-09-23,2023-09,18105,2023
digital_events,2023-09-24,2023-09,15821,2023
digital_events,2023-09-25,2023-09,9036,2023
digital_events,2023-09-26,2023-09,18202,2023
digital_events,2023-09-27,2023-09,17960,2023
digital_events,2023-09-28,2023-09,13647,2023
digital_events,2023-09-29,2023-09,9462,2023
digital_events,2023-09-30,2023-09,8664,2023
digital_events,2023-10-01,2023-10,8946,2023
digital_events,2023-10-02,2023-10,27208,2023
digital_events,2023-10-03,2023-10,13544,2023
digital_events,2023-10-04,2023-10,13801,2023
digital_events,2023-10-05,2023-10,26897,2023
digital_events,2023-10-06,2023-10,18749,2023
digital_events,2023-10-07,2023-10,7205,2023
digital_events,2023-10-08,2023-10,12858,2023
digital_events,2023-10-09,2023-10,12417,2023
digital_events,2023-10-10,2023-10,13643,2023
digital_events,2023-10-11,2023-10,8917,2023
digital_events,2023-10-12,2023-10,18469,2023
digital_events,2023-10-13,2023-10,9458,2023
digital_events,2023-10-14,2023-10,8777,2023
digital_events,2023-10-15,2023-10,6208,2023
digital_events,2023-10-16,2023-10,12748,2023
digital_events,2023-10-17,2023-10,12739,2023
digital_events,2023-10-18,2023-10,23705,2023
digital_events,2023-10-19,2023-10,25146,2023
digital_events,2023-10-20,2023-10,13130,2023
digital_events,2023-10-21,2023-10,7963,2023
digital_events,2023-10-22,2023-10,18560,2023
digital_events,2023-10-23,2023-10,19004,2023
digital_events,2023-10-24,2023-10,10714,2023
digital_events,2023-10-25,2023-10,13253,2023
digital_events,2023-10-26,2023-10,30733,2023
digital_events,2023-10-27,2023-10,30322,2023
digital_events,2023-10-28,2023-10,16019,2023
digital_events,2023-10-29,2023-10,6435,2023
digital_events,2023-10-30,2023-10,10150,2023
digital_events,2023-10-31,2023-10,30588,2023
digital_events,2023-11-01,2023-11,22107,2023
digital_events,2023-11-02,2023-11,22219,2023
digital_events,2023-11-03,2023-11,11589,2023
digital_events,2023-11-04,2023-11,9497,2023
digital_events,2023-11-05,2023-11,7512,2023
digital_events,2023-11-06,2023-11,19182,2023
digital_events,2023-11-07,2023-11,11966,2023
digital_events,2023-11-08,2023-11,11185,2023
digital_events,2023-11-09,2023-11,9600,2023
digital_events,2023-11-10,2023-11,16780,2023
digital_events,2023-11-11,2023-11,7883,2023
digital_events,2023-11-12,2023-11,7716,2023
digital_events,2023-11-13,2023-11,14155,2023
digital_events,2023-11-14,2023-11,16006,2023
digital_events,2023-11-15,2023-11,12229,2023
digital_events,2023-11-16,2023-11,12252,2023
digital_events,2023-11-17,2023-11,12787,2023
digital_events,2023-11-18,2023-11,6436,2023
digital_events,2023-11-19,2023-11,7854,2023
digital_events,2023-11-20,2023-11,9940,2023
digital_events,2023-11-21,2023-11,24689,2023
digital_events,2023-11-22,2023-11,11611,2023
digital_events,2023-11-23,2023-11,21230,2023
digital_events,2023-11-24,2023-11,9246,2023
digital_events,2023-11-25,2023-11,12502,2023
digital_events,2023-11-26,2023-11,10337,2023
digital_events,2023-11-27,2023-11,22536,2023
digital_events,2023-11-28,2023-11,13603,2023
digital_events,2023-11-29,2023-11,19093,2023
digital_events,2023-11-30,2023-11,25918,2023
digital_events,2023-12-01,2023-12,8323,2023
digital_events,2023-12-02,2023-12,15279,2023
digital_events,2023-12-03,2023-12,10761,2023
digital_events,2023-12-04,2023-12,18209,2023
digital_events,2023-12-05,2023-12,11672,2023
digital_events,2023-12-06,2023-12,12514,2023
digital_events,2023-12-07,2023-12,15163,2023
digital_events,2023-12-08,2023-12,23587,2023
digital_events,2023-12-09,2023-12,10871,2023
digital_events,2023-12-10,2023-12,8609,2023
digital_events,2023-12-11,2023-12,10105,2023
digital_events,2023-12-12,2023-12,11328,2023
digital_events,2023-12-13,2023-12,11962,2023
digital_events,2023-12-14,2023-12,11123,2023
digital_events,2023-12-15,2023-12,23593,2023
digital_events,2023-12-16,2023-12,13062,2023
digital_events,2023-12-17,2023-12,6339,2023
digital_events,2023-12-18,2023-12,13696,2023
digital_events,2023-12-19,2023-12,8863,2023
digital_events,2023-12-20,2023-12,19897,2023
digital_events,2023-12-21,2023-12,14283,2023
digital_events,2023-12-22,2023-12,25836,2023
digital_events,2023-12-23,2023-12,6127,2023
digital_events,2023-12-24,2023-12,7573,2023
digital_events,2023-12-25,2023-12,17276,2023
digital_events,2023-12-26,2023-12,13160,2023
digital_events,2023-12-27,2023-12,21223,2023
digital_events,2023-12-28,2023-12,27821,2023
digital_events,2023-12-29,2023-12,10090,2023
digital_events,2023-12-30,2023-12,9623,2023
digital_events,2023-12-31,2023-12,7236,2023
digital_events,2024-01-01,2024-01,18315,2024
digital_events,2024-01-02,2024-01,23411,2024
digital_events,2024-01-03,2024-01,17587,2024
digital_events,2024-01-04,2024-01,15273,2024
digital_events,2024-01-05,2024-01,11173,2024
digital_events,2024-01-06,2024-01,10543,2024
digital_events,2024-01-07,2024-01,9517,2024
digital_events,2024-01-08,2024-01,16972,2024
digital_events,2024-01-09,2024-01,12830,2024
digital_events,2024-01-10,2024-01,26356,2024
digital_events,2024-01-11,2024-01,14929,2024
digital_events,2024-01-12,2024-01,14464,2024
digital_events,2024-01-13,2024-01,8628,2024
digital_events,2024-01-14,2024-01,18831,2024
digital_events,2024-01-15,2024-01,7921,2024
digital_events,2024-01-16,2024-01,30578,2024
digital_events,2024-01-17,2024-01,10528,2024
digital_events,2024-01-18,2024-01,23842,2024
digital_events,2024-01-19,2024-01,17026,2024
digital_events,2024-01-20,2024-01,15190,2024
digital_events,2024-01-21,2024-01,6777,2024
digital_events,2024-01-22,2024-01,15910,2024
digital_events,2024-01-23,2024-01,13463,2024
digital_events,2024-01-24,2024-01,22301,2024
digital_events,2024-01-25,2024-01,16057,2024
digital_events,2024-01-26,2024-01,23041,2024
digital_events,2024-01-27,2024-01,18922,2024
digital_events,2024-01-28,2024-01,6886,2024
digital_events,2024-01-29,2024-01,25942,2024
digital_events,2024-01-30,2024-01,14971,2024
digital_events,2024-01-31,2024-01,8943,2024
digital_events,2024-02-01,2024-02,9000,2024
digital_events,2024-02-02,2024-02,10234,2024
digital_events,2024-02-03,2024-02,6325,2024
digital_events,2024-02-04,2024-02,11027,2024
digital_events,2024-02-05,2024-02,11244,2024
digital_events,2024-02-06,2024-02,29664,2024
digital_events,2024-02-07,2024-02,14312,2024
digital_events,2024-02-08,2024-02,12002,2024
digital_events,2024-02-09,2024-02,9155,2024
digital_events,2024-02-10,2024-02,8027,2024
digital_events,2024-02-11,2024-02,17850,2024
digital_events,2024-02-12,2024-02,20298,2024
digital_events,2024-02-13,2024-02,9970,2024
digital_events,2024-02-14,2024-02,10553,2024
digital_events,2024-02-15,2024-02,14141,2024
digital_events,2024-02-16,2024-02,21455,2024
digital_events,2024-02-17,2024-02,14596,2024
digital_events,2024-02-18,2024-02,7995,2024
digital_events,2024-02-19,2024-02,9551,2024
digital_events,2024-02-20,2024-02,15655,2024
digital_events,2024-02-21,2024-02,11202,2024
digital_events,2024-02-22,2024-02,16710,2024
digital_events,2024-02-23,2024-02,8911,2024
digital_events,2024-02-24,2024-02,6890,2024
digital_events,2024-02-25,2024-02,9125,2024
digital_events,2024-02-26,2024-02,8956,2024
digital_events,2024-02-27,2024-02,18511,2024
digital_events,2024-02-28,2024-02,15900,2024
digital_events,2024-02-29,2024-02,12653,2024
digital_events,2024-03-01,2024-03,19313,2024
digital_events,2024-03-02,2024-03,13675,2024
digital_events,2024-03-03,2024-03,11654,2024
digital_events,2024-03-04,2024-03,12239,2024
digital_events,2024-03-05,2024-03,8089,2024
digital_events,2024-03-06,2024-03,16505,2024
digital_events,2024-03-07,2024-03,17049,2024
digital_events,2024-03-08,2024-03,15617,2024
digital_events,2024-03-09,2024-03,10230,2024
digital_events,2024-03-10,2024-03,6324,2024
digital_events,2024-03-11,2024-03,11523,2024
digital_events,2024-03-12,2024-03,17009,2024
digital_events,2024-03-13,2024-03,12839,2024
digital_events,2024-03-14,2024-03,18867,2024
digital_events,2024-03-15,2024-03,10069,2024
digital_events,2024-03-16,2024-03,18766,2024
digital_events,2024-03-17,2024-03,6978,2024
digital_events,2024-03-18,2024-03,17582,2024
digital_events,2024-03-19,2024-03,15942,2024
digital_events,2024-03-20,2024-03,11835,2024
digital_events,2024-03-21,2024-03,9579,2024
digital_events,2024-03-22,2024-03,22192,2024
digital_events,2024-03-23,2024-03,11023,2024
digital_events,2024-03-24,2024-03,6758,2024
digital_events,2024-03-25,2024-03,14741,2024
digital_events,2024-03-26,2024-03,12282,2024
digital_events,2024-03-27,2024-03,11568,2024
digital_events,2024-03-28,2024-03,21465,2024
digital_events,2024-03-29,2024-03,7715,2024
digital_events,2024-03-30,2024-03,15965,2024
digital_events,2024-03-31,2024-03,18705,2024
digital_events,2024-04-01,2024-04,18316,2024
digital_events,2024-04-02,2024-04,19039,2024
digital_events,2024-04-03,2024-04,9502,2024
digital_events,2024-04-04,2024-04,10601,2024
digital_events,2024-04-05,2024-04,11003,2024
digital_events,2024-04-06,2024-04,6723,2024
digital_events,2024-04-07,2024-04,14733,2024
digital_events,2024-04-08,2024-04,8946,2024
digital_events,2024-04-09,2024-04,8812,2024
digital_events,2024-04-10,2024-04,11427,2024
digital_events,2024-04-11,2024-04,11006,2024
digital_events,2024-04-12,2024-04,10799,2024
digital_events,2024-04-13,2024-04,12479,2024
digital_events,2024-04-14,2024-04,20887,2024
digital_events,2024-04-15,2024-04,10044,2024
digital_events,2024-04-16,2024-04,20090,2024
digital_events,2024-04-17,2024-04,29260,2024
digital_events,2024-04-18,2024-04,14955,2024
digital_events,2024-04-19,2024-04,12090,2024
digital_events,2024-04-20,2024-04,9199,2024
digital_events,2024-04-21,2024-04,7323,2024
digital_events,2024-04-22,2024-04,8561,2024
digital_events,2024-04-23,2024-04,12059,2024
digital_events,2024-04-24,2024-04,10921,2024
digital_events,2024-04-25,2024-04,29563,2024
digital_events,2024-04-26,2024-04,10729,2024
digital_events,2024-04-27,2024-04,10713,2024
digital_events,2024-04-28,2024-04,10228,2024
digital_events,2024-04-29,2024-04,8349,2024
digital_events,2024-04-30,2024-04,12942,2024
digital_events,2024-05-01,2024-05,12417,2024
digital_events,2024-05-02,2024-05,13240,2024
digital_events,2024-05-03,2024-05,13607,2024
digital_events,2024-05-04,2024-05,10138,2024
digital_events,2024-05-05,2024-05,12688,2024
digital_events,2024-05-06,2024-05,22810,2024
digital_events,2024-05-07,2024-05,23001,2024
digital_events,2024-05-08,2024-05,10326,2024
digital_events,2024-05-09,2024-05,21083,2024
digital_events,2024-05-10,2024-05,10935,2024
digital_events,2024-05-11,2024-05,8829,2024
digital_events,2024-05-12,2024-05,11363,2024
digital_events,2024-05-13,2024-05,10036,2024
digital_events,2024-05-14,2024-05,15323,2024
digital_events,2024-05-15,2024-05,9859,2024
digital_events,2024-05-16,2024-05,24234,2024
digital_events,2024-05-17,2024-05,10345,2024
digital_events,2024-05-18,2024-05,15035,2024
digital_events,2024-05-19,2024-05,11240,2024
digital_events,2024-05-20,2024-05,15158,2024
digital_events,2024-05-21,2024-05,18652,2024
digital_events,2024-05-22,2024-05,14395,2024
digital_events,2024-05-23,2024-05,25037,2024
digital_events,2024-05-24,2024-05,15195,2024
digital_events,2024-05-25,2024-05,12082,2024
digital_events,2024-05-26,2024-05,13159,2024
digital_events,2024-05-27,2024-05,22260,2024
digital_events,2024-05-28,2024-05,18733,2024
digital_events,2024-05-29,2024-05,10182,2024
digital_events,2024-05-30,2024-05,16529,2024
digital_events,2024-05-31,2024-05,15788,2024
digital_events,2024-06-01,2024-06,13326,2024
digital_events,2024-06-02,2024-06,16061,2024
digital_events,2024-06-03,2024-06,12865,2024
digital_events,2024-06-04,2024-06,21657,2024
digital_events,2024-06-05,2024-06,17034,2024
digital_events,2024-06-06,2024-06,8917,2024
digital_events,2024-06-07,2024-06,28625,2024
digital_events,2024-06-08,2024-06,6952,2024
digital_events,2024-06-09,2024-06,6445,2024
digital_events,2024-06-10,2024-06,23611,2024
digital_events,2024-06-11,2024-06,21078,2024
digital_events,2024-06-12,2024-06,8514,2024
digital_events,2024-06-13,2024-06,9516,2024
digital_events,2024-06-14,2024-06,16595,2024
digital_events,2024-06-15,2024-06,12007,2024
digital_events,2024-06-16,2024-06,8451,2024
digital_events,2024-06-17,2024-06,11115,2024
digital_events,2024-06-18,2024-06,28815,2024
digital_events,2024-06-19,2024-06,11563,2024
digital_events,2024-06-20,2024-06,11040,2024
digital_events,2024-06-21,2024-06,8871,2024
digital_events,2024-06-22,2024-06,7724,2024
digital_events,2024-06-23,2024-06,12485,2024
digital_events,2024-06-24,2024-06,18505,2024
digital_events,2024-06-25,2024-06,21705,2024
digital_events,2024-06-26,2024-06,12837,2024
digital_events,2024-06-27,2024-06,9158,2024
digital_events,2024-06-28,2024-06,10746,2024
digital_events,2024-06-29,2024-06,15168,2024
digital_events,2024-06-30,2024-06,8314,2024
digital_events,2024-07-01,2024-07,8159,2024
digital_events,2024-07-02,2024-07,11883,2024
digital_events,2024-07-03,2024-07,21290,2024
digital_events,2024-07-04,2024-07,8923,2024
digital_events,2024-07-05,2024-07,19266,2024
digital_events,2024-07-06,2024-07,10385,2024
digital_events,2024-07-07,2024-07,7090,2024
digital_events,2024-07-08,2024-07,22613,2024
digital_events,2024-07-09,2024-07,15646,2024
digital_events,2024-07-10,2024-07,14362,2024
digital_events,2024-07-11,2024-07,22686,2024
digital_events,2024-07-12,2024-07,9856,2024
digital_events,2024-07-13,2024-07,15894,2024
digital_events,2024-07-14,2024-07,10235,2024
digital_events,2024-07-15,2024-07,15124,2024
digital_events,2024-07-16,2024-07,9036,2024
digital_events,2024-07-17,2024-07,11815,2024
digital_events,2024-07-18,2024-07,19329,2024
digital_events,2024-07-19,2024-07,30755,2024
digital_events,2024-07-20,2024-07,11600,2024
digital_events,2024-07-21,2024-07,14415,2024
digital_events,2024-07-22,2024-07,20204,2024
digital_events,2024-07-23,2024-07,16991,2024
digital_events,2024-07-24,2024-07,8471,2024
digital_events,2024-07-25,2024-07,18511,2024
digital_events,2024-07-26,2024-07,11094,2024
digital_events,2024-07-27,2024-07,8058,2024
digital_events,2024-07-28,2024-07,6686,2024
digital_events,2024-07-29,2024-07,13247,2024
digital_events,2024-07-30,2024-07,19431,2024
digital_events,2024-07-31,2024-07,11806,2024
digital_events,2024-08-01,2024-08,8939,2024
digital_events,2024-08-02,2024-08,9136,2024
digital_events,2024-08-03,2024-08,14012,2024
digital_events,2024-08-04,2024-08,18242,2024
digital_events,2024-08-05,2024-08,17967,2024
digital_events,2024-08-06,2024-08,23127,2024
digital_events,2024-08-07,2024-08,19497,2024
digital_events,2024-08-08,2024-08,14907,2024
digital_events,2024-08-09,2024-08,13188,2024
digital_events,2024-08-10,2024-08,7197,2024
digital_events,2024-08-11,2024-08,5372,2024
digital_events,2024-08-12,2024-08,8544,2024
digital_events,2024-08-13,2024-08,12600,2024
digital_events,2024-08-14,2024-08,13607,2024
digital_events,2024-08-15,2024-08,27793,2024
digital_events,2024-08-16,2024-08,10265,2024
digital_events,2024-08-17,2024-08,6423,2024
digital_events,2024-08-18,2024-08,8507,2024
digital_events,2024-08-19,2024-08,15825,2024
digital_events,2024-08-20,2024-08,8609,2024
digital_events,2024-08-21,2024-08,10559,2024
digital_events,2024-08-22,2024-08,14925,2024
digital_events,2024-08-23,2024-08,29376,2024
digital_events,2024-08-24,2024-08,7577,2024
digital_events,2024-08-25,2024-08,5714,2024
digital_events,2024-08-26,2024-08,7904,2024
digital_events,2024-08-27,2024-08,18215,2024
digital_events,2024-08-28,2024-08,22229,2024
digital_events,2024-08-29,2024-08,11088,2024
digital_events,2024-08-30,2024-08,22673,2024
digital_events,2024-08-31,2024-08,5784,2024
digital_events,2024-09-01,2024-09,5930,2024
digital_events,2024-09-02,2024-09,10089,2024
digital_events,2024-09-03,2024-09,8556,2024
digital_events,2024-09-04,2024-09,13424,2024
digital_events,2024-09-05,2024-09,13524,2024
digital_events,2024-09-06,2024-09,28937,2024
digital_events,2024-09-07,2024-09,16069,2024
digital_events,2024-09-08,2024-09,15442,2024
digital_events,2024-09-09,2024-09,18616,2024
digital_events,2024-09-10,2024-09,16980,2024
digital_events,2024-09-11,2024-09,22566,2024
digital_events,2024-09-12,2024-09,15993,2024
digital_events,2024-09-13,2024-09,10298,2024
digital_events,2024-09-14,2024-09,6392,2024
digital_events,2024-09-15,2024-09,8379,2024
digital_events,2024-09-16,2024-09,9669,2024
digital_events,2024-09-17,2024-09,17837,2024
digital_events,2024-09-18,2024-09,23102,2024
digital_events,2024-09-19,2024-09,11461,2024
digital_events,2024-09-20,2024-09,14672,2024
digital_events,2024-09-21,2024-09,9294,2024
digital_events,2024-09-22,2024-09,9313,2024
digital_events,2024-09-23,2024-09,18823,2024
digital_events,2024-09-24,2024-09,9777,2024
digital_events,2024-09-25,2024-09,10807,2024
digital_events,2024-09-26,2024-09,25354,2024
digital_events,2024-09-27,2024-09,18205,2024
digital_events,2024-09-28,2024-09,10995,2024
digital_events,2024-09-29,2024-09,5637,2024
digital_events,2024-09-30,2024-09,23977,2024
digital_events,2024-10-01,2024-10,11383,2024
digital_events,2024-10-02,2024-10,10662,2024
digital_events,2024-10-03,2024-10,12315,2024
digital_events,2024-10-04,2024-10,12234,2024
digital_events,2024-10-05,2024-10,5933,2024
digital_events,2024-10-06,2024-10,6886,2024
digital_events,2024-10-07,2024-10,13921,2024
digital_events,2024-10-08,2024-10,8370,2024
digital_events,2024-10-09,2024-10,22628,2024
digital_events,2024-10-10,2024-10,29079,2024
digital_events,2024-10-11,2024-10,15407,2024
digital_events,2024-10-12,2024-10,8064,2024
digital_events,2024-10-13,2024-10,16436,2024
digital_events,2024-10-14,2024-10,9897,2024
digital_events,2024-10-15,2024-10,16812,2024
digital_events,2024-10-16,2024-10,13614,2024
digital_events,2024-10-17,2024-10,22695,2024
digital_events,2024-10-18,2024-10,14345,2024
digital_events,2024-10-19,2024-10,9255,2024
digital_events,2024-10-20,2024-10,6052,2024
digital_events,2024-10-21,2024-10,9990,2024
digital_events,2024-10-22,2024-10,9665,2024
digital_events,2024-10-23,2024-10,20996,2024
digital_events,2024-10-24,2024-10,14174,2024
digital_events,2024-10-25,2024-10,10404,2024
digital_events,2024-10-26,2024-10,11783,2024
digital_events,2024-10-27,2024-10,11443,2024
digital_events,2024-10-28,2024-10,9469,2024
digital_events,2024-10-29,2024-10,18070,2024
digital_events,2024-10-30,2024-10,8778,2024
digital_events,2024-10-31,2024-10,16272,2024
digital_events,2024-11-01,2024-11,20412,2024
digital_events,2024-11-02,2024-11,10240,2024
digital_events,2024-11-03,2024-11,7651,2024
digital_events,2024-11-04,2024-11,9489,2024
digital_events,2024-11-05,2024-11,10250,2024
digital_events,2024-11-06,2024-11,11096,2024
digital_events,2024-11-07,2024-11,16886,2024
digital_events,2024-11-08,2024-11,11144,2024
digital_events,2024-11-09,2024-11,6385,2024
digital_events,2024-11-10,2024-11,7703,2024
digital_events,2024-11-11,2024-11,16499,2024
digital_events,2024-11-12,2024-11,14121,2024
digital_events,2024-11-13,2024-11,12647,2024
digital_events,2024-11-14,2024-11,21754,2024
digital_events,2024-11-15,2024-11,11226,2024
digital_events,2024-11-16,2024-11,15508,2024
digital_events,2024-11-17,2024-11,12771,2024
digital_events,2024-11-18,2024-11,14067,2024
digital_events,2024-11-19,2024-11,11341,2024
digital_events,2024-11-20,2024-11,26755,2024
digital_events,2024-11-21,2024-11,10442,2024
digital_events,2024-11-22,2024-11,11225,2024
digital_events,2024-11-23,2024-11,15321,2024
digital_events,2024-11-24,2024-11,6573,2024
digital_events,2024-11-25,2024-11,21759,2024
digital_events,2024-11-26,2024-11,10747,2024
digital_events,2024-11-27,2024-11,9384,2024
digital_events,2024-11-28,2024-11,12168,2024
digital_events,2024-11-29,2024-11,13112,2024
digital_events,2024-11-30,2024-11,6590,2024
digital_events,2024-12-01,2024-12,18307,2024
digital_events,2024-12-02,2024-12,12550,2024
digital_events,2024-12-03,2024-12,18165,2024
digital_events,2024-12-04,2024-12,19492,2024
digital_events,2024-12-05,2024-12,17071,2024
digital_events,2024-12-06,2024-12,13539,2024
digital_events,2024-12-07,2024-12,7404,2024
digital_events,2024-12-08,2024-12,9065,2024
digital_events,2024-12-09,2024-12,11193,2024
digital_events,2024-12-10,2024-12,21346,2024
digital_events,2024-12-11,2024-12,9283,2024
digital_events,2024-12-12,2024-12,17956,2024
digital_events,2024-12-13,2024-12,13642,2024
digital_events,2024-12-14,2024-12,7045,2024
digital_events,2024-12-15,2024-12,7265,2024
digital_events,2024-12-16,2024-12,10606,2024
digital_events,2024-12-17,2024-12,14230,2024
digital_events,2024-12-18,2024-12,13559,2024
digital_events,2024-12-19,2024-12,9138,2024
digital_events,2024-12-20,2024-12,14212,2024
digital_events,2024-12-21,2024-12,14370,2024
digital_events,2024-12-22,2024-12,15876,2024
digital_events,2024-12-23,2024-12,15085,2024
digital_events,2024-12-24,2024-12,15269,2024
digital_events,2024-12-25,2024-12,9226,2024
digital_events,2024-12-26,2024-12,13153,2024
digital_events,2024-12-27,2024-12,19485,2024
digital_events,2024-12-28,2024-12,7676,2024
digital_events,2024-12-29,2024-12,7842,2024
digital_events,2024-12-30,2024-12,8852,2024
digital_events,2024-12-31,2024-12,11173,2024
digital_events,2025-01-01,2025-01,12431,2025
digital_events,2025-01-02,2025-01,10991,2025
digital_events,2025-01-03,2025-01,16366,2025
digital_events,2025-01-04,2025-01,9326,2025
digital_events,2025-01-05,2025-01,11073,2025
digital_events,2025-01-06,2025-01,23522,2025
digital_events,2025-01-07,2025-01,7945,2025
digital_events,2025-01-08,2025-01,21039,2025
digital_events,2025-01-09,2025-01,20771,2025
digital_events,2025-01-10,2025-01,22287,2025
digital_events,2025-01-11,2025-01,14373,2025
digital_events,2025-01-12,2025-01,6532,2025
digital_events,2025-01-13,2025-01,21499,2025
digital_events,2025-01-14,2025-01,11677,2025
digital_events,2025-01-15,2025-01,18482,2025
digital_events,2025-01-16,2025-01,8248,2025
digital_events,2025-01-17,2025-01,13551,2025
digital_events,2025-01-18,2025-01,5696,2025
digital_events,2025-01-19,2025-01,9122,2025
digital_events,2025-01-20,2025-01,12210,2025
digital_events,2025-01-21,2025-01,10708,2025
digital_events,2025-01-22,2025-01,7660,2025
digital_events,2025-01-23,2025-01,22620,2025
digital_events,2025-01-24,2025-01,23742,2025
digital_events,2025-01-25,2025-01,12407,2025
digital_events,2025-01-26,2025-01,16135,2025
digital_events,2025-01-27,2025-01,16637,2025
digital_events,2025-01-28,2025-01,10849,2025
digital_events,2025-01-29,2025-01,13497,2025
digital_events,2025-01-30,2025-01,17960,2025
digital_events,2025-01-31,2025-01,14592,2025
digital_events,2025-02-01,2025-02,10543,2025
digital_events,2025-02-02,2025-02,10097,2025
digital_events,2025-02-03,2025-02,19555,2025
digital_events,2025-02-04,2025-02,18219,2025
digital_events,2025-02-05,2025-02,21798,2025
digital_events,2025-02-06,2025-02,22204,2025
digital_events,2025-02-07,2025-02,16837,2025
digital_events,2025-02-08,2025-02,8495,2025
digital_events,2025-02-09,2025-02,8148,2025
digital_events,2025-02-10,2025-02,10426,2025
digital_events,2025-02-11,2025-02,13973,2025
digital_events,2025-02-12,2025-02,12338,2025
digital_events,2025-02-13,2025-02,14418,2025
digital_events,2025-02-14,2025-02,11131,2025
digital_events,2025-02-15,2025-02,10734,2025
digital_events,2025-02-16,2025-02,7356,2025
digital_events,2025-02-17,2025-02,26213,2025
digital_events,2025-02-18,2025-02,10511,2025
digital_events,2025-02-19,2025-02,10662,2025
digital_events,2025-02-20,2025-02,18453,2025
digital_events,2025-02-21,2025-02,12727,2025
digital_events,2025-02-22,2025-02,7564,2025
digital_events,2025-02-23,2025-02,5891,2025
digital_events,2025-02-24,2025-02,28445,2025
digital_events,2025-02-25,2025-02,13511,2025
digital_events,2025-02-26,2025-02,7887,2025
digital_events,2025-02-27,2025-02,10507,2025
digital_events,2025-02-28,2025-02,26978,2025
digital_events,2025-03-01,2025-03,15985,2025
digital_events,2025-03-02,2025-03,15163,2025
digital_events,2025-03-03,2025-03,10770,2025
digital_events,2025-03-04,2025-03,16294,2025
digital_events,2025-03-05,2025-03,14014,2025
digital_events,2025-03-06,2025-03,19034,2025
digital_events,2025-03-07,2025-03,21273,2025
digital_events,2025-03-08,2025-03,8770,2025
digital_events,2025-03-09,2025-03,12780,2025
digital_events,2025-03-10,2025-03,21102,2025
digital_events,2025-03-11,2025-03,10145,2025
digital_events,2025-03-12,2025-03,15161,2025
digital_events,2025-03-13,2025-03,10866,2025
digital_events,2025-03-14,2025-03,22566,2025
digital_events,2025-03-15,2025-03,6430,2025
digital_events,2025-03-16,2025-03,6960,2025
digital_events,2025-03-17,2025-03,13100,2025
digital_events,2025-03-18,2025-03,10855,2025
digital_events,2025-03-19,2025-03,18374,2025
digital_events,2025-03-20,2025-03,13951,2025
digital_events,2025-03-21,2025-03,11286,2025
digital_events,2025-03-22,2025-03,5918,2025
digital_events,2025-03-23,2025-03,12366,2025
digital_events,2025-03-24,2025-03,22111,2025
digital_events,2025-03-25,2025-03,14302,2025
digital_events,2025-03-26,2025-03,13134,2025
digital_events,2025-03-27,2025-03,13976,2025
digital_events,2025-03-28,2025-03,8034,2025
digital_events,2025-03-29,2025-03,14521,2025
digital_events,2025-03-30,2025-03,15562,2025
digital_events,2025-03-31,2025-03,12180,2025
digital_events,2025-04-01,2025-04,11272,2025
digital_events,2025-04-02,2025-04,28705,2025
digital_events,2025-04-03,2025-04,10163,2025
digital_events,2025-04-04,2025-04,8968,2025
digital_events,2025-04-05,2025-04,6633,2025
digital_events,2025-04-06,2025-04,11905,2025
digital_events,2025-04-07,2025-04,9148,2025
digital_events,2025-04-08,2025-04,8101,2025
digital_events,2025-04-09,2025-04,21579,2025
digital_events,2025-04-10,2025-04,20340,2025
digital_events,2025-04-11,2025-04,11596,2025
digital_events,2025-04-12,2025-04,18957,2025
digital_events,2025-04-13,2025-04,7911,2025
digital_events,2025-04-14,2025-04,8992,2025
digital_events,2025-04-15,2025-04,9176,2025
digital_events,2025-04-16,2025-04,20444,2025
digital_events,2025-04-17,2025-04,27779,2025
digital_events,2025-04-18,2025-04,17925,2025
digital_events,2025-04-19,2025-04,14620,2025
digital_events,2025-04-20,2025-04,6178,2025
digital_events,2025-04-21,2025-04,9497,2025
digital_events,2025-04-22,2025-04,9145,2025
digital_events,2025-04-23,2025-04,16994,2025
digital_events,2025-04-24,2025-04,11509,2025
digital_events,2025-04-25,2025-04,10386,2025
digital_events,2025-04-26,2025-04,6131,2025
digital_events,2025-04-27,2025-04,6359,2025
digital_events,2025-04-28,2025-04,11464,2025
digital_events,2025-04-29,2025-04,15341,2025
digital_events,2025-04-30,2025-04,9933,2025
digital_events,2025-05-01,2025-05,28402,2025
digital_events,2025-05-02,2025-05,12726,2025
digital_events,2025-05-03,2025-05,13324,2025
digital_events,2025-05-04,2025-05,13102,2025
digital_events,2025-05-05,2025-05,12273,2025
digital_events,2025-05-06,2025-05,21476,2025
digital_events,2025-05-07,2025-05,11058,2025
digital_events,2025-05-08,2025-05,11428,2025
digital_events,2025-05-09,2025-05,10297,2025
digital_events,2025-05-10,2025-05,10194,2025
digital_events,2025-05-11,2025-05,12965,2025
digital_events,2025-05-12,2025-05,20582,2025
digital_events,2025-05-13,2025-05,12560,2025
digital_events,2025-05-14,2025-05,21354,2025
digital_events,2025-05-15,2025-05,14539,2025
digital_events,2025-05-16,2025-05,14346,2025
digital_events,2025-05-17,2025-05,8979,2025
digital_events,2025-05-18,2025-05,11115,2025
digital_events,2025-05-19,2025-05,28704,2025
digital_events,2025-05-20,2025-05,22766,2025
digital_events,2025-05-21,2025-05,28052,2025
digital_events,2025-05-22,2025-05,24823,2025
digital_events,2025-05-23,2025-05,11912,2025
digital_events,2025-05-24,2025-05,7058,2025
digital_events,2025-05-25,2025-05,8952,2025
digital_events,2025-05-26,2025-05,17994,2025
digital_events,2025-05-27,2025-05,19731,2025
digital_events,2025-05-28,2025-05,16495,2025
digital_events,2025-05-29,2025-05,14548,2025
digital_events,2025-05-30,2025-05,9418,2025
digital_events,2025-05-31,2025-05,6111,2025
digital_events,2025-06-01,2025-06,9397,2025
digital_events,2025-06-02,2025-06,11109,2025
digital_events,2025-06-03,2025-06,12498,2025
digital_events,2025-06-04,2025-06,23360,2025
digital_events,2025-06-05,2025-06,11647,2025
digital_events,2025-06-06,2025-06,12801,2025
digital_events,2025-06-07,2025-06,7520,2025
digital_events,2025-06-08,2025-06,11455,2025
digital_events,2025-06-09,2025-06,29511,2025
digital_events,2025-06-10,2025-06,11735,2025
digital_events,2025-06-11,2025-06,12356,2025
digital_events,2025-06-12,2025-06,10624,2025
digital_events,2025-06-13,2025-06,11880,2025
digital_events,2025-06-14,2025-06,13464,2025
digital_events,2025-06-15,2025-06,11918,2025
digital_events,2025-06-16,2025-06,10620,2025
digital_events,2025-06-17,2025-06,20213,2025
digital_events,2025-06-18,2025-06,18436,2025
digital_events,2025-06-19,2025-06,24011,2025
digital_events,2025-06-20,2025-06,27561,2025
digital_events,2025-06-21,2025-06,11295,2025
digital_events,2025-06-22,2025-06,10416,2025
digital_events,2025-06-23,2025-06,12807,2025
digital_events,2025-06-24,2025-06,11910,2025
digital_events,2025-06-25,2025-06,15459,2025
digital_events,2025-06-26,2025-06,13045,2025
digital_events,2025-06-27,2025-06,9469,2025
digital_events,2025-06-28,2025-06,13139,2025
digital_events,2025-06-29,2025-06,6162,2025
digital_events,2025-06-30,2025-06,11347,2025
digital_events,2025-07-01,2025-07,17577,2025
digital_events,2025-07-02,2025-07,22699,2025
digital_events,2025-07-03,2025-07,22665,2025
digital_events,2025-07-04,2025-07,12777,2025
digital_events,2025-07-05,2025-07,20654,2025
digital_events,2025-07-06,2025-07,7042,2025
digital_events,2025-07-07,2025-07,17248,2025
digital_events,2025-07-08,2025-07,13484,2025
digital_events,2025-07-09,2025-07,20045,2025
digital_events,2025-07-10,2025-07,16974,2025
digital_events,2025-07-11,2025-07,15068,2025
digital_events,2025-07-12,2025-07,7634,2025
digital_events,2025-07-13,2025-07,7500,2025
digital_events,2025-07-14,2025-07,13336,2025
digital_events,2025-07-15,2025-07,29376,2025
digital_events,2025-07-16,2025-07,14368,2025
digital_events,2025-07-17,2025-07,15480,2025
digital_events,2025-07-18,2025-07,9301,2025
digital_events,2025-07-19,2025-07,15681,2025
digital_events,2025-07-20,2025-07,14934,2025
digital_events,2025-07-21,2025-07,9513,2025
digital_events,2025-07-22,2025-07,11630,2025
digital_events,2025-07-23,2025-07,10933,2025
digital_events,2025-07-24,2025-07,23263,2025
digital_events,2025-07-25,2025-07,21614,2025
digital_events,2025-07-26,2025-07,9074,2025
digital_events,2025-07-27,2025-07,11242,2025
digital_events,2025-07-28,2025-07,12260,2025
digital_events,2025-07-29,2025-07,29216,2025
digital_events,2025-07-30,2025-07,8780,2025
digital_events,2025-07-31,2025-07,30085,2025
digital_events,2025-08-01,2025-08,23609,2025
digital_events,2025-08-02,2025-08,6958,2025
digital_events,2025-08-03,2025-08,8791,2025
digital_events,2025-08-04,2025-08,24226,2025
digital_events,2025-08-05,2025-08,9533,2025
digital_events,2025-08-06,2025-08,10670,2025
digital_events,2025-08-07,2025-08,11960,2025
digital_events,2025-08-08,2025-08,22686,2025
digital_events,2025-08-09,2025-08,9938,2025
digital_events,2025-08-10,2025-08,6240,2025
digital_events,2025-08-11,2025-08,11207,2025
digital_events,2025-08-12,2025-08,12570,2025
digital_events,2025-08-13,2025-08,12139,2025
digital_events,2025-08-14,2025-08,27853,2025
digital_events,2025-08-15,2025-08,8856,2025
digital_events,2025-08-16,2025-08,12178,2025
digital_events,2025-08-17,2025-08,6477,2025
digital_events,2025-08-18,2025-08,21255,2025
digital_events,2025-08-19,2025-08,14665,2025
digital_events,2025-08-20,2025-08,27397,2025
digital_events,2025-08-21,2025-08,28558,2025
digital_events,2025-08-22,2025-08,19059,2025
digital_events,2025-08-23,2025-08,10579,2025
digital_events,2025-08-24,2025-08,12751,2025
digital_events,2025-08-25,2025-08,15142,2025
digital_events,2025-08-26,2025-08,18353,2025
digital_events,2025-08-27,2025-08,11127,2025
digital_events,2025-08-28,2025-08,9848,2025
digital_events,2025-08-29,2025-08,11786,2025
digital_events,2025-08-30,2025-08,10579,2025
digital_events,2025-08-31,2025-08,8132,2025
digital_events,2025-09-01,2025-09,11462,2025
digital_events,2025-09-02,2025-09,9574,2025
digital_events,2025-09-03,2025-09,20854,2025
digital_events,2025-09-04,2025-09,23377,2025
digital_events,2025-09-05,2025-09,21802,2025
digital_events,2025-09-06,2025-09,13517,2025
digital_events,2025-09-07,2025-09,8644,2025
digital_events,2025-09-08,2025-09,30114,2025
digital_events,2025-09-09,2025-09,15576,2025
digital_events,2025-09-10,2025-09,22278,2025
digital_events,2025-09-11,2025-09,17254,2025
digital_events,2025-09-12,2025-09,13314,2025
digital_events,2025-09-13,2025-09,15945,2025
digital_events,2025-09-14,2025-09,12657,2025
digital_events,2025-09-15,2025-09,26530,2025
digital_events,2025-09-16,2025-09,21414,2025
digital_events,2025-09-17,2025-09,13112,2025
digital_events,2025-09-18,2025-09,12958,2025
digital_events,2025-09-19,2025-09,15487,2025
digital_events,2025-09-20,2025-09,8571,2025
digital_events,2025-09-21,2025-09,9609,2025
digital_events,2025-09-22,2025-09,8067,2025
digital_events,2025-09-23,2025-09,12107,2025
digital_events,2025-09-24,2025-09,9749,2025
digital_events,2025-09-25,2025-09,11638,2025
digital_events,2025-09-26,2025-09,11581,2025
digital_events,2025-09-27,2025-09,11958,2025
digital_events,2025-09-28,2025-09,6855,2025
digital_events,2025-09-29,2025-09,18024,2025
digital_events,2025-09-30,2025-09,13562,2025
digital_events,2025-10-01,2025-10,11587,2025
digital_events,2025-10-02,2025-10,21626,2025
digital_events,2025-10-03,2025-10,11323,2025
digital_events,2025-10-04,2025-10,6481,2025
digital_events,2025-10-05,2025-10,13627,2025
digital_events,2025-10-06,2025-10,9104,2025
digital_events,2025-10-07,2025-10,18197,2025
digital_events,2025-10-08,2025-10,10709,2025
digital_events,2025-10-09,2025-10,9827,2025
digital_events,2025-10-10,2025-10,11404,2025
digital_events,2025-10-11,2025-10,8775,2025
digital_events,2025-10-12,2025-10,7391,2025
digital_events,2025-10-13,2025-10,8087,2025
digital_events,2025-10-14,2025-10,14748,2025
digital_events,2025-10-15,2025-10,8888,2025
digital_events,2025-10-16,2025-10,17802,2025
digital_events,2025-10-17,2025-10,9867,2025
digital_events,2025-10-18,2025-10,10097,2025
digital_events,2025-10-19,2025-10,9056,2025
digital_events,2025-10-20,2025-10,11596,2025
digital_events,2025-10-21,2025-10,13175,2025
digital_events,2025-10-22,2025-10,13470,2025
digital_events,2025-10-23,2025-10,23865,2025
digital_events,2025-10-24,2025-10,14711,2025
digital_events,2025-10-25,2025-10,6249,2025
digital_events,2025-10-26,2025-10,7300,2025
digital_events,2025-10-27,2025-10,28410,2025
digital_events,2025-10-28,2025-10,16505,2025
digital_events,2025-10-29,2025-10,11250,2025
digital_events,2025-10-30,2025-10,22737,2025
digital_events,2025-10-31,2025-10,8985,2025
digital_events,2025-11-01,2025-11,12636,2025
digital_events,2025-11-02,2025-11,9197,2025
digital_events,2025-11-03,2025-11,10416,2025
digital_events,2025-11-04,2025-11,14565,2025
digital_events,2025-11-05,2025-11,10944,2025
digital_events,2025-11-06,2025-11,19255,2025
digital_events,2025-11-07,2025-11,12841,2025
digital_events,2025-11-08,2025-11,6900,2025
digital_events,2025-11-09,2025-11,16255,2025
digital_events,2025-11-10,2025-11,17690,2025
digital_events,2025-11-11,2025-11,11341,2025
digital_events,2025-11-12,2025-11,16611,2025
digital_events,2025-11-13,2025-11,29055,2025
digital_events,2025-11-14,2025-11,10608,2025
digital_events,2025-11-15,2025-11,6268,2025
digital_events,2025-11-16,2025-11,11484,2025
digital_events,2025-11-17,2025-11,10260,2025
digital_events,2025-11-18,2025-11,21680,2025
digital_events,2025-11-19,2025-11,14747,2025
digital_events,2025-11-20,2025-11,30987,2025
digital_events,2025-11-21,2025-11,29748,2025
digital_events,2025-11-22,2025-11,9842,2025
digital_events,2025-11-23,2025-11,11323,2025
digital_events,2025-11-24,2025-11,9849,2025
digital_events,2025-11-25,2025-11,11594,2025
digital_events,2025-11-26,2025-11,16784,2025
digital_events,2025-11-27,2025-11,10158,2025
digital_events,2025-11-28,2025-11,10511,2025
digital_events,2025-11-29,2025-11,7627,2025
digital_events,2025-11-30,2025-11,8046,2025
digital_events,2025-12-01,2025-12,8521,2025
digital_events,2025-12-02,2025-12,16373,2025
digital_events,2025-12-03,2025-12,9233,2025
digital_events,2025-12-04,2025-12,11536,2025
digital_events,2025-12-05,2025-12,22411,2025
digital_events,2025-12-06,2025-12,9345,2025
digital_events,2025-12-07,2025-12,8268,2025
digital_events,2025-12-08,2025-12,30203,2025
digital_events,2025-12-09,2025-12,8520,2025
digital_events,2025-12-10,2025-12,16875,2025
digital_events,2025-12-11,2025-12,30925,2025
digital_events,2025-12-12,2025-12,14580,2025
digital_events,2025-12-13,2025-12,6463,2025
digital_events,2025-12-14,2025-12,7973,2025
digital_events,2025-12-15,2025-12,30138,2025
digital_events,2025-12-16,2025-12,10240,2025
digital_events,2025-12-17,2025-12,14140,2025
digital_events,2025-12-18,2025-12,21382,2025
digital_events,2025-12-19,2025-12,12600,2025
digital_events,2025-12-20,2025-12,6974,2025
digital_events,2025-12-21,2025-12,10601,2025
digital_events,2025-12-22,2025-12,13896,2025
digital_events,2025-12-23,2025-12,11838,2025
digital_events,2025-12-24,2025-12,12113,2025
digital_events,2025-12-25,2025-12,22449,2025
digital_events,2025-12-26,2025-12,12772,2025
digital_events,2025-12-27,2025-12,7123,2025
digital_events,2025-12-28,2025-12,5598,2025
digital_events,2025-12-29,2025-12,11865,2025
digital_events,2025-12-30,2025-12,9995,2025
digital_events,2025-12-31,2025-12,10494,2025
digital_events,2026-01-01,2026-01,28142,2026
digital_events,2026-01-02,2026-01,17374,2026
digital_events,2026-01-03,2026-01,9010,2026
digital_events,2026-01-04,2026-01,12067,2026
digital_events,2026-01-05,2026-01,17235,2026
digital_events,2026-01-06,2026-01,19515,2026
digital_events,2026-01-07,2026-01,9796,2026
digital_events,2026-01-08,2026-01,15053,2026
digital_events,2026-01-09,2026-01,14329,2026
digital_events,2026-01-10,2026-01,16381,2026
digital_events,2026-01-11,2026-01,11049,2026
digital_events,2026-01-12,2026-01,29489,2026
digital_events,2026-01-13,2026-01,29236,2026
digital_events,2026-01-14,2026-01,11002,2026
digital_events,2026-01-15,2026-01,23172,2026
digital_events,2026-01-16,2026-01,11388,2026
digital_events,2026-01-17,2026-01,13660,2026
digital_events,2026-01-18,2026-01,6178,2026
digital_events,2026-01-19,2026-01,25558,2026
digital_events,2026-01-20,2026-01,25706,2026
digital_events,2026-01-21,2026-01,12263,2026
digital_events,2026-01-22,2026-01,9570,2026
digital_events,2026-01-23,2026-01,29873,2026
digital_events,2026-01-24,2026-01,7077,2026
digital_events,2026-01-25,2026-01,7527,2026
digital_events,2026-01-26,2026-01,19067,2026
digital_events,2026-01-27,2026-01,13611,2026
digital_events,2026-01-28,2026-01,18760,2026
digital_events,2026-01-29,2026-01,16374,2026
digital_events,2026-01-30,2026-01,27725,2026
digital_events,2026-01-31,2026-01,8207,2026
digital_events,2026-02-01,2026-02,12969,2026
digital_events,2026-02-02,2026-02,16915,2026
digital_events,2026-02-03,2026-02,21538,2026
digital_events,2026-02-04,2026-02,12595,2026
digital_events,2026-02-05,2026-02,13805,2026
digital_events,2026-02-06,2026-02,22413,2026
digital_events,2026-02-07,2026-02,8190,2026
digital_events,2026-02-08,2026-02,14313,2026
digital_events,2026-02-09,2026-02,12877,2026
digital_events,2026-02-10,2026-02,27409,2026
digital_events,2026-02-11,2026-02,27285,2026
digital_events,2026-02-12,2026-02,13414,2026
digital_events,2026-02-13,2026-02,13917,2026
digital_events,2026-02-14,2026-02,12657,2026
digital_events,2026-02-15,2026-02,10524,2026
digital_events,2026-02-16,2026-02,14666,2026
digital_events,2026-02-17,2026-02,11709,2026
digital_events,2026-02-18,2026-02,28321,2026
digital_events,2026-02-19,2026-02,17890,2026
digital_events,2026-02-20,2026-02,11535,2026
digital_events,2026-02-21,2026-02,7021,2026
digital_events,2026-02-22,2026-02,7703,2026
digital_events,2026-02-23,2026-02,9173,2026
digital_events,2026-02-24,2026-02,9779,2026
digital_events,2026-02-25,2026-02,12945,2026
digital_events,2026-02-26,2026-02,18473,2026
digital_events,2026-02-27,2026-02,16112,2026
digital_events,2026-02-28,2026-02,5463,2026
digital_events,2026-03-01,2026-03,10397,2026
digital_events,2026-03-02,2026-03,14102,2026
digital_events,2026-03-03,2026-03,15213,2026
digital_events,2026-03-04,2026-03,29331,2026
digital_events,2026-03-05,2026-03,20872,2026
digital_events,2026-03-06,2026-03,15616,2026
digital_events,2026-03-07,2026-03,5635,2026
digital_events,2026-03-08,2026-03,6793,2026
digital_events,2026-03-09,2026-03,22813,2026
digital_events,2026-03-10,2026-03,18719,2026
digital_events,2026-03-11,2026-03,24576,2026
digital_events,2026-03-12,2026-03,12110,2026
digital_events,2026-03-13,2026-03,14540,2026
digital_events,2026-03-14,2026-03,10343,2026
digital_events,2026-03-15,2026-03,21208,2026
digital_events,2026-03-16,2026-03,14886,2026
digital_events,2026-03-17,2026-03,13599,2026
digital_events,2026-03-18,2026-03,11424,2026
digital_events,2026-03-19,2026-03,8772,2026
digital_events,2026-03-20,2026-03,10620,2026
digital_events,2026-03-21,2026-03,15102,2026
digital_events,2026-03-22,2026-03,8712,2026
digital_events,2026-03-23,2026-03,14324,2026
digital_events,2026-03-24,2026-03,8902,2026
digital_events,2026-03-25,2026-03,10846,2026
digital_events,2026-03-26,2026-03,12076,2026
digital_events,2026-03-27,2026-03,14386,2026
digital_events,2026-03-28,2026-03,7190,2026
digital_events,2026-03-29,2026-03,8409,2026
digital_events,2026-03-30,2026-03,9584,2026
digital_events,2026-03-31,2026-03,22546,2026
digital_events,2026-04-01,2026-04,10202,2026
digital_events,2026-04-02,2026-04,16232,2026
digital_events,2026-04-03,2026-04,10104,2026
digital_events,2026-04-04,2026-04,6805,2026
digital_events,2026-04-05,2026-04,6486,2026
digital_events,2026-04-06,2026-04,18706,2026
digital_events,2026-04-07,2026-04,10356,2026
digital_events,2026-04-08,2026-04,22233,2026
digital_events,2026-04-09,2026-04,13088,2026
digital_events,2026-04-10,2026-04,22716,2026
digital_events,2026-04-11,2026-04,13205,2026
digital_events,2026-04-12,2026-04,10479,2026
digital_events,2026-04-13,2026-04,10287,2026
digital_events,2026-04-14,2026-04,29453,2026
digital_events,2026-04-15,2026-04,18660,2026
digital_events,2026-04-16,2026-04,14766,2026
digital_events,2026-04-17,2026-04,18387,2026
digital_events,2026-04-18,2026-04,12426,2026
digital_events,2026-04-19,2026-04,6989,2026
digital_events,2026-04-20,2026-04,15856,2026
digital_events,2026-04-21,2026-04,17679,2026
digital_events,2026-04-22,2026-04,14822,2026
digital_events,2026-04-23,2026-04,17837,2026
digital_events,2026-04-24,2026-04,15070,2026
digital_events,2026-04-25,2026-04,16111,2026
digital_events,2026-04-26,2026-04,9659,2026
digital_events,2026-04-27,2026-04,9326,2026
digital_events,2026-04-28,2026-04,12121,2026
digital_events,2026-04-29,2026-04,12230,2026
digital_events,2026-04-30,2026-04,12611,2026
digital_events,2026-05-01,2026-05,10215,2026
digital_events,2026-05-02,2026-05,20053,2026
digital_events,2026-05-03,2026-05,7999,2026
digital_events,2026-05-04,2026-05,11730,2026
digital_events,2026-05-05,2026-05,17746,2026
digital_events,2026-05-06,2026-05,30368,2026
digital_events,2026-05-07,2026-05,17944,2026
digital_events,2026-05-08,2026-05,13972,2026
digital_events,2026-05-09,2026-05,15487,2026
digital_events,2026-05-10,2026-05,7667,2026
digital_events,2026-05-11,2026-05,9097,2026
digital_events,2026-05-12,2026-05,11758,2026
digital_events,2026-05-13,2026-05,13739,2026
digital_events,2026-05-14,2026-05,11760,2026
digital_events,2026-05-15,2026-05,12930,2026
digital_events,2026-05-16,2026-05,15900,2026
digital_events,2026-05-17,2026-05,15409,2026
digital_events,2026-05-18,2026-05,23656,2026
digital_events,2026-05-19,2026-05,12795,2026
digital_events,2026-05-20,2026-05,9577,2026
digital_events,2026-05-21,2026-05,11627,2026
digital_events,2026-05-22,2026-05,13133,2026
digital_events,2026-05-23,2026-05,19812,2026
digital_events,2026-05-24,2026-05,6285,2026
digital_events,2026-05-25,2026-05,11146,2026
digital_events,2026-05-26,2026-05,13824,2026
digital_events,2026-05-27,2026-05,26071,2026
digital_events,2026-05-28,2026-05,9792,2026
digital_events,2026-05-29,2026-05,8578,2026
digital_events,2026-05-30,2026-05,6958,2026
digital_events,2026-05-31,2026-05,8221,2026
digital_events,2026-06-01,2026-06,10359,2026
digital_events,2026-06-02,2026-06,10181,2026
digital_events,2026-06-03,2026-06,19301,2026
digital_events,2026-06-04,2026-06,14033,2026
digital_events,2026-06-05,2026-06,10948,2026
digital_events,2026-06-06,2026-06,14021,2026
digital_events,2026-06-07,2026-06,10929,2026
digital_events,2026-06-08,2026-06,24740,2026
digital_events,2026-06-09,2026-06,9089,2026
digital_events,2026-06-10,2026-06,15674,2026
digital_events,2026-06-11,2026-06,29173,2026
digital_events,2026-06-12,2026-06,30094,2026
digital_events,2026-06-13,2026-06,5679,2026
digital_events,2026-06-14,2026-06,6451,2026
digital_events,2026-06-15,2026-06,20676,2026
digital_events,2026-06-16,2026-06,11809,2026
digital_events,2026-06-17,2026-06,8810,2026
marketing_campaigns,2023-08-11,2023-08,1,2023
marketing_campaigns,2023-08-16,2023-08,1,2023
marketing_campaigns,2023-08-18,2023-08,1,2023
marketing_campaigns,2023-09-12,2023-09,1,2023
marketing_campaigns,2023-09-20,2023-09,1,2023
marketing_campaigns,2023-10-04,2023-10,1,2023
marketing_campaigns,2023-10-07,2023-10,1,2023
marketing_campaigns,2023-10-24,2023-10,1,2023
marketing_campaigns,2023-10-26,2023-10,1,2023
marketing_campaigns,2023-10-31,2023-10,1,2023
marketing_campaigns,2023-11-07,2023-11,2,2023
marketing_campaigns,2023-11-10,2023-11,1,2023
marketing_campaigns,2023-11-11,2023-11,1,2023
marketing_campaigns,2023-11-12,2023-11,1,2023
marketing_campaigns,2023-11-14,2023-11,1,2023
marketing_campaigns,2023-11-21,2023-11,1,2023
marketing_campaigns,2023-11-26,2023-11,1,2023
marketing_campaigns,2023-12-01,2023-12,1,2023
marketing_campaigns,2023-12-06,2023-12,1,2023
marketing_campaigns,2023-12-10,2023-12,1,2023
marketing_campaigns,2023-12-16,2023-12,1,2023
marketing_campaigns,2023-12-24,2023-12,1,2023
marketing_campaigns,2023-12-29,2023-12,1,2023
marketing_campaigns,2024-01-13,2024-01,1,2024
marketing_campaigns,2024-01-15,2024-01,1,2024
marketing_campaigns,2024-01-25,2024-01,1,2024
marketing_campaigns,2024-01-30,2024-01,1,2024
marketing_campaigns,2024-02-03,2024-02,1,2024
marketing_campaigns,2024-02-10,2024-02,1,2024
marketing_campaigns,2024-02-13,2024-02,1,2024
marketing_campaigns,2024-02-17,2024-02,1,2024
marketing_campaigns,2024-02-21,2024-02,1,2024
marketing_campaigns,2024-02-22,2024-02,1,2024
marketing_campaigns,2024-02-29,2024-02,1,2024
marketing_campaigns,2024-03-07,2024-03,1,2024
marketing_campaigns,2024-03-10,2024-03,1,2024
marketing_campaigns,2024-03-16,2024-03,1,2024
marketing_campaigns,2024-03-18,2024-03,1,2024
marketing_campaigns,2024-03-27,2024-03,1,2024
marketing_campaigns,2024-04-03,2024-04,1,2024
marketing_campaigns,2024-04-19,2024-04,1,2024
marketing_campaigns,2024-04-23,2024-04,1,2024
marketing_campaigns,2024-04-27,2024-04,1,2024
marketing_campaigns,2024-05-03,2024-05,1,2024
marketing_campaigns,2024-05-11,2024-05,2,2024
marketing_campaigns,2024-05-12,2024-05,1,2024
marketing_campaigns,2024-05-20,2024-05,1,2024
marketing_campaigns,2024-05-22,2024-05,2,2024
marketing_campaigns,2024-06-15,2024-06,1,2024
marketing_campaigns,2024-06-18,2024-06,1,2024
marketing_campaigns,2024-06-26,2024-06,1,2024
marketing_campaigns,2024-06-27,2024-06,1,2024
marketing_campaigns,2024-07-06,2024-07,1,2024
marketing_campaigns,2024-07-09,2024-07,1,2024
marketing_campaigns,2024-07-17,2024-07,1,2024
marketing_campaigns,2024-07-22,2024-07,1,2024
marketing_campaigns,2024-07-31,2024-07,1,2024
marketing_campaigns,2024-08-26,2024-08,1,2024
marketing_campaigns,2024-09-03,2024-09,1,2024
marketing_campaigns,2024-09-17,2024-09,1,2024
marketing_campaigns,2024-09-18,2024-09,1,2024
marketing_campaigns,2024-09-22,2024-09,4,2024
marketing_campaigns,2024-09-24,2024-09,1,2024
marketing_campaigns,2024-10-02,2024-10,1,2024
marketing_campaigns,2024-10-03,2024-10,1,2024
marketing_campaigns,2024-10-09,2024-10,1,2024
marketing_campaigns,2024-11-05,2024-11,1,2024
marketing_campaigns,2024-11-07,2024-11,1,2024
marketing_campaigns,2024-11-08,2024-11,2,2024
marketing_campaigns,2024-11-11,2024-11,1,2024
marketing_campaigns,2024-11-19,2024-11,1,2024
marketing_campaigns,2024-11-20,2024-11,1,2024
marketing_campaigns,2024-11-21,2024-11,1,2024
marketing_campaigns,2024-11-22,2024-11,1,2024
marketing_campaigns,2024-11-23,2024-11,1,2024
marketing_campaigns,2024-11-24,2024-11,1,2024
marketing_campaigns,2024-11-30,2024-11,2,2024
marketing_campaigns,2024-12-02,2024-12,1,2024
marketing_campaigns,2024-12-04,2024-12,1,2024
marketing_campaigns,2024-12-15,2024-12,1,2024
marketing_campaigns,2024-12-23,2024-12,2,2024
marketing_campaigns,2024-12-24,2024-12,1,2024
marketing_campaigns,2024-12-27,2024-12,1,2024
marketing_campaigns,2024-12-28,2024-12,1,2024
marketing_campaigns,2024-12-31,2024-12,1,2024
marketing_campaigns,2025-01-12,2025-01,1,2025
marketing_campaigns,2025-01-20,2025-01,1,2025
marketing_campaigns,2025-01-28,2025-01,2,2025
marketing_campaigns,2025-01-30,2025-01,1,2025
marketing_campaigns,2025-02-09,2025-02,1,2025
marketing_campaigns,2025-02-12,2025-02,1,2025
marketing_campaigns,2025-02-15,2025-02,1,2025
marketing_campaigns,2025-02-17,2025-02,1,2025
marketing_campaigns,2025-02-19,2025-02,1,2025
marketing_campaigns,2025-02-27,2025-02,1,2025
marketing_campaigns,2025-03-03,2025-03,2,2025
marketing_campaigns,2025-03-09,2025-03,1,2025
marketing_campaigns,2025-03-16,2025-03,1,2025
marketing_campaigns,2025-03-18,2025-03,1,2025
marketing_campaigns,2025-03-20,2025-03,1,2025
marketing_campaigns,2025-04-07,2025-04,1,2025
marketing_campaigns,2025-04-12,2025-04,1,2025
marketing_campaigns,2025-04-15,2025-04,1,2025
marketing_campaigns,2025-04-26,2025-04,1,2025
marketing_campaigns,2025-05-01,2025-05,1,2025
marketing_campaigns,2025-05-15,2025-05,2,2025
marketing_campaigns,2025-06-04,2025-06,1,2025
marketing_campaigns,2025-06-05,2025-06,1,2025
marketing_campaigns,2025-07-02,2025-07,2,2025
marketing_campaigns,2025-07-08,2025-07,1,2025
marketing_campaigns,2025-07-11,2025-07,1,2025
marketing_campaigns,2025-07-16,2025-07,1,2025
marketing_campaigns,2025-08-01,2025-08,1,2025
marketing_campaigns,2025-08-02,2025-08,1,2025
marketing_campaigns,2025-08-08,2025-08,1,2025
marketing_campaigns,2025-08-21,2025-08,1,2025
marketing_campaigns,2025-08-25,2025-08,1,2025
marketing_campaigns,2025-08-28,2025-08,1,2025
marketing_campaigns,2025-09-09,2025-09,1,2025
marketing_campaigns,2025-09-20,2025-09,1,2025
marketing_campaigns,2025-09-24,2025-09,1,2025
marketing_campaigns,2025-09-29,2025-09,2,2025
marketing_campaigns,2025-10-16,2025-10,1,2025
marketing_campaigns,2025-10-19,2025-10,1,2025
marketing_campaigns,2025-10-23,2025-10,1,2025
marketing_campaigns,2025-10-26,2025-10,1,2025
marketing_campaigns,2025-10-30,2025-10,1,2025
marketing_campaigns,2025-11-03,2025-11,1,2025
marketing_campaigns,2025-11-04,2025-11,1,2025
marketing_campaigns,2025-11-13,2025-11,1,2025
marketing_campaigns,2025-11-22,2025-11,1,2025
marketing_campaigns,2025-12-03,2025-12,1,2025
marketing_campaigns,2025-12-16,2025-12,1,2025
marketing_campaigns,2025-12-21,2025-12,1,2025
marketing_campaigns,2026-01-02,2026-01,2,2026
marketing_campaigns,2026-01-09,2026-01,1,2026
marketing_campaigns,2026-01-10,2026-01,1,2026
marketing_campaigns,2026-01-15,2026-01,2,2026
marketing_campaigns,2026-01-16,2026-01,1,2026
marketing_campaigns,2026-01-24,2026-01,1,2026
marketing_campaigns,2026-01-31,2026-01,2,2026
marketing_campaigns,2026-02-01,2026-02,1,2026
marketing_campaigns,2026-02-12,2026-02,1,2026
marketing_campaigns,2026-02-13,2026-02,1,2026
marketing_campaigns,2026-02-14,2026-02,1,2026
marketing_campaigns,2026-02-20,2026-02,1,2026
marketing_campaigns,2026-03-08,2026-03,1,2026
marketing_campaigns,2026-03-18,2026-03,1,2026
marketing_campaigns,2026-03-20,2026-03,1,2026
marketing_campaigns,2026-03-23,2026-03,1,2026
marketing_campaigns,2026-03-24,2026-03,1,2026
marketing_campaigns,2026-03-27,2026-03,1,2026
marketing_campaigns,2026-03-31,2026-03,2,2026
marketing_campaigns,2026-04-02,2026-04,1,2026
marketing_campaigns,2026-04-04,2026-04,1,2026
marketing_campaigns,2026-04-07,2026-04,1,2026
marketing_campaigns,2026-04-12,2026-04,1,2026
marketing_campaigns,2026-04-13,2026-04,1,2026
marketing_campaigns,2026-04-15,2026-04,1,2026
marketing_campaigns,2026-04-19,2026-04,1,2026
marketing_campaigns,2026-04-22,2026-04,1,2026
marketing_campaigns,2026-04-28,2026-04,1,2026
marketing_campaigns,2026-05-02,2026-05,1,2026
marketing_campaigns,2026-05-04,2026-05,1,2026
marketing_campaigns,2026-05-06,2026-05,2,2026
marketing_campaigns,2026-05-09,2026-05,2,2026
marketing_campaigns,2026-05-11,2026-05,1,2026
marketing_campaigns,2026-05-20,2026-05,1,2026
marketing_campaigns,2026-05-23,2026-05,1,2026
marketing_campaigns,2026-05-31,2026-05,1,2026
marketing_campaigns,2026-06-02,2026-06,1,2026
marketing_campaigns,2026-06-07,2026-06,1,2026
marketing_campaigns,2026-07-07,2026-07,1,2026
marketing_campaigns,2026-07-09,2026-07,1,2026
marketing_campaigns,2026-07-14,2026-07,1,2026
marketing_campaigns,2026-07-20,2026-07,1,2026
marketing_campaigns,2026-07-25,2026-07,1,2026
marketing_campaigns,2026-07-30,2026-07,1,2026
marketing_campaigns,2026-08-06,2026-08,1,2026
marketing_campaigns,2026-08-20,2026-08,1,2026
products,2018-06-20,2018-06,1,2018
products,2018-06-21,2018-06,2,2018
products,2018-06-23,2018-06,1,2018
products,2018-06-24,2018-06,6,2018
products,2018-06-25,2018-06,5,2018
products,2018-06-26,2018-06,3,2018
products,2018-06-27,2018-06,3,2018
products,2018-06-28,2018-06,2,2018
products,2018-06-29,2018-06,7,2018
products,2018-06-30,2018-06,6,2018
products,2018-07-01,2018-07,8,2018
products,2018-07-02,2018-07,7,2018
products,2018-07-03,2018-07,8,2018
products,2018-07-04,2018-07,8,2018
products,2018-07-05,2018-07,7,2018
products,2018-07-06,2018-07,9,2018
products,2018-07-07,2018-07,6,2018
products,2018-07-08,2018-07,8,2018
products,2018-07-09,2018-07,8,2018
products,2018-07-10,2018-07,6,2018
products,2018-07-11,2018-07,8,2018
products,2018-07-12,2018-07,11,2018
products,2018-07-13,2018-07,15,2018
products,2018-07-14,2018-07,13,2018
products,2018-07-15,2018-07,5,2018
products,2018-07-16,2018-07,11,2018
products,2018-07-17,2018-07,15,2018
products,2018-07-18,2018-07,8,2018
products,2018-07-19,2018-07,6,2018
products,2018-07-20,2018-07,13,2018
products,2018-07-21,2018-07,11,2018
products,2018-07-22,2018-07,17,2018
products,2018-07-23,2018-07,10,2018
products,2018-07-24,2018-07,20,2018
products,2018-07-25,2018-07,13,2018
products,2018-07-26,2018-07,16,2018
products,2018-07-27,2018-07,18,2018
products,2018-07-28,2018-07,8,2018
products,2018-07-29,2018-07,16,2018
products,2018-07-30,2018-07,11,2018
products,2018-07-31,2018-07,14,2018
products,2018-08-01,2018-08,14,2018
products,2018-08-02,2018-08,21,2018
products,2018-08-03,2018-08,18,2018
products,2018-08-04,2018-08,18,2018
products,2018-08-05,2018-08,15,2018
products,2018-08-06,2018-08,22,2018
products,2018-08-07,2018-08,16,2018
products,2018-08-08,2018-08,9,2018
products,2018-08-09,2018-08,19,2018
products,2018-08-10,2018-08,24,2018
products,2018-08-11,2018-08,13,2018
products,2018-08-12,2018-08,22,2018
products,2018-08-13,2018-08,15,2018
products,2018-08-14,2018-08,19,2018
products,2018-08-15,2018-08,26,2018
products,2018-08-16,2018-08,18,2018
products,2018-08-17,2018-08,13,2018
products,2018-08-18,2018-08,20,2018
products,2018-08-19,2018-08,27,2018
products,2018-08-20,2018-08,29,2018
products,2018-08-21,2018-08,24,2018
products,2018-08-22,2018-08,27,2018
products,2018-08-23,2018-08,26,2018
products,2018-08-24,2018-08,23,2018
products,2018-08-25,2018-08,25,2018
products,2018-08-26,2018-08,21,2018
products,2018-08-27,2018-08,20,2018
products,2018-08-28,2018-08,35,2018
products,2018-08-29,2018-08,22,2018
products,2018-08-30,2018-08,30,2018
products,2018-08-31,2018-08,29,2018
products,2018-09-01,2018-09,22,2018
products,2018-09-02,2018-09,30,2018
products,2018-09-03,2018-09,19,2018
products,2018-09-04,2018-09,28,2018
products,2018-09-05,2018-09,16,2018
products,2018-09-06,2018-09,19,2018
products,2018-09-07,2018-09,26,2018
products,2018-09-08,2018-09,26,2018
products,2018-09-09,2018-09,32,2018
products,2018-09-10,2018-09,44,2018
products,2018-09-11,2018-09,31,2018
products,2018-09-12,2018-09,35,2018
products,2018-09-13,2018-09,28,2018
products,2018-09-14,2018-09,28,2018
products,2018-09-15,2018-09,26,2018
products,2018-09-16,2018-09,30,2018
products,2018-09-17,2018-09,29,2018
products,2018-09-18,2018-09,38,2018
products,2018-09-19,2018-09,38,2018
products,2018-09-20,2018-09,37,2018
products,2018-09-21,2018-09,38,2018
products,2018-09-22,2018-09,29,2018
products,2018-09-23,2018-09,40,2018
products,2018-09-24,2018-09,24,2018
products,2018-09-25,2018-09,35,2018
products,2018-09-26,2018-09,47,2018
products,2018-09-27,2018-09,45,2018
products,2018-09-28,2018-09,39,2018
products,2018-09-29,2018-09,42,2018
products,2018-09-30,2018-09,38,2018
products,2018-10-01,2018-10,32,2018
products,2018-10-02,2018-10,40,2018
products,2018-10-03,2018-10,44,2018
products,2018-10-04,2018-10,36,2018
products,2018-10-05,2018-10,38,2018
products,2018-10-06,2018-10,59,2018
products,2018-10-07,2018-10,35,2018
products,2018-10-08,2018-10,45,2018
products,2018-10-09,2018-10,34,2018
products,2018-10-10,2018-10,41,2018
products,2018-10-11,2018-10,42,2018
products,2018-10-12,2018-10,52,2018
products,2018-10-13,2018-10,55,2018
products,2018-10-14,2018-10,38,2018
products,2018-10-15,2018-10,48,2018
products,2018-10-16,2018-10,43,2018
products,2018-10-17,2018-10,45,2018
products,2018-10-18,2018-10,40,2018
products,2018-10-19,2018-10,51,2018
products,2018-10-20,2018-10,55,2018
products,2018-10-21,2018-10,46,2018
products,2018-10-22,2018-10,52,2018
products,2018-10-23,2018-10,49,2018
products,2018-10-24,2018-10,59,2018
products,2018-10-25,2018-10,51,2018
products,2018-10-26,2018-10,52,2018
products,2018-10-27,2018-10,40,2018
products,2018-10-28,2018-10,38,2018
products,2018-10-29,2018-10,54,2018
products,2018-10-30,2018-10,47,2018
products,2018-10-31,2018-10,57,2018
products,2018-11-01,2018-11,50,2018
products,2018-11-02,2018-11,46,2018
products,2018-11-03,2018-11,57,2018
products,2018-11-04,2018-11,48,2018
products,2018-11-05,2018-11,68,2018
products,2018-11-06,2018-11,53,2018
products,2018-11-07,2018-11,51,2018
products,2018-11-08,2018-11,56,2018
products,2018-11-09,2018-11,58,2018
products,2018-11-10,2018-11,42,2018
products,2018-11-11,2018-11,50,2018
products,2018-11-12,2018-11,55,2018
products,2018-11-13,2018-11,52,2018
products,2018-11-14,2018-11,62,2018
products,2018-11-15,2018-11,55,2018
products,2018-11-16,2018-11,60,2018
products,2018-11-17,2018-11,62,2018
products,2018-11-18,2018-11,56,2018
products,2018-11-19,2018-11,54,2018
products,2018-11-20,2018-11,61,2018
products,2018-11-21,2018-11,51,2018
products,2018-11-22,2018-11,69,2018
products,2018-11-23,2018-11,75,2018
products,2018-11-24,2018-11,62,2018
products,2018-11-25,2018-11,64,2018
products,2018-11-26,2018-11,57,2018
products,2018-11-27,2018-11,70,2018
products,2018-11-28,2018-11,60,2018
products,2018-11-29,2018-11,55,2018
products,2018-11-30,2018-11,62,2018
products,2018-12-01,2018-12,57,2018
products,2018-12-02,2018-12,56,2018
products,2018-12-03,2018-12,60,2018
products,2018-12-04,2018-12,72,2018
products,2018-12-05,2018-12,54,2018
products,2018-12-06,2018-12,70,2018
products,2018-12-07,2018-12,80,2018
products,2018-12-08,2018-12,68,2018
products,2018-12-09,2018-12,65,2018
products,2018-12-10,2018-12,62,2018
products,2018-12-11,2018-12,77,2018
products,2018-12-12,2018-12,74,2018
products,2018-12-13,2018-12,65,2018
products,2018-12-14,2018-12,76,2018
products,2018-12-15,2018-12,68,2018
products,2018-12-16,2018-12,66,2018
products,2018-12-17,2018-12,64,2018
products,2018-12-18,2018-12,63,2018
products,2018-12-19,2018-12,65,2018
products,2018-12-20,2018-12,52,2018
products,2018-12-21,2018-12,63,2018
products,2018-12-22,2018-12,70,2018
products,2018-12-23,2018-12,63,2018
products,2018-12-24,2018-12,86,2018
products,2018-12-25,2018-12,77,2018
products,2018-12-26,2018-12,61,2018
products,2018-12-27,2018-12,81,2018
products,2018-12-28,2018-12,67,2018
products,2018-12-29,2018-12,75,2018
products,2018-12-30,2018-12,81,2018
products,2018-12-31,2018-12,66,2018
products,2019-01-01,2019-01,55,2019
products,2019-01-02,2019-01,85,2019
products,2019-01-03,2019-01,60,2019
products,2019-01-04,2019-01,88,2019
products,2019-01-05,2019-01,89,2019
products,2019-01-06,2019-01,64,2019
products,2019-01-07,2019-01,71,2019
products,2019-01-08,2019-01,74,2019
products,2019-01-09,2019-01,77,2019
products,2019-01-10,2019-01,71,2019
products,2019-01-11,2019-01,84,2019
products,2019-01-12,2019-01,60,2019
products,2019-01-13,2019-01,81,2019
products,2019-01-14,2019-01,69,2019
products,2019-01-15,2019-01,83,2019
products,2019-01-16,2019-01,85,2019
products,2019-01-17,2019-01,84,2019
products,2019-01-18,2019-01,73,2019
products,2019-01-19,2019-01,92,2019
products,2019-01-20,2019-01,89,2019
products,2019-01-21,2019-01,76,2019
products,2019-01-22,2019-01,82,2019
products,2019-01-23,2019-01,80,2019
products,2019-01-24,2019-01,93,2019
products,2019-01-25,2019-01,85,2019
products,2019-01-26,2019-01,81,2019
products,2019-01-27,2019-01,79,2019
products,2019-01-28,2019-01,71,2019
products,2019-01-29,2019-01,97,2019
products,2019-01-30,2019-01,77,2019
products,2019-01-31,2019-01,96,2019
products,2019-02-01,2019-02,88,2019
products,2019-02-02,2019-02,86,2019
products,2019-02-03,2019-02,85,2019
products,2019-02-04,2019-02,81,2019
products,2019-02-05,2019-02,91,2019
products,2019-02-06,2019-02,87,2019
products,2019-02-07,2019-02,83,2019
products,2019-02-08,2019-02,81,2019
products,2019-02-09,2019-02,85,2019
products,2019-02-10,2019-02,86,2019
products,2019-02-11,2019-02,91,2019
products,2019-02-12,2019-02,94,2019
products,2019-02-13,2019-02,79,2019
products,2019-02-14,2019-02,87,2019
products,2019-02-15,2019-02,90,2019
products,2019-02-16,2019-02,82,2019
products,2019-02-17,2019-02,87,2019
products,2019-02-18,2019-02,87,2019
products,2019-02-19,2019-02,101,2019
products,2019-02-20,2019-02,74,2019
products,2019-02-21,2019-02,106,2019
products,2019-02-22,2019-02,104,2019
products,2019-02-23,2019-02,96,2019
products,2019-02-24,2019-02,104,2019
products,2019-02-25,2019-02,94,2019
products,2019-02-26,2019-02,97,2019
products,2019-02-27,2019-02,98,2019
products,2019-02-28,2019-02,87,2019
products,2019-03-01,2019-03,100,2019
products,2019-03-02,2019-03,108,2019
products,2019-03-03,2019-03,88,2019
products,2019-03-04,2019-03,96,2019
products,2019-03-05,2019-03,106,2019
products,2019-03-06,2019-03,96,2019
products,2019-03-07,2019-03,94,2019
products,2019-03-08,2019-03,102,2019
products,2019-03-09,2019-03,79,2019
products,2019-03-10,2019-03,86,2019
products,2019-03-11,2019-03,98,2019
products,2019-03-12,2019-03,92,2019
products,2019-03-13,2019-03,109,2019
products,2019-03-14,2019-03,119,2019
products,2019-03-15,2019-03,89,2019
products,2019-03-16,2019-03,89,2019
products,2019-03-17,2019-03,87,2019
products,2019-03-18,2019-03,95,2019
products,2019-03-19,2019-03,92,2019
products,2019-03-20,2019-03,114,2019
products,2019-03-21,2019-03,112,2019
products,2019-03-22,2019-03,95,2019
products,2019-03-23,2019-03,111,2019
products,2019-03-24,2019-03,105,2019
products,2019-03-25,2019-03,108,2019
products,2019-03-26,2019-03,119,2019
products,2019-03-27,2019-03,102,2019
products,2019-03-28,2019-03,118,2019
products,2019-03-29,2019-03,98,2019
products,2019-03-30,2019-03,104,2019
products,2019-03-31,2019-03,105,2019
products,2019-04-01,2019-04,129,2019
products,2019-04-02,2019-04,100,2019
products,2019-04-03,2019-04,98,2019
products,2019-04-04,2019-04,122,2019
products,2019-04-05,2019-04,108,2019
products,2019-04-06,2019-04,95,2019
products,2019-04-07,2019-04,116,2019
products,2019-04-08,2019-04,105,2019
products,2019-04-09,2019-04,115,2019
products,2019-04-10,2019-04,123,2019
products,2019-04-11,2019-04,90,2019
products,2019-04-12,2019-04,108,2019
products,2019-04-13,2019-04,111,2019
products,2019-04-14,2019-04,117,2019
products,2019-04-15,2019-04,108,2019
products,2019-04-16,2019-04,104,2019
products,2019-04-17,2019-04,102,2019
products,2019-04-18,2019-04,124,2019
products,2019-04-19,2019-04,105,2019
products,2019-04-20,2019-04,110,2019
products,2019-04-21,2019-04,123,2019
products,2019-04-22,2019-04,110,2019
products,2019-04-23,2019-04,105,2019
products,2019-04-24,2019-04,109,2019
products,2019-04-25,2019-04,129,2019
products,2019-04-26,2019-04,109,2019
products,2019-04-27,2019-04,89,2019
products,2019-04-28,2019-04,150,2019
products,2019-04-29,2019-04,130,2019
products,2019-04-30,2019-04,145,2019
products,2019-05-01,2019-05,119,2019
products,2019-05-02,2019-05,121,2019
products,2019-05-03,2019-05,106,2019
products,2019-05-04,2019-05,113,2019
products,2019-05-05,2019-05,119,2019
products,2019-05-06,2019-05,142,2019
products,2019-05-07,2019-05,128,2019
products,2019-05-08,2019-05,107,2019
products,2019-05-09,2019-05,145,2019
products,2019-05-10,2019-05,137,2019
products,2019-05-11,2019-05,127,2019
products,2019-05-12,2019-05,120,2019
products,2019-05-13,2019-05,114,2019
products,2019-05-14,2019-05,131,2019
products,2019-05-15,2019-05,113,2019
products,2019-05-16,2019-05,129,2019
products,2019-05-17,2019-05,114,2019
products,2019-05-18,2019-05,142,2019
products,2019-05-19,2019-05,130,2019
products,2019-05-20,2019-05,121,2019
products,2019-05-21,2019-05,140,2019
products,2019-05-22,2019-05,143,2019
products,2019-05-23,2019-05,118,2019
products,2019-05-24,2019-05,119,2019
products,2019-05-25,2019-05,123,2019
products,2019-05-26,2019-05,123,2019
products,2019-05-27,2019-05,139,2019
products,2019-05-28,2019-05,116,2019
products,2019-05-29,2019-05,115,2019
products,2019-05-30,2019-05,111,2019
products,2019-05-31,2019-05,126,2019
products,2019-06-01,2019-06,145,2019
products,2019-06-02,2019-06,144,2019
products,2019-06-03,2019-06,124,2019
products,2019-06-04,2019-06,121,2019
products,2019-06-05,2019-06,129,2019
products,2019-06-06,2019-06,125,2019
products,2019-06-07,2019-06,121,2019
products,2019-06-08,2019-06,111,2019
products,2019-06-09,2019-06,130,2019
products,2019-06-10,2019-06,144,2019
products,2019-06-11,2019-06,161,2019
products,2019-06-12,2019-06,130,2019
products,2019-06-13,2019-06,134,2019
products,2019-06-14,2019-06,174,2019
products,2019-06-15,2019-06,141,2019
products,2019-06-16,2019-06,133,2019
products,2019-06-17,2019-06,134,2019
products,2019-06-18,2019-06,125,2019
products,2019-06-19,2019-06,128,2019
products,2019-06-20,2019-06,141,2019
products,2019-06-21,2019-06,136,2019
products,2019-06-22,2019-06,133,2019
products,2019-06-23,2019-06,122,2019
products,2019-06-24,2019-06,133,2019
products,2019-06-25,2019-06,123,2019
products,2019-06-26,2019-06,146,2019
products,2019-06-27,2019-06,139,2019
products,2019-06-28,2019-06,153,2019
products,2019-06-29,2019-06,148,2019
products,2019-06-30,2019-06,156,2019
products,2019-07-01,2019-07,137,2019
products,2019-07-02,2019-07,140,2019
products,2019-07-03,2019-07,122,2019
products,2019-07-04,2019-07,117,2019
products,2019-07-05,2019-07,130,2019
products,2019-07-06,2019-07,147,2019
products,2019-07-07,2019-07,125,2019
products,2019-07-08,2019-07,151,2019
products,2019-07-09,2019-07,135,2019
products,2019-07-10,2019-07,133,2019
products,2019-07-11,2019-07,146,2019
products,2019-07-12,2019-07,151,2019
products,2019-07-13,2019-07,150,2019
products,2019-07-14,2019-07,159,2019
products,2019-07-15,2019-07,162,2019
products,2019-07-16,2019-07,122,2019
products,2019-07-17,2019-07,122,2019
products,2019-07-18,2019-07,135,2019
products,2019-07-19,2019-07,139,2019
products,2019-07-20,2019-07,133,2019
products,2019-07-21,2019-07,145,2019
products,2019-07-22,2019-07,133,2019
products,2019-07-23,2019-07,136,2019
products,2019-07-24,2019-07,151,2019
products,2019-07-25,2019-07,131,2019
products,2019-07-26,2019-07,133,2019
products,2019-07-27,2019-07,115,2019
products,2019-07-28,2019-07,146,2019
products,2019-07-29,2019-07,123,2019
products,2019-07-30,2019-07,129,2019
products,2019-07-31,2019-07,140,2019
products,2019-08-01,2019-08,138,2019
products,2019-08-02,2019-08,131,2019
products,2019-08-03,2019-08,129,2019
products,2019-08-04,2019-08,147,2019
products,2019-08-05,2019-08,133,2019
products,2019-08-06,2019-08,123,2019
products,2019-08-07,2019-08,131,2019
products,2019-08-08,2019-08,151,2019
products,2019-08-09,2019-08,150,2019
products,2019-08-10,2019-08,133,2019
products,2019-08-11,2019-08,136,2019
products,2019-08-12,2019-08,152,2019
products,2019-08-13,2019-08,137,2019
products,2019-08-14,2019-08,141,2019
products,2019-08-15,2019-08,141,2019
products,2019-08-16,2019-08,142,2019
products,2019-08-17,2019-08,126,2019
products,2019-08-18,2019-08,137,2019
products,2019-08-19,2019-08,151,2019
products,2019-08-20,2019-08,143,2019
products,2019-08-21,2019-08,134,2019
products,2019-08-22,2019-08,143,2019
products,2019-08-23,2019-08,125,2019
products,2019-08-24,2019-08,119,2019
products,2019-08-25,2019-08,135,2019
products,2019-08-26,2019-08,143,2019
products,2019-08-27,2019-08,99,2019
products,2019-08-28,2019-08,134,2019
products,2019-08-29,2019-08,153,2019
products,2019-08-30,2019-08,143,2019
products,2019-08-31,2019-08,135,2019
products,2019-09-01,2019-09,133,2019
products,2019-09-02,2019-09,144,2019
products,2019-09-03,2019-09,123,2019
products,2019-09-04,2019-09,134,2019
products,2019-09-05,2019-09,125,2019
products,2019-09-06,2019-09,159,2019
products,2019-09-07,2019-09,142,2019
products,2019-09-08,2019-09,145,2019
products,2019-09-09,2019-09,117,2019
products,2019-09-10,2019-09,129,2019
products,2019-09-11,2019-09,133,2019
products,2019-09-12,2019-09,132,2019
products,2019-09-13,2019-09,138,2019
products,2019-09-14,2019-09,137,2019
products,2019-09-15,2019-09,153,2019
products,2019-09-16,2019-09,133,2019
products,2019-09-17,2019-09,132,2019
products,2019-09-18,2019-09,143,2019
products,2019-09-19,2019-09,143,2019
products,2019-09-20,2019-09,145,2019
products,2019-09-21,2019-09,158,2019
products,2019-09-22,2019-09,163,2019
products,2019-09-23,2019-09,151,2019
products,2019-09-24,2019-09,126,2019
products,2019-09-25,2019-09,108,2019
products,2019-09-26,2019-09,143,2019
products,2019-09-27,2019-09,147,2019
products,2019-09-28,2019-09,120,2019
products,2019-09-29,2019-09,127,2019
products,2019-09-30,2019-09,144,2019
products,2019-10-01,2019-10,139,2019
products,2019-10-02,2019-10,146,2019
products,2019-10-03,2019-10,140,2019
products,2019-10-04,2019-10,137,2019
products,2019-10-05,2019-10,138,2019
products,2019-10-06,2019-10,159,2019
products,2019-10-07,2019-10,127,2019
products,2019-10-08,2019-10,124,2019
products,2019-10-09,2019-10,136,2019
products,2019-10-10,2019-10,126,2019
products,2019-10-11,2019-10,130,2019
products,2019-10-12,2019-10,159,2019
products,2019-10-13,2019-10,121,2019
products,2019-10-14,2019-10,123,2019
products,2019-10-15,2019-10,132,2019
products,2019-10-16,2019-10,136,2019
products,2019-10-17,2019-10,139,2019
products,2019-10-18,2019-10,128,2019
products,2019-10-19,2019-10,135,2019
products,2019-10-20,2019-10,127,2019
products,2019-10-21,2019-10,137,2019
products,2019-10-22,2019-10,150,2019
products,2019-10-23,2019-10,131,2019
products,2019-10-24,2019-10,136,2019
products,2019-10-25,2019-10,143,2019
products,2019-10-26,2019-10,146,2019
products,2019-10-27,2019-10,148,2019
products,2019-10-28,2019-10,149,2019
products,2019-10-29,2019-10,134,2019
products,2019-10-30,2019-10,146,2019
products,2019-10-31,2019-10,154,2019
products,2019-11-01,2019-11,168,2019
products,2019-11-02,2019-11,141,2019
products,2019-11-03,2019-11,151,2019
products,2019-11-04,2019-11,134,2019
products,2019-11-05,2019-11,127,2019
products,2019-11-06,2019-11,127,2019
products,2019-11-07,2019-11,133,2019
products,2019-11-08,2019-11,141,2019
products,2019-11-09,2019-11,142,2019
products,2019-11-10,2019-11,130,2019
products,2019-11-11,2019-11,142,2019
products,2019-11-12,2019-11,128,2019
products,2019-11-13,2019-11,149,2019
products,2019-11-14,2019-11,131,2019
products,2019-11-15,2019-11,143,2019
products,2019-11-16,2019-11,114,2019
products,2019-11-17,2019-11,145,2019
products,2019-11-18,2019-11,114,2019
products,2019-11-19,2019-11,119,2019
products,2019-11-20,2019-11,130,2019
products,2019-11-21,2019-11,122,2019
products,2019-11-22,2019-11,148,2019
products,2019-11-23,2019-11,141,2019
products,2019-11-24,2019-11,132,2019
products,2019-11-25,2019-11,142,2019
products,2019-11-26,2019-11,155,2019
products,2019-11-27,2019-11,139,2019
products,2019-11-28,2019-11,168,2019
products,2019-11-29,2019-11,137,2019
products,2019-11-30,2019-11,133,2019
products,2019-12-01,2019-12,137,2019
products,2019-12-02,2019-12,139,2019
products,2019-12-03,2019-12,126,2019
products,2019-12-04,2019-12,164,2019
products,2019-12-05,2019-12,157,2019
products,2019-12-06,2019-12,141,2019
products,2019-12-07,2019-12,136,2019
products,2019-12-08,2019-12,144,2019
products,2019-12-09,2019-12,144,2019
products,2019-12-10,2019-12,121,2019
products,2019-12-11,2019-12,142,2019
products,2019-12-12,2019-12,153,2019
products,2019-12-13,2019-12,117,2019
products,2019-12-14,2019-12,145,2019
products,2019-12-15,2019-12,142,2019
products,2019-12-16,2019-12,157,2019
products,2019-12-17,2019-12,119,2019
products,2019-12-18,2019-12,147,2019
products,2019-12-19,2019-12,128,2019
products,2019-12-20,2019-12,141,2019
products,2019-12-21,2019-12,129,2019
products,2019-12-22,2019-12,153,2019
products,2019-12-23,2019-12,129,2019
products,2019-12-24,2019-12,109,2019
products,2019-12-25,2019-12,140,2019
products,2019-12-26,2019-12,120,2019
products,2019-12-27,2019-12,117,2019
products,2019-12-28,2019-12,134,2019
products,2019-12-29,2019-12,139,2019
products,2019-12-30,2019-12,145,2019
products,2019-12-31,2019-12,131,2019
products,2020-01-01,2020-01,140,2020
products,2020-01-02,2020-01,130,2020
products,2020-01-03,2020-01,129,2020
products,2020-01-04,2020-01,142,2020
products,2020-01-05,2020-01,151,2020
products,2020-01-06,2020-01,154,2020
products,2020-01-07,2020-01,144,2020
products,2020-01-08,2020-01,153,2020
products,2020-01-09,2020-01,128,2020
products,2020-01-10,2020-01,123,2020
products,2020-01-11,2020-01,140,2020
products,2020-01-12,2020-01,160,2020
products,2020-01-13,2020-01,127,2020
products,2020-01-14,2020-01,126,2020
products,2020-01-15,2020-01,158,2020
products,2020-01-16,2020-01,137,2020
products,2020-01-17,2020-01,134,2020
products,2020-01-18,2020-01,141,2020
products,2020-01-19,2020-01,118,2020
products,2020-01-20,2020-01,155,2020
products,2020-01-21,2020-01,136,2020
products,2020-01-22,2020-01,133,2020
products,2020-01-23,2020-01,135,2020
products,2020-01-24,2020-01,145,2020
products,2020-01-25,2020-01,113,2020
products,2020-01-26,2020-01,130,2020
products,2020-01-27,2020-01,148,2020
products,2020-01-28,2020-01,159,2020
products,2020-01-29,2020-01,137,2020
products,2020-01-30,2020-01,151,2020
products,2020-01-31,2020-01,148,2020
products,2020-02-01,2020-02,138,2020
products,2020-02-02,2020-02,139,2020
products,2020-02-03,2020-02,122,2020
products,2020-02-04,2020-02,140,2020
products,2020-02-05,2020-02,131,2020
products,2020-02-06,2020-02,135,2020
products,2020-02-07,2020-02,161,2020
products,2020-02-08,2020-02,129,2020
products,2020-02-09,2020-02,137,2020
products,2020-02-10,2020-02,152,2020
products,2020-02-11,2020-02,142,2020
products,2020-02-12,2020-02,142,2020
products,2020-02-13,2020-02,143,2020
products,2020-02-14,2020-02,138,2020
products,2020-02-15,2020-02,133,2020
products,2020-02-16,2020-02,132,2020
products,2020-02-17,2020-02,145,2020
products,2020-02-18,2020-02,157,2020
products,2020-02-19,2020-02,129,2020
products,2020-02-20,2020-02,147,2020
products,2020-02-21,2020-02,136,2020
products,2020-02-22,2020-02,160,2020
products,2020-02-23,2020-02,126,2020
products,2020-02-24,2020-02,141,2020
products,2020-02-25,2020-02,122,2020
products,2020-02-26,2020-02,135,2020
products,2020-02-27,2020-02,127,2020
products,2020-02-28,2020-02,140,2020
products,2020-02-29,2020-02,122,2020
products,2020-03-01,2020-03,128,2020
products,2020-03-02,2020-03,153,2020
products,2020-03-03,2020-03,126,2020
products,2020-03-04,2020-03,140,2020
products,2020-03-05,2020-03,130,2020
products,2020-03-06,2020-03,145,2020
products,2020-03-07,2020-03,118,2020
products,2020-03-08,2020-03,134,2020
products,2020-03-09,2020-03,134,2020
products,2020-03-10,2020-03,117,2020
products,2020-03-11,2020-03,144,2020
products,2020-03-12,2020-03,133,2020
products,2020-03-13,2020-03,115,2020
products,2020-03-14,2020-03,129,2020
products,2020-03-15,2020-03,134,2020
products,2020-03-16,2020-03,128,2020
products,2020-03-17,2020-03,149,2020
products,2020-03-18,2020-03,128,2020
products,2020-03-19,2020-03,143,2020
products,2020-03-20,2020-03,143,2020
products,2020-03-21,2020-03,116,2020
products,2020-03-22,2020-03,117,2020
products,2020-03-23,2020-03,141,2020
products,2020-03-24,2020-03,141,2020
products,2020-03-25,2020-03,153,2020
products,2020-03-26,2020-03,144,2020
products,2020-03-27,2020-03,132,2020
products,2020-03-28,2020-03,137,2020
products,2020-03-29,2020-03,146,2020
products,2020-03-30,2020-03,138,2020
products,2020-03-31,2020-03,121,2020
products,2020-04-01,2020-04,120,2020
products,2020-04-02,2020-04,148,2020
products,2020-04-03,2020-04,126,2020
products,2020-04-04,2020-04,135,2020
products,2020-04-05,2020-04,129,2020
products,2020-04-06,2020-04,133,2020
products,2020-04-07,2020-04,160,2020
products,2020-04-08,2020-04,119,2020
products,2020-04-09,2020-04,126,2020
products,2020-04-10,2020-04,123,2020
products,2020-04-11,2020-04,129,2020
products,2020-04-12,2020-04,148,2020
products,2020-04-13,2020-04,132,2020
products,2020-04-14,2020-04,136,2020
products,2020-04-15,2020-04,135,2020
products,2020-04-16,2020-04,169,2020
products,2020-04-17,2020-04,136,2020
products,2020-04-18,2020-04,127,2020
products,2020-04-19,2020-04,135,2020
products,2020-04-20,2020-04,149,2020
products,2020-04-21,2020-04,153,2020
products,2020-04-22,2020-04,152,2020
products,2020-04-23,2020-04,130,2020
products,2020-04-24,2020-04,140,2020
products,2020-04-25,2020-04,144,2020
products,2020-04-26,2020-04,134,2020
products,2020-04-27,2020-04,126,2020
products,2020-04-28,2020-04,141,2020
products,2020-04-29,2020-04,104,2020
products,2020-04-30,2020-04,131,2020
products,2020-05-01,2020-05,144,2020
products,2020-05-02,2020-05,124,2020
products,2020-05-03,2020-05,154,2020
products,2020-05-04,2020-05,150,2020
products,2020-05-05,2020-05,159,2020
products,2020-05-06,2020-05,129,2020
products,2020-05-07,2020-05,136,2020
products,2020-05-08,2020-05,129,2020
products,2020-05-09,2020-05,125,2020
products,2020-05-10,2020-05,136,2020
products,2020-05-11,2020-05,131,2020
products,2020-05-12,2020-05,156,2020
products,2020-05-13,2020-05,142,2020
products,2020-05-14,2020-05,132,2020
products,2020-05-15,2020-05,132,2020
products,2020-05-16,2020-05,127,2020
products,2020-05-17,2020-05,142,2020
products,2020-05-18,2020-05,136,2020
products,2020-05-19,2020-05,136,2020
products,2020-05-20,2020-05,119,2020
products,2020-05-21,2020-05,126,2020
products,2020-05-22,2020-05,119,2020
products,2020-05-23,2020-05,125,2020
products,2020-05-24,2020-05,141,2020
products,2020-05-25,2020-05,133,2020
products,2020-05-26,2020-05,143,2020
products,2020-05-27,2020-05,127,2020
products,2020-05-28,2020-05,140,2020
products,2020-05-29,2020-05,147,2020
products,2020-05-30,2020-05,125,2020
products,2020-05-31,2020-05,134,2020
products,2020-06-01,2020-06,141,2020
products,2020-06-02,2020-06,150,2020
products,2020-06-03,2020-06,137,2020
products,2020-06-04,2020-06,141,2020
products,2020-06-05,2020-06,135,2020
products,2020-06-06,2020-06,133,2020
products,2020-06-07,2020-06,148,2020
products,2020-06-08,2020-06,154,2020
products,2020-06-09,2020-06,132,2020
products,2020-06-10,2020-06,128,2020
products,2020-06-11,2020-06,154,2020
products,2020-06-12,2020-06,144,2020
products,2020-06-13,2020-06,129,2020
products,2020-06-14,2020-06,145,2020
products,2020-06-15,2020-06,130,2020
products,2020-06-16,2020-06,138,2020
products,2020-06-17,2020-06,115,2020
products,2020-06-18,2020-06,148,2020
products,2020-06-19,2020-06,139,2020
products,2020-06-20,2020-06,151,2020
products,2020-06-21,2020-06,147,2020
products,2020-06-22,2020-06,126,2020
products,2020-06-23,2020-06,125,2020
products,2020-06-24,2020-06,134,2020
products,2020-06-25,2020-06,147,2020
products,2020-06-26,2020-06,142,2020
products,2020-06-27,2020-06,121,2020
products,2020-06-28,2020-06,116,2020
products,2020-06-29,2020-06,139,2020
products,2020-06-30,2020-06,142,2020
products,2020-07-01,2020-07,130,2020
products,2020-07-02,2020-07,133,2020
products,2020-07-03,2020-07,136,2020
products,2020-07-04,2020-07,119,2020
products,2020-07-05,2020-07,137,2020
products,2020-07-06,2020-07,138,2020
products,2020-07-07,2020-07,125,2020
products,2020-07-08,2020-07,102,2020
products,2020-07-09,2020-07,139,2020
products,2020-07-10,2020-07,132,2020
products,2020-07-11,2020-07,163,2020
products,2020-07-12,2020-07,132,2020
products,2020-07-13,2020-07,131,2020
products,2020-07-14,2020-07,135,2020
products,2020-07-15,2020-07,123,2020
products,2020-07-16,2020-07,139,2020
products,2020-07-17,2020-07,144,2020
products,2020-07-18,2020-07,128,2020
products,2020-07-19,2020-07,145,2020
products,2020-07-20,2020-07,162,2020
products,2020-07-21,2020-07,124,2020
products,2020-07-22,2020-07,107,2020
products,2020-07-23,2020-07,132,2020
products,2020-07-24,2020-07,142,2020
products,2020-07-25,2020-07,145,2020
products,2020-07-26,2020-07,137,2020
products,2020-07-27,2020-07,152,2020
products,2020-07-28,2020-07,118,2020
products,2020-07-29,2020-07,125,2020
products,2020-07-30,2020-07,124,2020
products,2020-07-31,2020-07,159,2020
products,2020-08-01,2020-08,150,2020
products,2020-08-02,2020-08,150,2020
products,2020-08-03,2020-08,136,2020
products,2020-08-04,2020-08,131,2020
products,2020-08-05,2020-08,138,2020
products,2020-08-06,2020-08,150,2020
products,2020-08-07,2020-08,141,2020
products,2020-08-08,2020-08,169,2020
products,2020-08-09,2020-08,137,2020
products,2020-08-10,2020-08,128,2020
products,2020-08-11,2020-08,140,2020
products,2020-08-12,2020-08,156,2020
products,2020-08-13,2020-08,133,2020
products,2020-08-14,2020-08,145,2020
products,2020-08-15,2020-08,156,2020
products,2020-08-16,2020-08,141,2020
products,2020-08-17,2020-08,147,2020
products,2020-08-18,2020-08,126,2020
products,2020-08-19,2020-08,137,2020
products,2020-08-20,2020-08,126,2020
products,2020-08-21,2020-08,143,2020
products,2020-08-22,2020-08,134,2020
products,2020-08-23,2020-08,126,2020
products,2020-08-24,2020-08,148,2020
products,2020-08-25,2020-08,152,2020
products,2020-08-26,2020-08,133,2020
products,2020-08-27,2020-08,146,2020
products,2020-08-28,2020-08,147,2020
products,2020-08-29,2020-08,137,2020
products,2020-08-30,2020-08,155,2020
products,2020-08-31,2020-08,145,2020
products,2020-09-01,2020-09,134,2020
products,2020-09-02,2020-09,125,2020
products,2020-09-03,2020-09,138,2020
products,2020-09-04,2020-09,145,2020
products,2020-09-05,2020-09,122,2020
products,2020-09-06,2020-09,155,2020
products,2020-09-07,2020-09,151,2020
products,2020-09-08,2020-09,131,2020
products,2020-09-09,2020-09,141,2020
products,2020-09-10,2020-09,139,2020
products,2020-09-11,2020-09,125,2020
products,2020-09-12,2020-09,136,2020
products,2020-09-13,2020-09,133,2020
products,2020-09-14,2020-09,144,2020
products,2020-09-15,2020-09,127,2020
products,2020-09-16,2020-09,133,2020
products,2020-09-17,2020-09,144,2020
products,2020-09-18,2020-09,156,2020
products,2020-09-19,2020-09,139,2020
products,2020-09-20,2020-09,160,2020
products,2020-09-21,2020-09,156,2020
products,2020-09-22,2020-09,127,2020
products,2020-09-23,2020-09,124,2020
products,2020-09-24,2020-09,140,2020
products,2020-09-25,2020-09,147,2020
products,2020-09-26,2020-09,125,2020
products,2020-09-27,2020-09,151,2020
products,2020-09-28,2020-09,134,2020
products,2020-09-29,2020-09,149,2020
products,2020-09-30,2020-09,128,2020
products,2020-10-01,2020-10,118,2020
products,2020-10-02,2020-10,145,2020
products,2020-10-03,2020-10,143,2020
products,2020-10-04,2020-10,140,2020
products,2020-10-05,2020-10,133,2020
products,2020-10-06,2020-10,145,2020
products,2020-10-07,2020-10,118,2020
products,2020-10-08,2020-10,137,2020
products,2020-10-09,2020-10,143,2020
products,2020-10-10,2020-10,128,2020
products,2020-10-11,2020-10,132,2020
products,2020-10-12,2020-10,127,2020
products,2020-10-13,2020-10,152,2020
products,2020-10-14,2020-10,153,2020
products,2020-10-15,2020-10,141,2020
products,2020-10-16,2020-10,131,2020
products,2020-10-17,2020-10,136,2020
products,2020-10-18,2020-10,141,2020
products,2020-10-19,2020-10,118,2020
products,2020-10-20,2020-10,133,2020
products,2020-10-21,2020-10,139,2020
products,2020-10-22,2020-10,128,2020
products,2020-10-23,2020-10,145,2020
products,2020-10-24,2020-10,150,2020
products,2020-10-25,2020-10,156,2020
products,2020-10-26,2020-10,113,2020
products,2020-10-27,2020-10,126,2020
products,2020-10-28,2020-10,133,2020
products,2020-10-29,2020-10,145,2020
products,2020-10-30,2020-10,156,2020
products,2020-10-31,2020-10,143,2020
products,2020-11-01,2020-11,151,2020
products,2020-11-02,2020-11,161,2020
products,2020-11-03,2020-11,127,2020
products,2020-11-04,2020-11,154,2020
products,2020-11-05,2020-11,134,2020
products,2020-11-06,2020-11,120,2020
products,2020-11-07,2020-11,137,2020
products,2020-11-08,2020-11,148,2020
products,2020-11-09,2020-11,127,2020
products,2020-11-10,2020-11,132,2020
products,2020-11-11,2020-11,135,2020
products,2020-11-12,2020-11,143,2020
products,2020-11-13,2020-11,130,2020
products,2020-11-14,2020-11,154,2020
products,2020-11-15,2020-11,121,2020
products,2020-11-16,2020-11,134,2020
products,2020-11-17,2020-11,135,2020
products,2020-11-18,2020-11,151,2020
products,2020-11-19,2020-11,130,2020
products,2020-11-20,2020-11,129,2020
products,2020-11-21,2020-11,155,2020
products,2020-11-22,2020-11,143,2020
products,2020-11-23,2020-11,135,2020
products,2020-11-24,2020-11,135,2020
products,2020-11-25,2020-11,125,2020
products,2020-11-26,2020-11,131,2020
products,2020-11-27,2020-11,128,2020
products,2020-11-28,2020-11,140,2020
products,2020-11-29,2020-11,149,2020
products,2020-11-30,2020-11,132,2020
products,2020-12-01,2020-12,140,2020
products,2020-12-02,2020-12,155,2020
products,2020-12-03,2020-12,146,2020
products,2020-12-04,2020-12,143,2020
products,2020-12-05,2020-12,133,2020
products,2020-12-06,2020-12,150,2020
products,2020-12-07,2020-12,150,2020
products,2020-12-08,2020-12,135,2020
products,2020-12-09,2020-12,144,2020
products,2020-12-10,2020-12,156,2020
products,2020-12-11,2020-12,146,2020
products,2020-12-12,2020-12,134,2020
products,2020-12-13,2020-12,136,2020
products,2020-12-14,2020-12,144,2020
products,2020-12-15,2020-12,126,2020
products,2020-12-16,2020-12,152,2020
products,2020-12-17,2020-12,134,2020
products,2020-12-18,2020-12,148,2020
products,2020-12-19,2020-12,129,2020
products,2020-12-20,2020-12,139,2020
products,2020-12-21,2020-12,121,2020
products,2020-12-22,2020-12,124,2020
products,2020-12-23,2020-12,151,2020
products,2020-12-24,2020-12,129,2020
products,2020-12-25,2020-12,117,2020
products,2020-12-26,2020-12,148,2020
products,2020-12-27,2020-12,128,2020
products,2020-12-28,2020-12,174,2020
products,2020-12-29,2020-12,150,2020
products,2020-12-30,2020-12,144,2020
products,2020-12-31,2020-12,122,2020
products,2021-01-01,2021-01,123,2021
products,2021-01-02,2021-01,150,2021
products,2021-01-03,2021-01,131,2021
products,2021-01-04,2021-01,136,2021
products,2021-01-05,2021-01,136,2021
products,2021-01-06,2021-01,143,2021
products,2021-01-07,2021-01,150,2021
products,2021-01-08,2021-01,116,2021
products,2021-01-09,2021-01,131,2021
products,2021-01-10,2021-01,141,2021
products,2021-01-11,2021-01,133,2021
products,2021-01-12,2021-01,138,2021
products,2021-01-13,2021-01,126,2021
products,2021-01-14,2021-01,130,2021
products,2021-01-15,2021-01,141,2021
products,2021-01-16,2021-01,136,2021
products,2021-01-17,2021-01,165,2021
products,2021-01-18,2021-01,126,2021
products,2021-01-19,2021-01,135,2021
products,2021-01-20,2021-01,138,2021
products,2021-01-21,2021-01,131,2021
products,2021-01-22,2021-01,132,2021
products,2021-01-23,2021-01,115,2021
products,2021-01-24,2021-01,133,2021
products,2021-01-25,2021-01,138,2021
products,2021-01-26,2021-01,122,2021
products,2021-01-27,2021-01,130,2021
products,2021-01-28,2021-01,152,2021
products,2021-01-29,2021-01,137,2021
products,2021-01-30,2021-01,139,2021
products,2021-01-31,2021-01,155,2021
products,2021-02-01,2021-02,140,2021
products,2021-02-02,2021-02,123,2021
products,2021-02-03,2021-02,155,2021
products,2021-02-04,2021-02,125,2021
products,2021-02-05,2021-02,119,2021
products,2021-02-06,2021-02,130,2021
products,2021-02-07,2021-02,125,2021
products,2021-02-08,2021-02,154,2021
products,2021-02-09,2021-02,127,2021
products,2021-02-10,2021-02,110,2021
products,2021-02-11,2021-02,116,2021
products,2021-02-12,2021-02,146,2021
products,2021-02-13,2021-02,152,2021
products,2021-02-14,2021-02,139,2021
products,2021-02-15,2021-02,142,2021
products,2021-02-16,2021-02,174,2021
products,2021-02-17,2021-02,131,2021
products,2021-02-18,2021-02,134,2021
products,2021-02-19,2021-02,127,2021
products,2021-02-20,2021-02,132,2021
products,2021-02-21,2021-02,139,2021
products,2021-02-22,2021-02,128,2021
products,2021-02-23,2021-02,131,2021
products,2021-02-24,2021-02,118,2021
products,2021-02-25,2021-02,135,2021
products,2021-02-26,2021-02,145,2021
products,2021-02-27,2021-02,128,2021
products,2021-02-28,2021-02,116,2021
products,2021-03-01,2021-03,136,2021
products,2021-03-02,2021-03,116,2021
products,2021-03-03,2021-03,128,2021
products,2021-03-04,2021-03,125,2021
products,2021-03-05,2021-03,120,2021
products,2021-03-06,2021-03,149,2021
products,2021-03-07,2021-03,153,2021
products,2021-03-08,2021-03,142,2021
products,2021-03-09,2021-03,135,2021
products,2021-03-10,2021-03,146,2021
products,2021-03-11,2021-03,139,2021
products,2021-03-12,2021-03,132,2021
products,2021-03-13,2021-03,128,2021
products,2021-03-14,2021-03,135,2021
products,2021-03-15,2021-03,126,2021
products,2021-03-16,2021-03,127,2021
products,2021-03-17,2021-03,138,2021
products,2021-03-18,2021-03,140,2021
products,2021-03-19,2021-03,164,2021
products,2021-03-20,2021-03,122,2021
products,2021-03-21,2021-03,138,2021
products,2021-03-22,2021-03,136,2021
products,2021-03-23,2021-03,143,2021
products,2021-03-24,2021-03,120,2021
products,2021-03-25,2021-03,141,2021
products,2021-03-26,2021-03,148,2021
products,2021-03-27,2021-03,124,2021
products,2021-03-28,2021-03,122,2021
products,2021-03-29,2021-03,131,2021
products,2021-03-30,2021-03,142,2021
products,2021-03-31,2021-03,143,2021
products,2021-04-01,2021-04,113,2021
products,2021-04-02,2021-04,133,2021
products,2021-04-03,2021-04,149,2021
products,2021-04-04,2021-04,129,2021
products,2021-04-05,2021-04,127,2021
products,2021-04-06,2021-04,132,2021
products,2021-04-07,2021-04,127,2021
products,2021-04-08,2021-04,125,2021
products,2021-04-09,2021-04,148,2021
products,2021-04-10,2021-04,130,2021
products,2021-04-11,2021-04,146,2021
products,2021-04-12,2021-04,134,2021
products,2021-04-13,2021-04,151,2021
products,2021-04-14,2021-04,166,2021
products,2021-04-15,2021-04,133,2021
products,2021-04-16,2021-04,150,2021
products,2021-04-17,2021-04,108,2021
products,2021-04-18,2021-04,144,2021
products,2021-04-19,2021-04,123,2021
products,2021-04-20,2021-04,131,2021
products,2021-04-21,2021-04,134,2021
products,2021-04-22,2021-04,122,2021
products,2021-04-23,2021-04,121,2021
products,2021-04-24,2021-04,162,2021
products,2021-04-25,2021-04,155,2021
products,2021-04-26,2021-04,136,2021
products,2021-04-27,2021-04,121,2021
products,2021-04-28,2021-04,131,2021
products,2021-04-29,2021-04,136,2021
products,2021-04-30,2021-04,141,2021
products,2021-05-01,2021-05,129,2021
products,2021-05-02,2021-05,128,2021
products,2021-05-03,2021-05,125,2021
products,2021-05-04,2021-05,110,2021
products,2021-05-05,2021-05,144,2021
products,2021-05-06,2021-05,149,2021
products,2021-05-07,2021-05,151,2021
products,2021-05-08,2021-05,131,2021
products,2021-05-09,2021-05,128,2021
products,2021-05-10,2021-05,130,2021
products,2021-05-11,2021-05,145,2021
products,2021-05-12,2021-05,145,2021
products,2021-05-13,2021-05,131,2021
products,2021-05-14,2021-05,137,2021
products,2021-05-15,2021-05,131,2021
products,2021-05-16,2021-05,135,2021
products,2021-05-17,2021-05,135,2021
products,2021-05-18,2021-05,141,2021
products,2021-05-19,2021-05,144,2021
products,2021-05-20,2021-05,137,2021
products,2021-05-21,2021-05,125,2021
products,2021-05-22,2021-05,124,2021
products,2021-05-23,2021-05,153,2021
products,2021-05-24,2021-05,124,2021
products,2021-05-25,2021-05,121,2021
products,2021-05-26,2021-05,136,2021
products,2021-05-27,2021-05,140,2021
products,2021-05-28,2021-05,134,2021
products,2021-05-29,2021-05,133,2021
products,2021-05-30,2021-05,124,2021
products,2021-05-31,2021-05,134,2021
products,2021-06-01,2021-06,152,2021
products,2021-06-02,2021-06,149,2021
products,2021-06-03,2021-06,132,2021
products,2021-06-04,2021-06,142,2021
products,2021-06-05,2021-06,128,2021
products,2021-06-06,2021-06,127,2021
products,2021-06-07,2021-06,113,2021
products,2021-06-08,2021-06,116,2021
products,2021-06-09,2021-06,135,2021
products,2021-06-10,2021-06,130,2021
products,2021-06-11,2021-06,140,2021
products,2021-06-12,2021-06,123,2021
products,2021-06-13,2021-06,123,2021
products,2021-06-14,2021-06,126,2021
products,2021-06-15,2021-06,136,2021
products,2021-06-16,2021-06,138,2021
products,2021-06-17,2021-06,141,2021
products,2021-06-18,2021-06,141,2021
products,2021-06-19,2021-06,124,2021
products,2021-06-20,2021-06,121,2021
products,2021-06-21,2021-06,111,2021
products,2021-06-22,2021-06,115,2021
products,2021-06-23,2021-06,144,2021
products,2021-06-24,2021-06,131,2021
products,2021-06-25,2021-06,153,2021
products,2021-06-26,2021-06,126,2021
products,2021-06-27,2021-06,147,2021
products,2021-06-28,2021-06,152,2021
products,2021-06-29,2021-06,137,2021
products,2021-06-30,2021-06,139,2021
products,2021-07-01,2021-07,128,2021
products,2021-07-02,2021-07,127,2021
products,2021-07-03,2021-07,133,2021
products,2021-07-04,2021-07,142,2021
products,2021-07-05,2021-07,135,2021
products,2021-07-06,2021-07,113,2021
products,2021-07-07,2021-07,137,2021
products,2021-07-08,2021-07,124,2021
products,2021-07-09,2021-07,156,2021
products,2021-07-10,2021-07,145,2021
products,2021-07-11,2021-07,154,2021
products,2021-07-12,2021-07,133,2021
products,2021-07-13,2021-07,157,2021
products,2021-07-14,2021-07,137,2021
products,2021-07-15,2021-07,152,2021
products,2021-07-16,2021-07,149,2021
products,2021-07-17,2021-07,153,2021
products,2021-07-18,2021-07,133,2021
products,2021-07-19,2021-07,122,2021
products,2021-07-20,2021-07,145,2021
products,2021-07-21,2021-07,141,2021
products,2021-07-22,2021-07,140,2021
products,2021-07-23,2021-07,132,2021
products,2021-07-24,2021-07,136,2021
products,2021-07-25,2021-07,124,2021
products,2021-07-26,2021-07,128,2021
products,2021-07-27,2021-07,141,2021
products,2021-07-28,2021-07,131,2021
products,2021-07-29,2021-07,140,2021
products,2021-07-30,2021-07,129,2021
products,2021-07-31,2021-07,123,2021
products,2021-08-01,2021-08,161,2021
products,2021-08-02,2021-08,110,2021
products,2021-08-03,2021-08,136,2021
products,2021-08-04,2021-08,142,2021
products,2021-08-05,2021-08,130,2021
products,2021-08-06,2021-08,137,2021
products,2021-08-07,2021-08,138,2021
products,2021-08-08,2021-08,135,2021
products,2021-08-09,2021-08,132,2021
products,2021-08-10,2021-08,116,2021
products,2021-08-11,2021-08,150,2021
products,2021-08-12,2021-08,152,2021
products,2021-08-13,2021-08,135,2021
products,2021-08-14,2021-08,127,2021
products,2021-08-15,2021-08,140,2021
products,2021-08-16,2021-08,135,2021
products,2021-08-17,2021-08,146,2021
products,2021-08-18,2021-08,133,2021
products,2021-08-19,2021-08,131,2021
products,2021-08-20,2021-08,141,2021
products,2021-08-21,2021-08,139,2021
products,2021-08-22,2021-08,138,2021
products,2021-08-23,2021-08,117,2021
products,2021-08-24,2021-08,168,2021
products,2021-08-25,2021-08,139,2021
products,2021-08-26,2021-08,137,2021
products,2021-08-27,2021-08,153,2021
products,2021-08-28,2021-08,130,2021
products,2021-08-29,2021-08,152,2021
products,2021-08-30,2021-08,135,2021
products,2021-08-31,2021-08,118,2021
products,2021-09-01,2021-09,132,2021
products,2021-09-02,2021-09,127,2021
products,2021-09-03,2021-09,143,2021
products,2021-09-04,2021-09,126,2021
products,2021-09-05,2021-09,127,2021
products,2021-09-06,2021-09,119,2021
products,2021-09-07,2021-09,137,2021
products,2021-09-08,2021-09,163,2021
products,2021-09-09,2021-09,144,2021
products,2021-09-10,2021-09,138,2021
products,2021-09-11,2021-09,113,2021
products,2021-09-12,2021-09,137,2021
products,2021-09-13,2021-09,134,2021
products,2021-09-14,2021-09,135,2021
products,2021-09-15,2021-09,114,2021
products,2021-09-16,2021-09,166,2021
products,2021-09-17,2021-09,153,2021
products,2021-09-18,2021-09,141,2021
products,2021-09-19,2021-09,156,2021
products,2021-09-20,2021-09,129,2021
products,2021-09-21,2021-09,129,2021
products,2021-09-22,2021-09,143,2021
products,2021-09-23,2021-09,135,2021
products,2021-09-24,2021-09,161,2021
products,2021-09-25,2021-09,143,2021
products,2021-09-26,2021-09,149,2021
products,2021-09-27,2021-09,127,2021
products,2021-09-28,2021-09,143,2021
products,2021-09-29,2021-09,147,2021
products,2021-09-30,2021-09,156,2021
products,2021-10-01,2021-10,126,2021
products,2021-10-02,2021-10,121,2021
products,2021-10-03,2021-10,111,2021
products,2021-10-04,2021-10,169,2021
products,2021-10-05,2021-10,139,2021
products,2021-10-06,2021-10,130,2021
products,2021-10-07,2021-10,117,2021
products,2021-10-08,2021-10,133,2021
products,2021-10-09,2021-10,139,2021
products,2021-10-10,2021-10,122,2021
products,2021-10-11,2021-10,159,2021
products,2021-10-12,2021-10,136,2021
products,2021-10-13,2021-10,150,2021
products,2021-10-14,2021-10,136,2021
products,2021-10-15,2021-10,128,2021
products,2021-10-16,2021-10,151,2021
products,2021-10-17,2021-10,126,2021
products,2021-10-18,2021-10,126,2021
products,2021-10-19,2021-10,149,2021
products,2021-10-20,2021-10,130,2021
products,2021-10-21,2021-10,151,2021
products,2021-10-22,2021-10,138,2021
products,2021-10-23,2021-10,152,2021
products,2021-10-24,2021-10,148,2021
products,2021-10-25,2021-10,143,2021
products,2021-10-26,2021-10,139,2021
products,2021-10-27,2021-10,135,2021
products,2021-10-28,2021-10,133,2021
products,2021-10-29,2021-10,163,2021
products,2021-10-30,2021-10,119,2021
products,2021-10-31,2021-10,127,2021
products,2021-11-01,2021-11,129,2021
products,2021-11-02,2021-11,126,2021
products,2021-11-03,2021-11,161,2021
products,2021-11-04,2021-11,145,2021
products,2021-11-05,2021-11,119,2021
products,2021-11-06,2021-11,139,2021
products,2021-11-07,2021-11,164,2021
products,2021-11-08,2021-11,121,2021
products,2021-11-09,2021-11,143,2021
products,2021-11-10,2021-11,157,2021
products,2021-11-11,2021-11,125,2021
products,2021-11-12,2021-11,139,2021
products,2021-11-13,2021-11,128,2021
products,2021-11-14,2021-11,147,2021
products,2021-11-15,2021-11,160,2021
products,2021-11-16,2021-11,132,2021
products,2021-11-17,2021-11,144,2021
products,2021-11-18,2021-11,139,2021
products,2021-11-19,2021-11,156,2021
products,2021-11-20,2021-11,146,2021
products,2021-11-21,2021-11,129,2021
products,2021-11-22,2021-11,127,2021
products,2021-11-23,2021-11,148,2021
products,2021-11-24,2021-11,142,2021
products,2021-11-25,2021-11,139,2021
products,2021-11-26,2021-11,145,2021
products,2021-11-27,2021-11,128,2021
products,2021-11-28,2021-11,119,2021
products,2021-11-29,2021-11,141,2021
products,2021-11-30,2021-11,130,2021
products,2021-12-01,2021-12,142,2021
products,2021-12-02,2021-12,140,2021
products,2021-12-03,2021-12,130,2021
products,2021-12-04,2021-12,132,2021
products,2021-12-05,2021-12,128,2021
products,2021-12-06,2021-12,133,2021
products,2021-12-07,2021-12,127,2021
products,2021-12-08,2021-12,147,2021
products,2021-12-09,2021-12,147,2021
products,2021-12-10,2021-12,137,2021
products,2021-12-11,2021-12,144,2021
products,2021-12-12,2021-12,131,2021
products,2021-12-13,2021-12,141,2021
products,2021-12-14,2021-12,147,2021
products,2021-12-15,2021-12,143,2021
products,2021-12-16,2021-12,152,2021
products,2021-12-17,2021-12,115,2021
products,2021-12-18,2021-12,127,2021
products,2021-12-19,2021-12,125,2021
products,2021-12-20,2021-12,137,2021
products,2021-12-21,2021-12,151,2021
products,2021-12-22,2021-12,132,2021
products,2021-12-23,2021-12,137,2021
products,2021-12-24,2021-12,124,2021
products,2021-12-25,2021-12,141,2021
products,2021-12-26,2021-12,140,2021
products,2021-12-27,2021-12,139,2021
products,2021-12-28,2021-12,125,2021
products,2021-12-29,2021-12,114,2021
products,2021-12-30,2021-12,143,2021
products,2021-12-31,2021-12,144,2021
products,2022-01-01,2022-01,131,2022
products,2022-01-02,2022-01,147,2022
products,2022-01-03,2022-01,153,2022
products,2022-01-04,2022-01,135,2022
products,2022-01-05,2022-01,151,2022
products,2022-01-06,2022-01,130,2022
products,2022-01-07,2022-01,136,2022
products,2022-01-08,2022-01,116,2022
products,2022-01-09,2022-01,145,2022
products,2022-01-10,2022-01,162,2022
products,2022-01-11,2022-01,133,2022
products,2022-01-12,2022-01,118,2022
products,2022-01-13,2022-01,151,2022
products,2022-01-14,2022-01,136,2022
products,2022-01-15,2022-01,146,2022
products,2022-01-16,2022-01,144,2022
products,2022-01-17,2022-01,140,2022
products,2022-01-18,2022-01,135,2022
products,2022-01-19,2022-01,161,2022
products,2022-01-20,2022-01,132,2022
products,2022-01-21,2022-01,135,2022
products,2022-01-22,2022-01,114,2022
products,2022-01-23,2022-01,133,2022
products,2022-01-24,2022-01,149,2022
products,2022-01-25,2022-01,147,2022
products,2022-01-26,2022-01,134,2022
products,2022-01-27,2022-01,146,2022
products,2022-01-28,2022-01,142,2022
products,2022-01-29,2022-01,121,2022
products,2022-01-30,2022-01,145,2022
products,2022-01-31,2022-01,137,2022
products,2022-02-01,2022-02,130,2022
products,2022-02-02,2022-02,147,2022
products,2022-02-03,2022-02,150,2022
products,2022-02-04,2022-02,130,2022
products,2022-02-05,2022-02,154,2022
products,2022-02-06,2022-02,147,2022
products,2022-02-07,2022-02,143,2022
products,2022-02-08,2022-02,147,2022
products,2022-02-09,2022-02,122,2022
products,2022-02-10,2022-02,133,2022
products,2022-02-11,2022-02,116,2022
products,2022-02-12,2022-02,147,2022
products,2022-02-13,2022-02,134,2022
products,2022-02-14,2022-02,133,2022
products,2022-02-15,2022-02,141,2022
products,2022-02-16,2022-02,139,2022
products,2022-02-17,2022-02,123,2022
products,2022-02-18,2022-02,140,2022
products,2022-02-19,2022-02,142,2022
products,2022-02-20,2022-02,140,2022
products,2022-02-21,2022-02,145,2022
products,2022-02-22,2022-02,144,2022
products,2022-02-23,2022-02,144,2022
products,2022-02-24,2022-02,128,2022
products,2022-02-25,2022-02,139,2022
products,2022-02-26,2022-02,125,2022
products,2022-02-27,2022-02,144,2022
products,2022-02-28,2022-02,132,2022
products,2022-03-01,2022-03,137,2022
products,2022-03-02,2022-03,152,2022
products,2022-03-03,2022-03,129,2022
products,2022-03-04,2022-03,136,2022
products,2022-03-05,2022-03,133,2022
products,2022-03-06,2022-03,138,2022
products,2022-03-07,2022-03,132,2022
products,2022-03-08,2022-03,142,2022
products,2022-03-09,2022-03,141,2022
products,2022-03-10,2022-03,144,2022
products,2022-03-11,2022-03,126,2022
products,2022-03-12,2022-03,158,2022
products,2022-03-13,2022-03,133,2022
products,2022-03-14,2022-03,147,2022
products,2022-03-15,2022-03,147,2022
products,2022-03-16,2022-03,136,2022
products,2022-03-17,2022-03,134,2022
products,2022-03-18,2022-03,143,2022
products,2022-03-19,2022-03,154,2022
products,2022-03-20,2022-03,146,2022
products,2022-03-21,2022-03,166,2022
products,2022-03-22,2022-03,143,2022
products,2022-03-23,2022-03,143,2022
products,2022-03-24,2022-03,123,2022
products,2022-03-25,2022-03,137,2022
products,2022-03-26,2022-03,144,2022
products,2022-03-27,2022-03,159,2022
products,2022-03-28,2022-03,110,2022
products,2022-03-29,2022-03,133,2022
products,2022-03-30,2022-03,141,2022
products,2022-03-31,2022-03,137,2022
products,2022-04-01,2022-04,124,2022
products,2022-04-02,2022-04,135,2022
products,2022-04-03,2022-04,132,2022
products,2022-04-04,2022-04,141,2022
products,2022-04-05,2022-04,141,2022
products,2022-04-06,2022-04,139,2022
products,2022-04-07,2022-04,130,2022
products,2022-04-08,2022-04,140,2022
products,2022-04-09,2022-04,134,2022
products,2022-04-10,2022-04,124,2022
products,2022-04-11,2022-04,138,2022
products,2022-04-12,2022-04,150,2022
products,2022-04-13,2022-04,136,2022
products,2022-04-14,2022-04,128,2022
products,2022-04-15,2022-04,113,2022
products,2022-04-16,2022-04,138,2022
products,2022-04-17,2022-04,121,2022
products,2022-04-18,2022-04,140,2022
products,2022-04-19,2022-04,143,2022
products,2022-04-20,2022-04,139,2022
products,2022-04-21,2022-04,170,2022
products,2022-04-22,2022-04,117,2022
products,2022-04-23,2022-04,130,2022
products,2022-04-24,2022-04,128,2022
products,2022-04-25,2022-04,145,2022
products,2022-04-26,2022-04,133,2022
products,2022-04-27,2022-04,136,2022
products,2022-04-28,2022-04,152,2022
products,2022-04-29,2022-04,121,2022
products,2022-04-30,2022-04,156,2022
products,2022-05-01,2022-05,147,2022
products,2022-05-02,2022-05,161,2022
products,2022-05-03,2022-05,140,2022
products,2022-05-04,2022-05,127,2022
products,2022-05-05,2022-05,124,2022
products,2022-05-06,2022-05,127,2022
products,2022-05-07,2022-05,139,2022
products,2022-05-08,2022-05,137,2022
products,2022-05-09,2022-05,121,2022
products,2022-05-10,2022-05,142,2022
products,2022-05-11,2022-05,150,2022
products,2022-05-12,2022-05,135,2022
products,2022-05-13,2022-05,139,2022
products,2022-05-14,2022-05,132,2022
products,2022-05-15,2022-05,137,2022
products,2022-05-16,2022-05,129,2022
products,2022-05-17,2022-05,117,2022
products,2022-05-18,2022-05,116,2022
products,2022-05-19,2022-05,131,2022
products,2022-05-20,2022-05,135,2022
products,2022-05-21,2022-05,147,2022
products,2022-05-22,2022-05,148,2022
products,2022-05-23,2022-05,138,2022
products,2022-05-24,2022-05,127,2022
products,2022-05-25,2022-05,148,2022
products,2022-05-26,2022-05,128,2022
products,2022-05-27,2022-05,136,2022
products,2022-05-28,2022-05,132,2022
products,2022-05-29,2022-05,133,2022
products,2022-05-30,2022-05,130,2022
products,2022-05-31,2022-05,130,2022
products,2022-06-01,2022-06,141,2022
products,2022-06-02,2022-06,120,2022
products,2022-06-03,2022-06,138,2022
products,2022-06-04,2022-06,133,2022
products,2022-06-05,2022-06,139,2022
products,2022-06-06,2022-06,146,2022
products,2022-06-07,2022-06,109,2022
products,2022-06-08,2022-06,131,2022
products,2022-06-09,2022-06,142,2022
products,2022-06-10,2022-06,127,2022
products,2022-06-11,2022-06,138,2022
products,2022-06-12,2022-06,135,2022
products,2022-06-13,2022-06,146,2022
products,2022-06-14,2022-06,132,2022
products,2022-06-15,2022-06,129,2022
products,2022-06-16,2022-06,121,2022
products,2022-06-17,2022-06,134,2022
products,2022-06-18,2022-06,142,2022
products,2022-06-19,2022-06,123,2022
products,2022-06-20,2022-06,138,2022
products,2022-06-21,2022-06,135,2022
products,2022-06-22,2022-06,153,2022
products,2022-06-23,2022-06,146,2022
products,2022-06-24,2022-06,145,2022
products,2022-06-25,2022-06,122,2022
products,2022-06-26,2022-06,142,2022
products,2022-06-27,2022-06,140,2022
products,2022-06-28,2022-06,131,2022
products,2022-06-29,2022-06,150,2022
products,2022-06-30,2022-06,139,2022
products,2022-07-01,2022-07,127,2022
products,2022-07-02,2022-07,134,2022
products,2022-07-03,2022-07,151,2022
products,2022-07-04,2022-07,125,2022
products,2022-07-05,2022-07,129,2022
products,2022-07-06,2022-07,127,2022
products,2022-07-07,2022-07,131,2022
products,2022-07-08,2022-07,155,2022
products,2022-07-09,2022-07,136,2022
products,2022-07-10,2022-07,132,2022
products,2022-07-11,2022-07,114,2022
products,2022-07-12,2022-07,147,2022
products,2022-07-13,2022-07,137,2022
products,2022-07-14,2022-07,116,2022
products,2022-07-15,2022-07,141,2022
products,2022-07-16,2022-07,104,2022
products,2022-07-17,2022-07,139,2022
products,2022-07-18,2022-07,138,2022
products,2022-07-19,2022-07,146,2022
products,2022-07-20,2022-07,142,2022
products,2022-07-21,2022-07,122,2022
products,2022-07-22,2022-07,142,2022
products,2022-07-23,2022-07,127,2022
products,2022-07-24,2022-07,151,2022
products,2022-07-25,2022-07,153,2022
products,2022-07-26,2022-07,120,2022
products,2022-07-27,2022-07,139,2022
products,2022-07-28,2022-07,126,2022
products,2022-07-29,2022-07,151,2022
products,2022-07-30,2022-07,158,2022
products,2022-07-31,2022-07,146,2022
products,2022-08-01,2022-08,140,2022
products,2022-08-02,2022-08,123,2022
products,2022-08-03,2022-08,158,2022
products,2022-08-04,2022-08,132,2022
products,2022-08-05,2022-08,152,2022
products,2022-08-06,2022-08,124,2022
products,2022-08-07,2022-08,140,2022
products,2022-08-08,2022-08,123,2022
products,2022-08-09,2022-08,151,2022
products,2022-08-10,2022-08,150,2022
products,2022-08-11,2022-08,143,2022
products,2022-08-12,2022-08,128,2022
products,2022-08-13,2022-08,132,2022
products,2022-08-14,2022-08,150,2022
products,2022-08-15,2022-08,134,2022
products,2022-08-16,2022-08,136,2022
products,2022-08-17,2022-08,141,2022
products,2022-08-18,2022-08,158,2022
products,2022-08-19,2022-08,133,2022
products,2022-08-20,2022-08,117,2022
products,2022-08-21,2022-08,148,2022
products,2022-08-22,2022-08,109,2022
products,2022-08-23,2022-08,141,2022
products,2022-08-24,2022-08,146,2022
products,2022-08-25,2022-08,133,2022
products,2022-08-26,2022-08,141,2022
products,2022-08-27,2022-08,137,2022
products,2022-08-28,2022-08,166,2022
products,2022-08-29,2022-08,118,2022
products,2022-08-30,2022-08,145,2022
products,2022-08-31,2022-08,143,2022
products,2022-09-01,2022-09,117,2022
products,2022-09-02,2022-09,145,2022
products,2022-09-03,2022-09,155,2022
products,2022-09-04,2022-09,118,2022
products,2022-09-05,2022-09,121,2022
products,2022-09-06,2022-09,115,2022
products,2022-09-07,2022-09,122,2022
products,2022-09-08,2022-09,149,2022
products,2022-09-09,2022-09,143,2022
products,2022-09-10,2022-09,158,2022
products,2022-09-11,2022-09,126,2022
products,2022-09-12,2022-09,125,2022
products,2022-09-13,2022-09,135,2022
products,2022-09-14,2022-09,145,2022
products,2022-09-15,2022-09,132,2022
products,2022-09-16,2022-09,150,2022
products,2022-09-17,2022-09,155,2022
products,2022-09-18,2022-09,123,2022
products,2022-09-19,2022-09,121,2022
products,2022-09-20,2022-09,126,2022
products,2022-09-21,2022-09,124,2022
products,2022-09-22,2022-09,129,2022
products,2022-09-23,2022-09,131,2022
products,2022-09-24,2022-09,143,2022
products,2022-09-25,2022-09,131,2022
products,2022-09-26,2022-09,138,2022
products,2022-09-27,2022-09,160,2022
products,2022-09-28,2022-09,134,2022
products,2022-09-29,2022-09,142,2022
products,2022-09-30,2022-09,135,2022
products,2022-10-01,2022-10,137,2022
products,2022-10-02,2022-10,128,2022
products,2022-10-03,2022-10,124,2022
products,2022-10-04,2022-10,139,2022
products,2022-10-05,2022-10,136,2022
products,2022-10-06,2022-10,135,2022
products,2022-10-07,2022-10,131,2022
products,2022-10-08,2022-10,140,2022
products,2022-10-09,2022-10,123,2022
products,2022-10-10,2022-10,124,2022
products,2022-10-11,2022-10,116,2022
products,2022-10-12,2022-10,139,2022
products,2022-10-13,2022-10,127,2022
products,2022-10-14,2022-10,142,2022
products,2022-10-15,2022-10,129,2022
products,2022-10-16,2022-10,117,2022
products,2022-10-17,2022-10,137,2022
products,2022-10-18,2022-10,147,2022
products,2022-10-19,2022-10,125,2022
products,2022-10-20,2022-10,147,2022
products,2022-10-21,2022-10,156,2022
products,2022-10-22,2022-10,150,2022
products,2022-10-23,2022-10,152,2022
products,2022-10-24,2022-10,128,2022
products,2022-10-25,2022-10,132,2022
products,2022-10-26,2022-10,144,2022
products,2022-10-27,2022-10,134,2022
products,2022-10-28,2022-10,147,2022
products,2022-10-29,2022-10,139,2022
products,2022-10-30,2022-10,158,2022
products,2022-10-31,2022-10,141,2022
products,2022-11-01,2022-11,145,2022
products,2022-11-02,2022-11,139,2022
products,2022-11-03,2022-11,144,2022
products,2022-11-04,2022-11,135,2022
products,2022-11-05,2022-11,130,2022
products,2022-11-06,2022-11,133,2022
products,2022-11-07,2022-11,135,2022
products,2022-11-08,2022-11,125,2022
products,2022-11-09,2022-11,139,2022
products,2022-11-10,2022-11,144,2022
products,2022-11-11,2022-11,163,2022
products,2022-11-12,2022-11,140,2022
products,2022-11-13,2022-11,127,2022
products,2022-11-14,2022-11,142,2022
products,2022-11-15,2022-11,136,2022
products,2022-11-16,2022-11,123,2022
products,2022-11-17,2022-11,132,2022
products,2022-11-18,2022-11,136,2022
products,2022-11-19,2022-11,125,2022
products,2022-11-20,2022-11,142,2022
products,2022-11-21,2022-11,148,2022
products,2022-11-22,2022-11,130,2022
products,2022-11-23,2022-11,147,2022
products,2022-11-24,2022-11,151,2022
products,2022-11-25,2022-11,172,2022
products,2022-11-26,2022-11,153,2022
products,2022-11-27,2022-11,137,2022
products,2022-11-28,2022-11,137,2022
products,2022-11-29,2022-11,141,2022
products,2022-11-30,2022-11,125,2022
products,2022-12-01,2022-12,132,2022
products,2022-12-02,2022-12,152,2022
products,2022-12-03,2022-12,160,2022
products,2022-12-04,2022-12,131,2022
products,2022-12-05,2022-12,110,2022
products,2022-12-06,2022-12,134,2022
products,2022-12-07,2022-12,147,2022
products,2022-12-08,2022-12,142,2022
products,2022-12-09,2022-12,145,2022
products,2022-12-10,2022-12,126,2022
products,2022-12-11,2022-12,149,2022
products,2022-12-12,2022-12,136,2022
products,2022-12-13,2022-12,155,2022
products,2022-12-14,2022-12,148,2022
products,2022-12-15,2022-12,148,2022
products,2022-12-16,2022-12,147,2022
products,2022-12-17,2022-12,142,2022
products,2022-12-18,2022-12,130,2022
products,2022-12-19,2022-12,135,2022
products,2022-12-20,2022-12,136,2022
products,2022-12-21,2022-12,122,2022
products,2022-12-22,2022-12,146,2022
products,2022-12-23,2022-12,145,2022
products,2022-12-24,2022-12,136,2022
products,2022-12-25,2022-12,137,2022
products,2022-12-26,2022-12,122,2022
products,2022-12-27,2022-12,137,2022
products,2022-12-28,2022-12,147,2022
products,2022-12-29,2022-12,122,2022
products,2022-12-30,2022-12,148,2022
products,2022-12-31,2022-12,128,2022
products,2023-01-01,2023-01,143,2023
products,2023-01-02,2023-01,146,2023
products,2023-01-03,2023-01,125,2023
products,2023-01-04,2023-01,121,2023
products,2023-01-05,2023-01,147,2023
products,2023-01-06,2023-01,157,2023
products,2023-01-07,2023-01,127,2023
products,2023-01-08,2023-01,128,2023
products,2023-01-09,2023-01,136,2023
products,2023-01-10,2023-01,147,2023
products,2023-01-11,2023-01,152,2023
products,2023-01-12,2023-01,154,2023
products,2023-01-13,2023-01,134,2023
products,2023-01-14,2023-01,124,2023
products,2023-01-15,2023-01,137,2023
products,2023-01-16,2023-01,145,2023
products,2023-01-17,2023-01,135,2023
products,2023-01-18,2023-01,134,2023
products,2023-01-19,2023-01,150,2023
products,2023-01-20,2023-01,122,2023
products,2023-01-21,2023-01,155,2023
products,2023-01-22,2023-01,140,2023
products,2023-01-23,2023-01,140,2023
products,2023-01-24,2023-01,140,2023
products,2023-01-25,2023-01,139,2023
products,2023-01-26,2023-01,154,2023
products,2023-01-27,2023-01,118,2023
products,2023-01-28,2023-01,143,2023
products,2023-01-29,2023-01,139,2023
products,2023-01-30,2023-01,118,2023
products,2023-01-31,2023-01,162,2023
products,2023-02-01,2023-02,151,2023
products,2023-02-02,2023-02,137,2023
products,2023-02-03,2023-02,178,2023
products,2023-02-04,2023-02,151,2023
products,2023-02-05,2023-02,145,2023
products,2023-02-06,2023-02,145,2023
products,2023-02-07,2023-02,141,2023
products,2023-02-08,2023-02,150,2023
products,2023-02-09,2023-02,134,2023
products,2023-02-10,2023-02,116,2023
products,2023-02-11,2023-02,127,2023
products,2023-02-12,2023-02,149,2023
products,2023-02-13,2023-02,139,2023
products,2023-02-14,2023-02,155,2023
products,2023-02-15,2023-02,130,2023
products,2023-02-16,2023-02,151,2023
products,2023-02-17,2023-02,156,2023
products,2023-02-18,2023-02,161,2023
products,2023-02-19,2023-02,123,2023
products,2023-02-20,2023-02,146,2023
products,2023-02-21,2023-02,123,2023
products,2023-02-22,2023-02,129,2023
products,2023-02-23,2023-02,141,2023
products,2023-02-24,2023-02,128,2023
products,2023-02-25,2023-02,142,2023
products,2023-02-26,2023-02,133,2023
products,2023-02-27,2023-02,131,2023
products,2023-02-28,2023-02,129,2023
products,2023-03-01,2023-03,153,2023
products,2023-03-02,2023-03,146,2023
products,2023-03-03,2023-03,114,2023
products,2023-03-04,2023-03,140,2023
products,2023-03-05,2023-03,145,2023
products,2023-03-06,2023-03,142,2023
products,2023-03-07,2023-03,114,2023
products,2023-03-08,2023-03,137,2023
products,2023-03-09,2023-03,125,2023
products,2023-03-10,2023-03,121,2023
products,2023-03-11,2023-03,138,2023
products,2023-03-12,2023-03,162,2023
products,2023-03-13,2023-03,154,2023
products,2023-03-14,2023-03,126,2023
products,2023-03-15,2023-03,130,2023
products,2023-03-16,2023-03,150,2023
products,2023-03-17,2023-03,121,2023
products,2023-03-18,2023-03,117,2023
products,2023-03-19,2023-03,114,2023
products,2023-03-20,2023-03,153,2023
products,2023-03-21,2023-03,158,2023
products,2023-03-22,2023-03,134,2023
products,2023-03-23,2023-03,146,2023
products,2023-03-24,2023-03,164,2023
products,2023-03-25,2023-03,144,2023
products,2023-03-26,2023-03,130,2023
products,2023-03-27,2023-03,135,2023
products,2023-03-28,2023-03,141,2023
products,2023-03-29,2023-03,161,2023
products,2023-03-30,2023-03,130,2023
products,2023-03-31,2023-03,132,2023
products,2023-04-01,2023-04,130,2023
products,2023-04-02,2023-04,144,2023
products,2023-04-03,2023-04,124,2023
products,2023-04-04,2023-04,136,2023
products,2023-04-05,2023-04,137,2023
products,2023-04-06,2023-04,129,2023
products,2023-04-07,2023-04,140,2023
products,2023-04-08,2023-04,131,2023
products,2023-04-09,2023-04,136,2023
products,2023-04-10,2023-04,162,2023
products,2023-04-11,2023-04,132,2023
products,2023-04-12,2023-04,134,2023
products,2023-04-13,2023-04,127,2023
products,2023-04-14,2023-04,150,2023
products,2023-04-15,2023-04,118,2023
products,2023-04-16,2023-04,147,2023
products,2023-04-17,2023-04,158,2023
products,2023-04-18,2023-04,126,2023
products,2023-04-19,2023-04,131,2023
products,2023-04-20,2023-04,133,2023
products,2023-04-21,2023-04,132,2023
products,2023-04-22,2023-04,133,2023
products,2023-04-23,2023-04,130,2023
products,2023-04-24,2023-04,138,2023
products,2023-04-25,2023-04,117,2023
products,2023-04-26,2023-04,129,2023
products,2023-04-27,2023-04,132,2023
products,2023-04-28,2023-04,132,2023
products,2023-04-29,2023-04,133,2023
products,2023-04-30,2023-04,116,2023
products,2023-05-01,2023-05,146,2023
products,2023-05-02,2023-05,158,2023
products,2023-05-03,2023-05,148,2023
products,2023-05-04,2023-05,147,2023
products,2023-05-05,2023-05,145,2023
products,2023-05-06,2023-05,140,2023
products,2023-05-07,2023-05,157,2023
products,2023-05-08,2023-05,137,2023
products,2023-05-09,2023-05,144,2023
products,2023-05-10,2023-05,118,2023
products,2023-05-11,2023-05,158,2023
products,2023-05-12,2023-05,148,2023
products,2023-05-13,2023-05,133,2023
products,2023-05-14,2023-05,155,2023
products,2023-05-15,2023-05,137,2023
products,2023-05-16,2023-05,139,2023
products,2023-05-17,2023-05,136,2023
products,2023-05-18,2023-05,140,2023
products,2023-05-19,2023-05,156,2023
products,2023-05-20,2023-05,136,2023
products,2023-05-21,2023-05,140,2023
products,2023-05-22,2023-05,128,2023
products,2023-05-23,2023-05,145,2023
products,2023-05-24,2023-05,138,2023
products,2023-05-25,2023-05,126,2023
products,2023-05-26,2023-05,122,2023
products,2023-05-27,2023-05,135,2023
products,2023-05-28,2023-05,129,2023
products,2023-05-29,2023-05,127,2023
products,2023-05-30,2023-05,136,2023
products,2023-05-31,2023-05,135,2023
products,2023-06-01,2023-06,128,2023
products,2023-06-02,2023-06,123,2023
products,2023-06-03,2023-06,129,2023
products,2023-06-04,2023-06,134,2023
products,2023-06-05,2023-06,125,2023
products,2023-06-06,2023-06,143,2023
products,2023-06-07,2023-06,125,2023
products,2023-06-08,2023-06,133,2023
products,2023-06-09,2023-06,128,2023
products,2023-06-10,2023-06,128,2023
products,2023-06-11,2023-06,121,2023
products,2023-06-12,2023-06,128,2023
products,2023-06-13,2023-06,131,2023
products,2023-06-14,2023-06,129,2023
products,2023-06-15,2023-06,122,2023
products,2023-06-16,2023-06,124,2023
products,2023-06-17,2023-06,148,2023
products,2023-06-18,2023-06,149,2023
products,2023-06-19,2023-06,140,2023
products,2023-06-20,2023-06,145,2023
products,2023-06-21,2023-06,138,2023
products,2023-06-22,2023-06,120,2023
products,2023-06-23,2023-06,152,2023
products,2023-06-24,2023-06,145,2023
products,2023-06-25,2023-06,159,2023
products,2023-06-26,2023-06,133,2023
products,2023-06-27,2023-06,142,2023
products,2023-06-28,2023-06,156,2023
products,2023-06-29,2023-06,137,2023
products,2023-06-30,2023-06,153,2023
products,2023-07-01,2023-07,127,2023
products,2023-07-02,2023-07,133,2023
products,2023-07-03,2023-07,145,2023
products,2023-07-04,2023-07,129,2023
products,2023-07-05,2023-07,138,2023
products,2023-07-06,2023-07,149,2023
products,2023-07-07,2023-07,130,2023
products,2023-07-08,2023-07,136,2023
products,2023-07-09,2023-07,133,2023
products,2023-07-10,2023-07,153,2023
products,2023-07-11,2023-07,151,2023
products,2023-07-12,2023-07,145,2023
products,2023-07-13,2023-07,141,2023
products,2023-07-14,2023-07,126,2023
products,2023-07-15,2023-07,144,2023
products,2023-07-16,2023-07,133,2023
products,2023-07-17,2023-07,131,2023
products,2023-07-18,2023-07,149,2023
products,2023-07-19,2023-07,123,2023
products,2023-07-20,2023-07,151,2023
products,2023-07-21,2023-07,126,2023
products,2023-07-22,2023-07,151,2023
products,2023-07-23,2023-07,167,2023
products,2023-07-24,2023-07,137,2023
products,2023-07-25,2023-07,125,2023
products,2023-07-26,2023-07,133,2023
products,2023-07-27,2023-07,108,2023
products,2023-07-28,2023-07,139,2023
products,2023-07-29,2023-07,127,2023
products,2023-07-30,2023-07,118,2023
products,2023-07-31,2023-07,139,2023
products,2023-08-01,2023-08,148,2023
products,2023-08-02,2023-08,123,2023
products,2023-08-03,2023-08,140,2023
products,2023-08-04,2023-08,139,2023
products,2023-08-05,2023-08,141,2023
products,2023-08-06,2023-08,159,2023
products,2023-08-07,2023-08,131,2023
products,2023-08-08,2023-08,149,2023
products,2023-08-09,2023-08,137,2023
products,2023-08-10,2023-08,123,2023
products,2023-08-11,2023-08,152,2023
products,2023-08-12,2023-08,137,2023
products,2023-08-13,2023-08,155,2023
products,2023-08-14,2023-08,147,2023
products,2023-08-15,2023-08,140,2023
products,2023-08-16,2023-08,131,2023
products,2023-08-17,2023-08,124,2023
products,2023-08-18,2023-08,126,2023
products,2023-08-19,2023-08,125,2023
products,2023-08-20,2023-08,148,2023
products,2023-08-21,2023-08,121,2023
products,2023-08-22,2023-08,109,2023
products,2023-08-23,2023-08,146,2023
products,2023-08-24,2023-08,160,2023
products,2023-08-25,2023-08,141,2023
products,2023-08-26,2023-08,140,2023
products,2023-08-27,2023-08,127,2023
products,2023-08-28,2023-08,140,2023
products,2023-08-29,2023-08,152,2023
products,2023-08-30,2023-08,150,2023
products,2023-08-31,2023-08,158,2023
products,2023-09-01,2023-09,137,2023
products,2023-09-02,2023-09,118,2023
products,2023-09-03,2023-09,131,2023
products,2023-09-04,2023-09,142,2023
products,2023-09-05,2023-09,138,2023
products,2023-09-06,2023-09,176,2023
products,2023-09-07,2023-09,147,2023
products,2023-09-08,2023-09,118,2023
products,2023-09-09,2023-09,133,2023
products,2023-09-10,2023-09,129,2023
products,2023-09-11,2023-09,142,2023
products,2023-09-12,2023-09,132,2023
products,2023-09-13,2023-09,133,2023
products,2023-09-14,2023-09,141,2023
products,2023-09-15,2023-09,116,2023
products,2023-09-16,2023-09,133,2023
products,2023-09-17,2023-09,140,2023
products,2023-09-18,2023-09,148,2023
products,2023-09-19,2023-09,137,2023
products,2023-09-20,2023-09,125,2023
products,2023-09-21,2023-09,147,2023
products,2023-09-22,2023-09,119,2023
products,2023-09-23,2023-09,141,2023
products,2023-09-24,2023-09,139,2023
products,2023-09-25,2023-09,131,2023
products,2023-09-26,2023-09,142,2023
products,2023-09-27,2023-09,133,2023
products,2023-09-28,2023-09,145,2023
products,2023-09-29,2023-09,141,2023
products,2023-09-30,2023-09,120,2023
products,2023-10-01,2023-10,125,2023
products,2023-10-02,2023-10,126,2023
products,2023-10-03,2023-10,141,2023
products,2023-10-04,2023-10,133,2023
products,2023-10-05,2023-10,152,2023
products,2023-10-06,2023-10,149,2023
products,2023-10-07,2023-10,143,2023
products,2023-10-08,2023-10,140,2023
products,2023-10-09,2023-10,143,2023
products,2023-10-10,2023-10,107,2023
products,2023-10-11,2023-10,157,2023
products,2023-10-12,2023-10,168,2023
products,2023-10-13,2023-10,148,2023
products,2023-10-14,2023-10,141,2023
products,2023-10-15,2023-10,143,2023
products,2023-10-16,2023-10,122,2023
products,2023-10-17,2023-10,114,2023
products,2023-10-18,2023-10,128,2023
products,2023-10-19,2023-10,149,2023
products,2023-10-20,2023-10,134,2023
products,2023-10-21,2023-10,137,2023
products,2023-10-22,2023-10,142,2023
products,2023-10-23,2023-10,110,2023
products,2023-10-24,2023-10,130,2023
products,2023-10-25,2023-10,149,2023
products,2023-10-26,2023-10,147,2023
products,2023-10-27,2023-10,142,2023
products,2023-10-28,2023-10,146,2023
products,2023-10-29,2023-10,131,2023
products,2023-10-30,2023-10,138,2023
products,2023-10-31,2023-10,150,2023
products,2023-11-01,2023-11,158,2023
products,2023-11-02,2023-11,141,2023
products,2023-11-03,2023-11,142,2023
products,2023-11-04,2023-11,146,2023
products,2023-11-05,2023-11,131,2023
products,2023-11-06,2023-11,140,2023
products,2023-11-07,2023-11,139,2023
products,2023-11-08,2023-11,131,2023
products,2023-11-09,2023-11,127,2023
products,2023-11-10,2023-11,134,2023
products,2023-11-11,2023-11,110,2023
products,2023-11-12,2023-11,143,2023
products,2023-11-13,2023-11,127,2023
products,2023-11-14,2023-11,123,2023
products,2023-11-15,2023-11,146,2023
products,2023-11-16,2023-11,149,2023
products,2023-11-17,2023-11,143,2023
products,2023-11-18,2023-11,139,2023
products,2023-11-19,2023-11,135,2023
products,2023-11-20,2023-11,159,2023
products,2023-11-21,2023-11,120,2023
products,2023-11-22,2023-11,118,2023
products,2023-11-23,2023-11,148,2023
products,2023-11-24,2023-11,148,2023
products,2023-11-25,2023-11,135,2023
products,2023-11-26,2023-11,139,2023
products,2023-11-27,2023-11,123,2023
products,2023-11-28,2023-11,145,2023
products,2023-11-29,2023-11,163,2023
products,2023-11-30,2023-11,137,2023
products,2023-12-01,2023-12,130,2023
products,2023-12-02,2023-12,142,2023
products,2023-12-03,2023-12,140,2023
products,2023-12-04,2023-12,152,2023
products,2023-12-05,2023-12,146,2023
products,2023-12-06,2023-12,141,2023
products,2023-12-07,2023-12,132,2023
products,2023-12-08,2023-12,139,2023
products,2023-12-09,2023-12,138,2023
products,2023-12-10,2023-12,137,2023
products,2023-12-11,2023-12,164,2023
products,2023-12-12,2023-12,123,2023
products,2023-12-13,2023-12,129,2023
products,2023-12-14,2023-12,119,2023
products,2023-12-15,2023-12,126,2023
products,2023-12-16,2023-12,146,2023
products,2023-12-17,2023-12,133,2023
products,2023-12-18,2023-12,131,2023
products,2023-12-19,2023-12,144,2023
products,2023-12-20,2023-12,142,2023
products,2023-12-21,2023-12,130,2023
products,2023-12-22,2023-12,128,2023
products,2023-12-23,2023-12,134,2023
products,2023-12-24,2023-12,130,2023
products,2023-12-25,2023-12,136,2023
products,2023-12-26,2023-12,133,2023
products,2023-12-27,2023-12,125,2023
products,2023-12-28,2023-12,145,2023
products,2023-12-29,2023-12,131,2023
products,2023-12-30,2023-12,144,2023
products,2023-12-31,2023-12,145,2023
products,2024-01-01,2024-01,153,2024
products,2024-01-02,2024-01,145,2024
products,2024-01-03,2024-01,137,2024
products,2024-01-04,2024-01,132,2024
products,2024-01-05,2024-01,146,2024
products,2024-01-06,2024-01,141,2024
products,2024-01-07,2024-01,128,2024
products,2024-01-08,2024-01,125,2024
products,2024-01-09,2024-01,125,2024
products,2024-01-10,2024-01,144,2024
products,2024-01-11,2024-01,129,2024
products,2024-01-12,2024-01,124,2024
products,2024-01-13,2024-01,112,2024
products,2024-01-14,2024-01,143,2024
products,2024-01-15,2024-01,131,2024
products,2024-01-16,2024-01,146,2024
products,2024-01-17,2024-01,130,2024
products,2024-01-18,2024-01,146,2024
products,2024-01-19,2024-01,136,2024
products,2024-01-20,2024-01,149,2024
products,2024-01-21,2024-01,133,2024
products,2024-01-22,2024-01,136,2024
products,2024-01-23,2024-01,131,2024
products,2024-01-24,2024-01,150,2024
products,2024-01-25,2024-01,109,2024
products,2024-01-26,2024-01,126,2024
products,2024-01-27,2024-01,115,2024
products,2024-01-28,2024-01,146,2024
products,2024-01-29,2024-01,161,2024
products,2024-01-30,2024-01,149,2024
products,2024-01-31,2024-01,137,2024
products,2024-02-01,2024-02,155,2024
products,2024-02-02,2024-02,137,2024
products,2024-02-03,2024-02,131,2024
products,2024-02-04,2024-02,131,2024
products,2024-02-05,2024-02,140,2024
products,2024-02-06,2024-02,138,2024
products,2024-02-07,2024-02,152,2024
products,2024-02-08,2024-02,122,2024
products,2024-02-09,2024-02,135,2024
products,2024-02-10,2024-02,120,2024
products,2024-02-11,2024-02,146,2024
products,2024-02-12,2024-02,138,2024
products,2024-02-13,2024-02,136,2024
products,2024-02-14,2024-02,130,2024
products,2024-02-15,2024-02,138,2024
products,2024-02-16,2024-02,137,2024
products,2024-02-17,2024-02,158,2024
products,2024-02-18,2024-02,135,2024
products,2024-02-19,2024-02,128,2024
products,2024-02-20,2024-02,109,2024
products,2024-02-21,2024-02,127,2024
products,2024-02-22,2024-02,157,2024
products,2024-02-23,2024-02,132,2024
products,2024-02-24,2024-02,136,2024
products,2024-02-25,2024-02,141,2024
products,2024-02-26,2024-02,158,2024
products,2024-02-27,2024-02,139,2024
products,2024-02-28,2024-02,147,2024
products,2024-02-29,2024-02,129,2024
products,2024-03-01,2024-03,137,2024
products,2024-03-02,2024-03,137,2024
products,2024-03-03,2024-03,113,2024
products,2024-03-04,2024-03,135,2024
products,2024-03-05,2024-03,136,2024
products,2024-03-06,2024-03,128,2024
products,2024-03-07,2024-03,114,2024
products,2024-03-08,2024-03,142,2024
products,2024-03-09,2024-03,148,2024
products,2024-03-10,2024-03,152,2024
products,2024-03-11,2024-03,141,2024
products,2024-03-12,2024-03,130,2024
products,2024-03-13,2024-03,129,2024
products,2024-03-14,2024-03,149,2024
products,2024-03-15,2024-03,146,2024
products,2024-03-16,2024-03,140,2024
products,2024-03-17,2024-03,154,2024
products,2024-03-18,2024-03,139,2024
products,2024-03-19,2024-03,125,2024
products,2024-03-20,2024-03,131,2024
products,2024-03-21,2024-03,165,2024
products,2024-03-22,2024-03,136,2024
products,2024-03-23,2024-03,134,2024
products,2024-03-24,2024-03,147,2024
products,2024-03-25,2024-03,133,2024
products,2024-03-26,2024-03,136,2024
products,2024-03-27,2024-03,140,2024
products,2024-03-28,2024-03,127,2024
products,2024-03-29,2024-03,140,2024
products,2024-03-30,2024-03,125,2024
products,2024-03-31,2024-03,153,2024
products,2024-04-01,2024-04,159,2024
products,2024-04-02,2024-04,134,2024
products,2024-04-03,2024-04,132,2024
products,2024-04-04,2024-04,139,2024
products,2024-04-05,2024-04,127,2024
products,2024-04-06,2024-04,135,2024
products,2024-04-07,2024-04,126,2024
products,2024-04-08,2024-04,145,2024
products,2024-04-09,2024-04,138,2024
products,2024-04-10,2024-04,143,2024
products,2024-04-11,2024-04,148,2024
products,2024-04-12,2024-04,131,2024
products,2024-04-13,2024-04,111,2024
products,2024-04-14,2024-04,138,2024
products,2024-04-15,2024-04,157,2024
products,2024-04-16,2024-04,121,2024
products,2024-04-17,2024-04,123,2024
products,2024-04-18,2024-04,124,2024
products,2024-04-19,2024-04,136,2024
products,2024-04-20,2024-04,145,2024
products,2024-04-21,2024-04,139,2024
products,2024-04-22,2024-04,141,2024
products,2024-04-23,2024-04,117,2024
products,2024-04-24,2024-04,132,2024
products,2024-04-25,2024-04,138,2024
products,2024-04-26,2024-04,145,2024
products,2024-04-27,2024-04,125,2024
products,2024-04-28,2024-04,129,2024
products,2024-04-29,2024-04,130,2024
products,2024-04-30,2024-04,158,2024
products,2024-05-01,2024-05,142,2024
products,2024-05-02,2024-05,124,2024
products,2024-05-03,2024-05,143,2024
products,2024-05-04,2024-05,141,2024
products,2024-05-05,2024-05,128,2024
products,2024-05-06,2024-05,149,2024
products,2024-05-07,2024-05,140,2024
products,2024-05-08,2024-05,132,2024
products,2024-05-09,2024-05,154,2024
products,2024-05-10,2024-05,133,2024
products,2024-05-11,2024-05,149,2024
products,2024-05-12,2024-05,156,2024
products,2024-05-13,2024-05,124,2024
products,2024-05-14,2024-05,142,2024
products,2024-05-15,2024-05,135,2024
products,2024-05-16,2024-05,144,2024
products,2024-05-17,2024-05,137,2024
products,2024-05-18,2024-05,125,2024
products,2024-05-19,2024-05,142,2024
products,2024-05-20,2024-05,160,2024
products,2024-05-21,2024-05,161,2024
products,2024-05-22,2024-05,138,2024
products,2024-05-23,2024-05,143,2024
products,2024-05-24,2024-05,123,2024
products,2024-05-25,2024-05,119,2024
products,2024-05-26,2024-05,144,2024
products,2024-05-27,2024-05,152,2024
products,2024-05-28,2024-05,169,2024
products,2024-05-29,2024-05,149,2024
products,2024-05-30,2024-05,109,2024
products,2024-05-31,2024-05,149,2024
products,2024-06-01,2024-06,131,2024
products,2024-06-02,2024-06,135,2024
products,2024-06-03,2024-06,137,2024
products,2024-06-04,2024-06,135,2024
products,2024-06-05,2024-06,133,2024
products,2024-06-06,2024-06,130,2024
products,2024-06-07,2024-06,127,2024
products,2024-06-08,2024-06,149,2024
products,2024-06-09,2024-06,148,2024
products,2024-06-10,2024-06,125,2024
products,2024-06-11,2024-06,149,2024
products,2024-06-12,2024-06,132,2024
products,2024-06-13,2024-06,146,2024
products,2024-06-14,2024-06,123,2024
products,2024-06-15,2024-06,126,2024
products,2024-06-16,2024-06,110,2024
products,2024-06-17,2024-06,124,2024
products,2024-06-18,2024-06,155,2024
products,2024-06-19,2024-06,107,2024
products,2024-06-20,2024-06,144,2024
products,2024-06-21,2024-06,117,2024
products,2024-06-22,2024-06,142,2024
products,2024-06-23,2024-06,140,2024
products,2024-06-24,2024-06,131,2024
products,2024-06-25,2024-06,123,2024
products,2024-06-26,2024-06,148,2024
products,2024-06-27,2024-06,118,2024
products,2024-06-28,2024-06,122,2024
products,2024-06-29,2024-06,147,2024
products,2024-06-30,2024-06,159,2024
products,2024-07-01,2024-07,137,2024
products,2024-07-02,2024-07,119,2024
products,2024-07-03,2024-07,121,2024
products,2024-07-04,2024-07,152,2024
products,2024-07-05,2024-07,108,2024
products,2024-07-06,2024-07,152,2024
products,2024-07-07,2024-07,145,2024
products,2024-07-08,2024-07,130,2024
products,2024-07-09,2024-07,130,2024
products,2024-07-10,2024-07,153,2024
products,2024-07-11,2024-07,137,2024
products,2024-07-12,2024-07,125,2024
products,2024-07-13,2024-07,149,2024
products,2024-07-14,2024-07,113,2024
products,2024-07-15,2024-07,130,2024
products,2024-07-16,2024-07,138,2024
products,2024-07-17,2024-07,138,2024
products,2024-07-18,2024-07,136,2024
products,2024-07-19,2024-07,140,2024
products,2024-07-20,2024-07,165,2024
products,2024-07-21,2024-07,155,2024
products,2024-07-22,2024-07,130,2024
products,2024-07-23,2024-07,141,2024
products,2024-07-24,2024-07,142,2024
products,2024-07-25,2024-07,142,2024
products,2024-07-26,2024-07,132,2024
products,2024-07-27,2024-07,152,2024
products,2024-07-28,2024-07,126,2024
products,2024-07-29,2024-07,136,2024
products,2024-07-30,2024-07,148,2024
products,2024-07-31,2024-07,159,2024
products,2024-08-01,2024-08,126,2024
products,2024-08-02,2024-08,134,2024
products,2024-08-03,2024-08,121,2024
products,2024-08-04,2024-08,135,2024
products,2024-08-05,2024-08,106,2024
products,2024-08-06,2024-08,132,2024
products,2024-08-07,2024-08,113,2024
products,2024-08-08,2024-08,119,2024
products,2024-08-09,2024-08,128,2024
products,2024-08-10,2024-08,128,2024
products,2024-08-11,2024-08,130,2024
products,2024-08-12,2024-08,141,2024
products,2024-08-13,2024-08,134,2024
products,2024-08-14,2024-08,158,2024
products,2024-08-15,2024-08,143,2024
products,2024-08-16,2024-08,119,2024
products,2024-08-17,2024-08,115,2024
products,2024-08-18,2024-08,122,2024
products,2024-08-19,2024-08,142,2024
products,2024-08-20,2024-08,134,2024
products,2024-08-21,2024-08,131,2024
products,2024-08-22,2024-08,140,2024
products,2024-08-23,2024-08,139,2024
products,2024-08-24,2024-08,136,2024
products,2024-08-25,2024-08,133,2024
products,2024-08-26,2024-08,165,2024
products,2024-08-27,2024-08,135,2024
products,2024-08-28,2024-08,138,2024
products,2024-08-29,2024-08,142,2024
products,2024-08-30,2024-08,130,2024
products,2024-08-31,2024-08,126,2024
products,2024-09-01,2024-09,128,2024
products,2024-09-02,2024-09,160,2024
products,2024-09-03,2024-09,149,2024
products,2024-09-04,2024-09,118,2024
products,2024-09-05,2024-09,125,2024
products,2024-09-06,2024-09,137,2024
products,2024-09-07,2024-09,131,2024
products,2024-09-08,2024-09,111,2024
products,2024-09-09,2024-09,150,2024
products,2024-09-10,2024-09,153,2024
products,2024-09-11,2024-09,168,2024
products,2024-09-12,2024-09,147,2024
products,2024-09-13,2024-09,117,2024
products,2024-09-14,2024-09,139,2024
products,2024-09-15,2024-09,130,2024
products,2024-09-16,2024-09,125,2024
products,2024-09-17,2024-09,159,2024
products,2024-09-18,2024-09,142,2024
products,2024-09-19,2024-09,146,2024
products,2024-09-20,2024-09,147,2024
products,2024-09-21,2024-09,134,2024
products,2024-09-22,2024-09,120,2024
products,2024-09-23,2024-09,158,2024
products,2024-09-24,2024-09,113,2024
products,2024-09-25,2024-09,153,2024
products,2024-09-26,2024-09,146,2024
products,2024-09-27,2024-09,138,2024
products,2024-09-28,2024-09,138,2024
products,2024-09-29,2024-09,141,2024
products,2024-09-30,2024-09,148,2024
products,2024-10-01,2024-10,139,2024
products,2024-10-02,2024-10,174,2024
products,2024-10-03,2024-10,139,2024
products,2024-10-04,2024-10,127,2024
products,2024-10-05,2024-10,141,2024
products,2024-10-06,2024-10,145,2024
products,2024-10-07,2024-10,136,2024
products,2024-10-08,2024-10,137,2024
products,2024-10-09,2024-10,117,2024
products,2024-10-10,2024-10,134,2024
products,2024-10-11,2024-10,125,2024
products,2024-10-12,2024-10,119,2024
products,2024-10-13,2024-10,138,2024
products,2024-10-14,2024-10,135,2024
products,2024-10-15,2024-10,126,2024
products,2024-10-16,2024-10,148,2024
products,2024-10-17,2024-10,117,2024
products,2024-10-18,2024-10,136,2024
products,2024-10-19,2024-10,115,2024
products,2024-10-20,2024-10,158,2024
products,2024-10-21,2024-10,150,2024
products,2024-10-22,2024-10,144,2024
products,2024-10-23,2024-10,131,2024
products,2024-10-24,2024-10,144,2024
products,2024-10-25,2024-10,131,2024
products,2024-10-26,2024-10,151,2024
products,2024-10-27,2024-10,153,2024
products,2024-10-28,2024-10,152,2024
products,2024-10-29,2024-10,131,2024
products,2024-10-30,2024-10,149,2024
products,2024-10-31,2024-10,136,2024
products,2024-11-01,2024-11,134,2024
products,2024-11-02,2024-11,128,2024
products,2024-11-03,2024-11,150,2024
products,2024-11-04,2024-11,130,2024
products,2024-11-05,2024-11,146,2024
products,2024-11-06,2024-11,136,2024
products,2024-11-07,2024-11,119,2024
products,2024-11-08,2024-11,120,2024
products,2024-11-09,2024-11,122,2024
products,2024-11-10,2024-11,129,2024
products,2024-11-11,2024-11,151,2024
products,2024-11-12,2024-11,146,2024
products,2024-11-13,2024-11,134,2024
products,2024-11-14,2024-11,122,2024
products,2024-11-15,2024-11,155,2024
products,2024-11-16,2024-11,118,2024
products,2024-11-17,2024-11,141,2024
products,2024-11-18,2024-11,127,2024
products,2024-11-19,2024-11,141,2024
products,2024-11-20,2024-11,150,2024
products,2024-11-21,2024-11,137,2024
products,2024-11-22,2024-11,126,2024
products,2024-11-23,2024-11,153,2024
products,2024-11-24,2024-11,117,2024
products,2024-11-25,2024-11,128,2024
products,2024-11-26,2024-11,140,2024
products,2024-11-27,2024-11,124,2024
products,2024-11-28,2024-11,144,2024
products,2024-11-29,2024-11,111,2024
products,2024-11-30,2024-11,132,2024
products,2024-12-01,2024-12,160,2024
products,2024-12-02,2024-12,115,2024
products,2024-12-03,2024-12,136,2024
products,2024-12-04,2024-12,155,2024
products,2024-12-05,2024-12,135,2024
products,2024-12-06,2024-12,144,2024
products,2024-12-07,2024-12,153,2024
products,2024-12-08,2024-12,131,2024
products,2024-12-09,2024-12,143,2024
products,2024-12-10,2024-12,116,2024
products,2024-12-11,2024-12,144,2024
products,2024-12-12,2024-12,141,2024
products,2024-12-13,2024-12,146,2024
products,2024-12-14,2024-12,130,2024
products,2024-12-15,2024-12,140,2024
products,2024-12-16,2024-12,131,2024
products,2024-12-17,2024-12,140,2024
products,2024-12-18,2024-12,109,2024
products,2024-12-19,2024-12,117,2024
products,2024-12-20,2024-12,139,2024
products,2024-12-21,2024-12,144,2024
products,2024-12-22,2024-12,138,2024
products,2024-12-23,2024-12,145,2024
products,2024-12-24,2024-12,132,2024
products,2024-12-25,2024-12,109,2024
products,2024-12-26,2024-12,155,2024
products,2024-12-27,2024-12,128,2024
products,2024-12-28,2024-12,142,2024
products,2024-12-29,2024-12,138,2024
products,2024-12-30,2024-12,124,2024
products,2024-12-31,2024-12,135,2024
products,2025-01-01,2025-01,159,2025
products,2025-01-02,2025-01,160,2025
products,2025-01-03,2025-01,150,2025
products,2025-01-04,2025-01,136,2025
products,2025-01-05,2025-01,129,2025
products,2025-01-06,2025-01,117,2025
products,2025-01-07,2025-01,140,2025
products,2025-01-08,2025-01,161,2025
products,2025-01-09,2025-01,124,2025
products,2025-01-10,2025-01,144,2025
products,2025-01-11,2025-01,152,2025
products,2025-01-12,2025-01,122,2025
products,2025-01-13,2025-01,131,2025
products,2025-01-14,2025-01,158,2025
products,2025-01-15,2025-01,143,2025
products,2025-01-16,2025-01,157,2025
products,2025-01-17,2025-01,132,2025
products,2025-01-18,2025-01,127,2025
products,2025-01-19,2025-01,158,2025
products,2025-01-20,2025-01,115,2025
products,2025-01-21,2025-01,149,2025
products,2025-01-22,2025-01,133,2025
products,2025-01-23,2025-01,144,2025
products,2025-01-24,2025-01,125,2025
products,2025-01-25,2025-01,140,2025
products,2025-01-26,2025-01,151,2025
products,2025-01-27,2025-01,165,2025
products,2025-01-28,2025-01,132,2025
products,2025-01-29,2025-01,130,2025
products,2025-01-30,2025-01,143,2025
products,2025-01-31,2025-01,132,2025
products,2025-02-01,2025-02,132,2025
products,2025-02-02,2025-02,123,2025
products,2025-02-03,2025-02,142,2025
products,2025-02-04,2025-02,120,2025
products,2025-02-05,2025-02,134,2025
products,2025-02-06,2025-02,155,2025
products,2025-02-07,2025-02,138,2025
products,2025-02-08,2025-02,136,2025
products,2025-02-09,2025-02,130,2025
products,2025-02-10,2025-02,141,2025
products,2025-02-11,2025-02,113,2025
products,2025-02-12,2025-02,128,2025
products,2025-02-13,2025-02,148,2025
products,2025-02-14,2025-02,151,2025
products,2025-02-15,2025-02,146,2025
products,2025-02-16,2025-02,118,2025
products,2025-02-17,2025-02,136,2025
products,2025-02-18,2025-02,147,2025
products,2025-02-19,2025-02,128,2025
products,2025-02-20,2025-02,143,2025
products,2025-02-21,2025-02,132,2025
products,2025-02-22,2025-02,123,2025
products,2025-02-23,2025-02,133,2025
products,2025-02-24,2025-02,143,2025
products,2025-02-25,2025-02,148,2025
products,2025-02-26,2025-02,140,2025
products,2025-02-27,2025-02,143,2025
products,2025-02-28,2025-02,130,2025
products,2025-03-01,2025-03,147,2025
products,2025-03-02,2025-03,138,2025
products,2025-03-03,2025-03,128,2025
products,2025-03-04,2025-03,134,2025
products,2025-03-05,2025-03,143,2025
products,2025-03-06,2025-03,129,2025
products,2025-03-07,2025-03,157,2025
products,2025-03-08,2025-03,145,2025
products,2025-03-09,2025-03,149,2025
products,2025-03-10,2025-03,147,2025
products,2025-03-11,2025-03,140,2025
products,2025-03-12,2025-03,133,2025
products,2025-03-13,2025-03,134,2025
products,2025-03-14,2025-03,124,2025
products,2025-03-15,2025-03,128,2025
products,2025-03-16,2025-03,145,2025
products,2025-03-17,2025-03,150,2025
products,2025-03-18,2025-03,136,2025
products,2025-03-19,2025-03,136,2025
products,2025-03-20,2025-03,153,2025
products,2025-03-21,2025-03,143,2025
products,2025-03-22,2025-03,161,2025
products,2025-03-23,2025-03,143,2025
products,2025-03-24,2025-03,138,2025
products,2025-03-25,2025-03,123,2025
products,2025-03-26,2025-03,129,2025
products,2025-03-27,2025-03,139,2025
products,2025-03-28,2025-03,138,2025
products,2025-03-29,2025-03,145,2025
products,2025-03-30,2025-03,142,2025
products,2025-03-31,2025-03,141,2025
products,2025-04-01,2025-04,129,2025
products,2025-04-02,2025-04,120,2025
products,2025-04-03,2025-04,124,2025
products,2025-04-04,2025-04,136,2025
products,2025-04-05,2025-04,129,2025
products,2025-04-06,2025-04,132,2025
products,2025-04-07,2025-04,143,2025
products,2025-04-08,2025-04,149,2025
products,2025-04-09,2025-04,141,2025
products,2025-04-10,2025-04,123,2025
products,2025-04-11,2025-04,160,2025
products,2025-04-12,2025-04,138,2025
products,2025-04-13,2025-04,158,2025
products,2025-04-14,2025-04,154,2025
products,2025-04-15,2025-04,127,2025
products,2025-04-16,2025-04,129,2025
products,2025-04-17,2025-04,150,2025
products,2025-04-18,2025-04,159,2025
products,2025-04-19,2025-04,141,2025
products,2025-04-20,2025-04,149,2025
products,2025-04-21,2025-04,146,2025
products,2025-04-22,2025-04,131,2025
products,2025-04-23,2025-04,129,2025
products,2025-04-24,2025-04,139,2025
products,2025-04-25,2025-04,113,2025
products,2025-04-26,2025-04,133,2025
products,2025-04-27,2025-04,128,2025
products,2025-04-28,2025-04,130,2025
products,2025-04-29,2025-04,140,2025
products,2025-04-30,2025-04,121,2025
products,2025-05-01,2025-05,136,2025
products,2025-05-02,2025-05,133,2025
products,2025-05-03,2025-05,146,2025
products,2025-05-04,2025-05,131,2025
products,2025-05-05,2025-05,134,2025
products,2025-05-06,2025-05,147,2025
products,2025-05-07,2025-05,151,2025
products,2025-05-08,2025-05,134,2025
products,2025-05-09,2025-05,116,2025
products,2025-05-10,2025-05,128,2025
products,2025-05-11,2025-05,153,2025
products,2025-05-12,2025-05,136,2025
products,2025-05-13,2025-05,154,2025
products,2025-05-14,2025-05,133,2025
products,2025-05-15,2025-05,168,2025
products,2025-05-16,2025-05,137,2025
products,2025-05-17,2025-05,144,2025
products,2025-05-18,2025-05,155,2025
products,2025-05-19,2025-05,131,2025
products,2025-05-20,2025-05,135,2025
products,2025-05-21,2025-05,137,2025
products,2025-05-22,2025-05,112,2025
products,2025-05-23,2025-05,141,2025
products,2025-05-24,2025-05,141,2025
products,2025-05-25,2025-05,116,2025
products,2025-05-26,2025-05,144,2025
products,2025-05-27,2025-05,133,2025
products,2025-05-28,2025-05,137,2025
products,2025-05-29,2025-05,128,2025
products,2025-05-30,2025-05,122,2025
products,2025-05-31,2025-05,142,2025
products,2025-06-01,2025-06,149,2025
products,2025-06-02,2025-06,140,2025
products,2025-06-03,2025-06,128,2025
products,2025-06-04,2025-06,133,2025
products,2025-06-05,2025-06,147,2025
products,2025-06-06,2025-06,128,2025
products,2025-06-07,2025-06,136,2025
products,2025-06-08,2025-06,121,2025
products,2025-06-09,2025-06,146,2025
products,2025-06-10,2025-06,149,2025
products,2025-06-11,2025-06,145,2025
products,2025-06-12,2025-06,126,2025
products,2025-06-13,2025-06,161,2025
products,2025-06-14,2025-06,136,2025
products,2025-06-15,2025-06,134,2025
products,2025-06-16,2025-06,118,2025
products,2025-06-17,2025-06,132,2025
products,2025-06-18,2025-06,121,2025
products,2025-06-19,2025-06,147,2025
products,2025-06-20,2025-06,128,2025
products,2025-06-21,2025-06,145,2025
products,2025-06-22,2025-06,142,2025
products,2025-06-23,2025-06,114,2025
products,2025-06-24,2025-06,132,2025
products,2025-06-25,2025-06,140,2025
products,2025-06-26,2025-06,150,2025
products,2025-06-27,2025-06,154,2025
products,2025-06-28,2025-06,121,2025
products,2025-06-29,2025-06,128,2025
products,2025-06-30,2025-06,130,2025
products,2025-07-01,2025-07,128,2025
products,2025-07-02,2025-07,137,2025
products,2025-07-03,2025-07,132,2025
products,2025-07-04,2025-07,153,2025
products,2025-07-05,2025-07,123,2025
products,2025-07-06,2025-07,135,2025
products,2025-07-07,2025-07,135,2025
products,2025-07-08,2025-07,145,2025
products,2025-07-09,2025-07,132,2025
products,2025-07-10,2025-07,153,2025
products,2025-07-11,2025-07,123,2025
products,2025-07-12,2025-07,130,2025
products,2025-07-13,2025-07,138,2025
products,2025-07-14,2025-07,136,2025
products,2025-07-15,2025-07,144,2025
products,2025-07-16,2025-07,124,2025
products,2025-07-17,2025-07,119,2025
products,2025-07-18,2025-07,123,2025
products,2025-07-19,2025-07,131,2025
products,2025-07-20,2025-07,129,2025
products,2025-07-21,2025-07,133,2025
products,2025-07-22,2025-07,142,2025
products,2025-07-23,2025-07,136,2025
products,2025-07-24,2025-07,129,2025
products,2025-07-25,2025-07,156,2025
products,2025-07-26,2025-07,141,2025
products,2025-07-27,2025-07,120,2025
products,2025-07-28,2025-07,111,2025
products,2025-07-29,2025-07,136,2025
products,2025-07-30,2025-07,144,2025
products,2025-07-31,2025-07,124,2025
products,2025-08-01,2025-08,160,2025
products,2025-08-02,2025-08,114,2025
products,2025-08-03,2025-08,123,2025
products,2025-08-04,2025-08,155,2025
products,2025-08-05,2025-08,128,2025
products,2025-08-06,2025-08,132,2025
products,2025-08-07,2025-08,124,2025
products,2025-08-08,2025-08,121,2025
products,2025-08-09,2025-08,135,2025
products,2025-08-10,2025-08,137,2025
products,2025-08-11,2025-08,137,2025
products,2025-08-12,2025-08,141,2025
products,2025-08-13,2025-08,158,2025
products,2025-08-14,2025-08,147,2025
products,2025-08-15,2025-08,129,2025
products,2025-08-16,2025-08,127,2025
products,2025-08-17,2025-08,131,2025
products,2025-08-18,2025-08,124,2025
products,2025-08-19,2025-08,124,2025
products,2025-08-20,2025-08,159,2025
products,2025-08-21,2025-08,115,2025
products,2025-08-22,2025-08,137,2025
products,2025-08-23,2025-08,137,2025
products,2025-08-24,2025-08,132,2025
products,2025-08-25,2025-08,161,2025
products,2025-08-26,2025-08,140,2025
products,2025-08-27,2025-08,131,2025
products,2025-08-28,2025-08,137,2025
products,2025-08-29,2025-08,128,2025
products,2025-08-30,2025-08,133,2025
products,2025-08-31,2025-08,134,2025
products,2025-09-01,2025-09,167,2025
products,2025-09-02,2025-09,149,2025
products,2025-09-03,2025-09,144,2025
products,2025-09-04,2025-09,115,2025
products,2025-09-05,2025-09,121,2025
products,2025-09-06,2025-09,165,2025
products,2025-09-07,2025-09,170,2025
products,2025-09-08,2025-09,160,2025
products,2025-09-09,2025-09,148,2025
products,2025-09-10,2025-09,148,2025
products,2025-09-11,2025-09,146,2025
products,2025-09-12,2025-09,145,2025
products,2025-09-13,2025-09,139,2025
products,2025-09-14,2025-09,131,2025
products,2025-09-15,2025-09,117,2025
products,2025-09-16,2025-09,135,2025
products,2025-09-17,2025-09,142,2025
products,2025-09-18,2025-09,129,2025
products,2025-09-19,2025-09,152,2025
products,2025-09-20,2025-09,135,2025
products,2025-09-21,2025-09,125,2025
products,2025-09-22,2025-09,126,2025
products,2025-09-23,2025-09,133,2025
products,2025-09-24,2025-09,114,2025
products,2025-09-25,2025-09,136,2025
products,2025-09-26,2025-09,130,2025
products,2025-09-27,2025-09,120,2025
products,2025-09-28,2025-09,126,2025
products,2025-09-29,2025-09,135,2025
products,2025-09-30,2025-09,114,2025
products,2025-10-01,2025-10,172,2025
products,2025-10-02,2025-10,152,2025
products,2025-10-03,2025-10,137,2025
products,2025-10-04,2025-10,128,2025
products,2025-10-05,2025-10,154,2025
products,2025-10-06,2025-10,133,2025
products,2025-10-07,2025-10,160,2025
products,2025-10-08,2025-10,144,2025
products,2025-10-09,2025-10,143,2025
products,2025-10-10,2025-10,135,2025
products,2025-10-11,2025-10,124,2025
products,2025-10-12,2025-10,140,2025
products,2025-10-13,2025-10,133,2025
products,2025-10-14,2025-10,137,2025
products,2025-10-15,2025-10,120,2025
products,2025-10-16,2025-10,142,2025
products,2025-10-17,2025-10,144,2025
products,2025-10-18,2025-10,155,2025
products,2025-10-19,2025-10,128,2025
products,2025-10-20,2025-10,150,2025
products,2025-10-21,2025-10,134,2025
products,2025-10-22,2025-10,124,2025
products,2025-10-23,2025-10,158,2025
products,2025-10-24,2025-10,143,2025
products,2025-10-25,2025-10,137,2025
products,2025-10-26,2025-10,131,2025
products,2025-10-27,2025-10,132,2025
products,2025-10-28,2025-10,129,2025
products,2025-10-29,2025-10,157,2025
products,2025-10-30,2025-10,133,2025
products,2025-10-31,2025-10,145,2025
products,2025-11-01,2025-11,135,2025
products,2025-11-02,2025-11,126,2025
products,2025-11-03,2025-11,136,2025
products,2025-11-04,2025-11,122,2025
products,2025-11-05,2025-11,143,2025
products,2025-11-06,2025-11,117,2025
products,2025-11-07,2025-11,140,2025
products,2025-11-08,2025-11,118,2025
products,2025-11-09,2025-11,146,2025
products,2025-11-10,2025-11,148,2025
products,2025-11-11,2025-11,142,2025
products,2025-11-12,2025-11,125,2025
products,2025-11-13,2025-11,137,2025
products,2025-11-14,2025-11,131,2025
products,2025-11-15,2025-11,135,2025
products,2025-11-16,2025-11,135,2025
products,2025-11-17,2025-11,130,2025
products,2025-11-18,2025-11,143,2025
products,2025-11-19,2025-11,127,2025
products,2025-11-20,2025-11,143,2025
products,2025-11-21,2025-11,127,2025
products,2025-11-22,2025-11,138,2025
products,2025-11-23,2025-11,107,2025
products,2025-11-24,2025-11,139,2025
products,2025-11-25,2025-11,145,2025
products,2025-11-26,2025-11,136,2025
products,2025-11-27,2025-11,135,2025
products,2025-11-28,2025-11,118,2025
products,2025-11-29,2025-11,155,2025
products,2025-11-30,2025-11,156,2025
products,2025-12-01,2025-12,123,2025
products,2025-12-02,2025-12,143,2025
products,2025-12-03,2025-12,124,2025
products,2025-12-04,2025-12,127,2025
products,2025-12-05,2025-12,132,2025
products,2025-12-06,2025-12,150,2025
products,2025-12-07,2025-12,129,2025
products,2025-12-08,2025-12,152,2025
products,2025-12-09,2025-12,136,2025
products,2025-12-10,2025-12,136,2025
products,2025-12-11,2025-12,108,2025
products,2025-12-12,2025-12,138,2025
products,2025-12-13,2025-12,134,2025
products,2025-12-14,2025-12,146,2025
products,2025-12-15,2025-12,151,2025
products,2025-12-16,2025-12,140,2025
products,2025-12-17,2025-12,150,2025
products,2025-12-18,2025-12,117,2025
products,2025-12-19,2025-12,153,2025
products,2025-12-20,2025-12,145,2025
products,2025-12-21,2025-12,118,2025
products,2025-12-22,2025-12,146,2025
products,2025-12-23,2025-12,133,2025
products,2025-12-24,2025-12,119,2025
products,2025-12-25,2025-12,141,2025
products,2025-12-26,2025-12,129,2025
products,2025-12-27,2025-12,135,2025
products,2025-12-28,2025-12,118,2025
products,2025-12-29,2025-12,145,2025
products,2025-12-30,2025-12,145,2025
products,2025-12-31,2025-12,144,2025
products,2026-01-01,2026-01,121,2026
products,2026-01-02,2026-01,135,2026
products,2026-01-03,2026-01,139,2026
products,2026-01-04,2026-01,138,2026
products,2026-01-05,2026-01,135,2026
products,2026-01-06,2026-01,140,2026
products,2026-01-07,2026-01,128,2026
products,2026-01-08,2026-01,138,2026
products,2026-01-09,2026-01,124,2026
products,2026-01-10,2026-01,119,2026
products,2026-01-11,2026-01,141,2026
products,2026-01-12,2026-01,149,2026
products,2026-01-13,2026-01,140,2026
products,2026-01-14,2026-01,126,2026
products,2026-01-15,2026-01,141,2026
products,2026-01-16,2026-01,142,2026
products,2026-01-17,2026-01,132,2026
products,2026-01-18,2026-01,110,2026
products,2026-01-19,2026-01,152,2026
products,2026-01-20,2026-01,133,2026
products,2026-01-21,2026-01,137,2026
products,2026-01-22,2026-01,144,2026
products,2026-01-23,2026-01,133,2026
products,2026-01-24,2026-01,137,2026
products,2026-01-25,2026-01,131,2026
products,2026-01-26,2026-01,119,2026
products,2026-01-27,2026-01,128,2026
products,2026-01-28,2026-01,184,2026
products,2026-01-29,2026-01,120,2026
products,2026-01-30,2026-01,117,2026
products,2026-01-31,2026-01,120,2026
products,2026-02-01,2026-02,136,2026
products,2026-02-02,2026-02,151,2026
products,2026-02-03,2026-02,132,2026
products,2026-02-04,2026-02,116,2026
products,2026-02-05,2026-02,131,2026
products,2026-02-06,2026-02,155,2026
products,2026-02-07,2026-02,134,2026
products,2026-02-08,2026-02,129,2026
products,2026-02-09,2026-02,123,2026
products,2026-02-10,2026-02,116,2026
products,2026-02-11,2026-02,140,2026
products,2026-02-12,2026-02,130,2026
products,2026-02-13,2026-02,123,2026
products,2026-02-14,2026-02,145,2026
products,2026-02-15,2026-02,138,2026
products,2026-02-16,2026-02,126,2026
products,2026-02-17,2026-02,131,2026
products,2026-02-18,2026-02,118,2026
products,2026-02-19,2026-02,158,2026
products,2026-02-20,2026-02,133,2026
products,2026-02-21,2026-02,98,2026
products,2026-02-22,2026-02,134,2026
products,2026-02-23,2026-02,120,2026
products,2026-02-24,2026-02,144,2026
products,2026-02-25,2026-02,160,2026
products,2026-02-26,2026-02,136,2026
products,2026-02-27,2026-02,126,2026
products,2026-02-28,2026-02,145,2026
products,2026-03-01,2026-03,143,2026
products,2026-03-02,2026-03,144,2026
products,2026-03-03,2026-03,122,2026
products,2026-03-04,2026-03,135,2026
products,2026-03-05,2026-03,141,2026
products,2026-03-06,2026-03,129,2026
products,2026-03-07,2026-03,143,2026
products,2026-03-08,2026-03,134,2026
products,2026-03-09,2026-03,117,2026
products,2026-03-10,2026-03,150,2026
products,2026-03-11,2026-03,140,2026
products,2026-03-12,2026-03,119,2026
products,2026-03-13,2026-03,126,2026
products,2026-03-14,2026-03,144,2026
products,2026-03-15,2026-03,154,2026
products,2026-03-16,2026-03,126,2026
products,2026-03-17,2026-03,126,2026
products,2026-03-18,2026-03,143,2026
products,2026-03-19,2026-03,155,2026
products,2026-03-20,2026-03,132,2026
products,2026-03-21,2026-03,141,2026
products,2026-03-22,2026-03,117,2026
products,2026-03-23,2026-03,139,2026
products,2026-03-24,2026-03,140,2026
products,2026-03-25,2026-03,128,2026
products,2026-03-26,2026-03,151,2026
products,2026-03-27,2026-03,126,2026
products,2026-03-28,2026-03,133,2026
products,2026-03-29,2026-03,145,2026
products,2026-03-30,2026-03,120,2026
products,2026-03-31,2026-03,144,2026
products,2026-04-01,2026-04,137,2026
products,2026-04-02,2026-04,132,2026
products,2026-04-03,2026-04,135,2026
products,2026-04-04,2026-04,150,2026
products,2026-04-05,2026-04,140,2026
products,2026-04-06,2026-04,146,2026
products,2026-04-07,2026-04,113,2026
products,2026-04-08,2026-04,130,2026
products,2026-04-09,2026-04,145,2026
products,2026-04-10,2026-04,130,2026
products,2026-04-11,2026-04,148,2026
products,2026-04-12,2026-04,138,2026
products,2026-04-13,2026-04,141,2026
products,2026-04-14,2026-04,145,2026
products,2026-04-15,2026-04,135,2026
products,2026-04-16,2026-04,128,2026
products,2026-04-17,2026-04,155,2026
products,2026-04-18,2026-04,175,2026
products,2026-04-19,2026-04,125,2026
products,2026-04-20,2026-04,135,2026
products,2026-04-21,2026-04,128,2026
products,2026-04-22,2026-04,129,2026
products,2026-04-23,2026-04,151,2026
products,2026-04-24,2026-04,117,2026
products,2026-04-25,2026-04,125,2026
products,2026-04-26,2026-04,133,2026
products,2026-04-27,2026-04,133,2026
products,2026-04-28,2026-04,135,2026
products,2026-04-29,2026-04,133,2026
products,2026-04-30,2026-04,147,2026
products,2026-05-01,2026-05,133,2026
products,2026-05-02,2026-05,149,2026
products,2026-05-03,2026-05,131,2026
products,2026-05-04,2026-05,142,2026
products,2026-05-05,2026-05,135,2026
products,2026-05-06,2026-05,140,2026
products,2026-05-07,2026-05,158,2026
products,2026-05-08,2026-05,123,2026
products,2026-05-09,2026-05,137,2026
products,2026-05-10,2026-05,125,2026
products,2026-05-11,2026-05,141,2026
products,2026-05-12,2026-05,139,2026
products,2026-05-13,2026-05,132,2026
products,2026-05-14,2026-05,150,2026
products,2026-05-15,2026-05,139,2026
products,2026-05-16,2026-05,154,2026
products,2026-05-17,2026-05,135,2026
products,2026-05-18,2026-05,128,2026
products,2026-05-19,2026-05,155,2026
products,2026-05-20,2026-05,127,2026
products,2026-05-21,2026-05,112,2026
products,2026-05-22,2026-05,136,2026
products,2026-05-23,2026-05,165,2026
products,2026-05-24,2026-05,100,2026
products,2026-05-25,2026-05,145,2026
products,2026-05-26,2026-05,144,2026
products,2026-05-27,2026-05,153,2026
products,2026-05-28,2026-05,147,2026
products,2026-05-29,2026-05,132,2026
products,2026-05-30,2026-05,138,2026
products,2026-05-31,2026-05,138,2026
products,2026-06-01,2026-06,134,2026
products,2026-06-02,2026-06,144,2026
products,2026-06-03,2026-06,138,2026
products,2026-06-04,2026-06,129,2026
products,2026-06-05,2026-06,155,2026
products,2026-06-06,2026-06,130,2026
products,2026-06-07,2026-06,145,2026
products,2026-06-08,2026-06,133,2026
products,2026-06-09,2026-06,140,2026
products,2026-06-10,2026-06,125,2026
products,2026-06-11,2026-06,138,2026
products,2026-06-12,2026-06,142,2026
products,2026-06-13,2026-06,126,2026
products,2026-06-14,2026-06,150,2026
products,2026-06-15,2026-06,124,2026
products,2026-06-16,2026-06,132,2026
products,2026-06-17,2026-06,136,2026
products,2026-06-18,2026-06,117,2026
products,2026-06-19,2026-06,143,2026
products,2026-06-20,2026-06,140,2026
products,2026-06-21,2026-06,139,2026
products,2026-06-22,2026-06,146,2026
products,2026-06-23,2026-06,135,2026
products,2026-06-24,2026-06,130,2026
products,2026-06-25,2026-06,120,2026
products,2026-06-26,2026-06,136,2026
products,2026-06-27,2026-06,103,2026
products,2026-06-28,2026-06,125,2026
products,2026-06-29,2026-06,146,2026
products,2026-06-30,2026-06,139,2026
products,2026-07-01,2026-07,131,2026
products,2026-07-02,2026-07,138,2026
products,2026-07-03,2026-07,136,2026
products,2026-07-04,2026-07,137,2026
products,2026-07-05,2026-07,150,2026
products,2026-07-06,2026-07,123,2026
products,2026-07-07,2026-07,115,2026
products,2026-07-08,2026-07,128,2026
products,2026-07-09,2026-07,111,2026
products,2026-07-10,2026-07,133,2026
products,2026-07-11,2026-07,121,2026
products,2026-07-12,2026-07,104,2026
products,2026-07-13,2026-07,145,2026
products,2026-07-14,2026-07,116,2026
products,2026-07-15,2026-07,134,2026
products,2026-07-16,2026-07,133,2026
products,2026-07-17,2026-07,127,2026
products,2026-07-18,2026-07,115,2026
products,2026-07-19,2026-07,122,2026
products,2026-07-20,2026-07,123,2026
products,2026-07-21,2026-07,132,2026
products,2026-07-22,2026-07,123,2026
products,2026-07-23,2026-07,122,2026
products,2026-07-24,2026-07,135,2026
products,2026-07-25,2026-07,131,2026
products,2026-07-26,2026-07,120,2026
products,2026-07-27,2026-07,138,2026
products,2026-07-28,2026-07,101,2026
products,2026-07-29,2026-07,108,2026
products,2026-07-30,2026-07,117,2026
products,2026-07-31,2026-07,123,2026
products,2026-08-01,2026-08,119,2026
products,2026-08-02,2026-08,105,2026
products,2026-08-03,2026-08,136,2026
products,2026-08-04,2026-08,112,2026
products,2026-08-05,2026-08,108,2026
products,2026-08-06,2026-08,110,2026
products,2026-08-07,2026-08,126,2026
products,2026-08-08,2026-08,123,2026
products,2026-08-09,2026-08,107,2026
products,2026-08-10,2026-08,122,2026
products,2026-08-11,2026-08,114,2026
products,2026-08-12,2026-08,125,2026
products,2026-08-13,2026-08,126,2026
products,2026-08-14,2026-08,130,2026
products,2026-08-15,2026-08,94,2026
products,2026-08-16,2026-08,119,2026
products,2026-08-17,2026-08,100,2026
products,2026-08-18,2026-08,119,2026
products,2026-08-19,2026-08,99,2026
products,2026-08-20,2026-08,113,2026
products,2026-08-21,2026-08,114,2026
products,2026-08-22,2026-08,108,2026
products,2026-08-23,2026-08,111,2026
products,2026-08-24,2026-08,139,2026
products,2026-08-25,2026-08,110,2026
products,2026-08-26,2026-08,114,2026
products,2026-08-27,2026-08,116,2026
products,2026-08-28,2026-08,94,2026
products,2026-08-29,2026-08,109,2026
products,2026-08-30,2026-08,127,2026
products,2026-08-31,2026-08,114,2026
products,2026-09-01,2026-09,113,2026
products,2026-09-02,2026-09,100,2026
products,2026-09-03,2026-09,93,2026
products,2026-09-04,2026-09,111,2026
products,2026-09-05,2026-09,108,2026
products,2026-09-06,2026-09,89,2026
products,2026-09-07,2026-09,87,2026
products,2026-09-08,2026-09,98,2026
products,2026-09-09,2026-09,115,2026
products,2026-09-10,2026-09,96,2026
products,2026-09-11,2026-09,96,2026
products,2026-09-12,2026-09,99,2026
products,2026-09-13,2026-09,110,2026
products,2026-09-14,2026-09,103,2026
products,2026-09-15,2026-09,107,2026
products,2026-09-16,2026-09,98,2026
products,2026-09-17,2026-09,93,2026
products,2026-09-18,2026-09,116,2026
products,2026-09-19,2026-09,91,2026
products,2026-09-20,2026-09,94,2026
products,2026-09-21,2026-09,121,2026
products,2026-09-22,2026-09,88,2026
products,2026-09-23,2026-09,101,2026
products,2026-09-24,2026-09,93,2026
products,2026-09-25,2026-09,108,2026
products,2026-09-26,2026-09,104,2026
products,2026-09-27,2026-09,103,2026
products,2026-09-28,2026-09,117,2026
products,2026-09-29,2026-09,86,2026
products,2026-09-30,2026-09,92,2026
products,2026-10-01,2026-10,106,2026
products,2026-10-02,2026-10,93,2026
products,2026-10-03,2026-10,103,2026
products,2026-10-04,2026-10,84,2026
products,2026-10-05,2026-10,96,2026
products,2026-10-06,2026-10,86,2026
products,2026-10-07,2026-10,78,2026
products,2026-10-08,2026-10,99,2026
products,2026-10-09,2026-10,93,2026
products,2026-10-10,2026-10,106,2026
products,2026-10-11,2026-10,93,2026
products,2026-10-12,2026-10,104,2026
products,2026-10-13,2026-10,81,2026
products,2026-10-14,2026-10,94,2026
products,2026-10-15,2026-10,93,2026
products,2026-10-16,2026-10,107,2026
products,2026-10-17,2026-10,108,2026
products,2026-10-18,2026-10,81,2026
products,2026-10-19,2026-10,97,2026
products,2026-10-20,2026-10,102,2026
products,2026-10-21,2026-10,90,2026
products,2026-10-22,2026-10,85,2026
products,2026-10-23,2026-10,94,2026
products,2026-10-24,2026-10,87,2026
products,2026-10-25,2026-10,94,2026
products,2026-10-26,2026-10,75,2026
products,2026-10-27,2026-10,93,2026
products,2026-10-28,2026-10,91,2026
products,2026-10-29,2026-10,92,2026
products,2026-10-30,2026-10,96,2026
products,2026-10-31,2026-10,86,2026
products,2026-11-01,2026-11,71,2026
products,2026-11-02,2026-11,74,2026
products,2026-11-03,2026-11,86,2026
products,2026-11-04,2026-11,74,2026
products,2026-11-05,2026-11,103,2026
products,2026-11-06,2026-11,96,2026
products,2026-11-07,2026-11,97,2026
products,2026-11-08,2026-11,75,2026
products,2026-11-09,2026-11,79,2026
products,2026-11-10,2026-11,72,2026
products,2026-11-11,2026-11,78,2026
products,2026-11-12,2026-11,86,2026
products,2026-11-13,2026-11,83,2026
products,2026-11-14,2026-11,90,2026
products,2026-11-15,2026-11,71,2026
products,2026-11-16,2026-11,82,2026
products,2026-11-17,2026-11,72,2026
products,2026-11-18,2026-11,94,2026
products,2026-11-19,2026-11,85,2026
products,2026-11-20,2026-11,79,2026
products,2026-11-21,2026-11,85,2026
products,2026-11-22,2026-11,82,2026
products,2026-11-23,2026-11,85,2026
products,2026-11-24,2026-11,99,2026
products,2026-11-25,2026-11,101,2026
products,2026-11-26,2026-11,87,2026
products,2026-11-27,2026-11,87,2026
products,2026-11-28,2026-11,66,2026
products,2026-11-29,2026-11,81,2026
products,2026-11-30,2026-11,62,2026
products,2026-12-01,2026-12,81,2026
products,2026-12-02,2026-12,74,2026
products,2026-12-03,2026-12,78,2026
products,2026-12-04,2026-12,78,2026
products,2026-12-05,2026-12,80,2026
products,2026-12-06,2026-12,84,2026
products,2026-12-07,2026-12,77,2026
products,2026-12-08,2026-12,87,2026
products,2026-12-09,2026-12,73,2026
products,2026-12-10,2026-12,63,2026
products,2026-12-11,2026-12,62,2026
products,2026-12-12,2026-12,71,2026
products,2026-12-13,2026-12,76,2026
products,2026-12-14,2026-12,77,2026
products,2026-12-15,2026-12,69,2026
products,2026-12-16,2026-12,61,2026
products,2026-12-17,2026-12,73,2026
products,2026-12-18,2026-12,75,2026
products,2026-12-19,2026-12,53,2026
products,2026-12-20,2026-12,68,2026
products,2026-12-21,2026-12,55,2026
products,2026-12-22,2026-12,76,2026
products,2026-12-23,2026-12,65,2026
products,2026-12-24,2026-12,74,2026
products,2026-12-25,2026-12,58,2026
products,2026-12-26,2026-12,71,2026
products,2026-12-27,2026-12,76,2026
products,2026-12-28,2026-12,75,2026
products,2026-12-29,2026-12,62,2026
products,2026-12-30,2026-12,58,2026
products,2026-12-31,2026-12,66,2026
products,2027-01-01,2027-01,63,2027
products,2027-01-02,2027-01,63,2027
products,2027-01-03,2027-01,55,2027
products,2027-01-04,2027-01,66,2027
products,2027-01-05,2027-01,67,2027
products,2027-01-06,2027-01,65,2027
products,2027-01-07,2027-01,51,2027
products,2027-01-08,2027-01,61,2027
products,2027-01-09,2027-01,54,2027
products,2027-01-10,2027-01,55,2027
products,2027-01-11,2027-01,57,2027
products,2027-01-12,2027-01,65,2027
products,2027-01-13,2027-01,53,2027
products,2027-01-14,2027-01,57,2027
products,2027-01-15,2027-01,62,2027
products,2027-01-16,2027-01,56,2027
products,2027-01-17,2027-01,56,2027
products,2027-01-18,2027-01,59,2027
products,2027-01-19,2027-01,47,2027
products,2027-01-20,2027-01,68,2027
products,2027-01-21,2027-01,56,2027
products,2027-01-22,2027-01,61,2027
products,2027-01-23,2027-01,55,2027
products,2027-01-24,2027-01,63,2027
products,2027-01-25,2027-01,47,2027
products,2027-01-26,2027-01,54,2027
products,2027-01-27,2027-01,64,2027
products,2027-01-28,2027-01,53,2027
products,2027-01-29,2027-01,50,2027
products,2027-01-30,2027-01,54,2027
products,2027-01-31,2027-01,73,2027
products,2027-02-01,2027-02,46,2027
products,2027-02-02,2027-02,46,2027
products,2027-02-03,2027-02,61,2027
products,2027-02-04,2027-02,60,2027
products,2027-02-05,2027-02,36,2027
products,2027-02-06,2027-02,46,2027
products,2027-02-07,2027-02,46,2027
products,2027-02-08,2027-02,40,2027
products,2027-02-09,2027-02,38,2027
products,2027-02-10,2027-02,45,2027
products,2027-02-11,2027-02,50,2027
products,2027-02-12,2027-02,42,2027
products,2027-02-13,2027-02,55,2027
products,2027-02-14,2027-02,53,2027
products,2027-02-15,2027-02,48,2027
products,2027-02-16,2027-02,38,2027
products,2027-02-17,2027-02,45,2027
products,2027-02-18,2027-02,34,2027
products,2027-02-19,2027-02,41,2027
products,2027-02-20,2027-02,45,2027
products,2027-02-21,2027-02,40,2027
products,2027-02-22,2027-02,49,2027
products,2027-02-23,2027-02,49,2027
products,2027-02-24,2027-02,45,2027
products,2027-02-25,2027-02,54,2027
products,2027-02-26,2027-02,42,2027
products,2027-02-27,2027-02,50,2027
products,2027-02-28,2027-02,36,2027
products,2027-03-01,2027-03,38,2027
products,2027-03-02,2027-03,47,2027
products,2027-03-03,2027-03,44,2027
products,2027-03-04,2027-03,43,2027
products,2027-03-05,2027-03,37,2027
products,2027-03-06,2027-03,41,2027
products,2027-03-07,2027-03,37,2027
products,2027-03-08,2027-03,35,2027
products,2027-03-09,2027-03,33,2027
products,2027-03-10,2027-03,48,2027
products,2027-03-11,2027-03,41,2027
products,2027-03-12,2027-03,43,2027
products,2027-03-13,2027-03,35,2027
products,2027-03-14,2027-03,31,2027
products,2027-03-15,2027-03,33,2027
products,2027-03-16,2027-03,36,2027
products,2027-03-17,2027-03,38,2027
products,2027-03-18,2027-03,27,2027
products,2027-03-19,2027-03,26,2027
products,2027-03-20,2027-03,34,2027
products,2027-03-21,2027-03,31,2027
products,2027-03-22,2027-03,31,2027
products,2027-03-23,2027-03,33,2027
products,2027-03-24,2027-03,27,2027
products,2027-03-25,2027-03,43,2027
products,2027-03-26,2027-03,21,2027
products,2027-03-27,2027-03,43,2027
products,2027-03-28,2027-03,41,2027
products,2027-03-29,2027-03,21,2027
products,2027-03-30,2027-03,28,2027
products,2027-03-31,2027-03,21,2027
products,2027-04-01,2027-04,20,2027
products,2027-04-02,2027-04,45,2027
products,2027-04-03,2027-04,27,2027
products,2027-04-04,2027-04,18,2027
products,2027-04-05,2027-04,35,2027
products,2027-04-06,2027-04,24,2027
products,2027-04-07,2027-04,16,2027
products,2027-04-08,2027-04,39,2027
products,2027-04-09,2027-04,27,2027
products,2027-04-10,2027-04,20,2027
products,2027-04-11,2027-04,29,2027
products,2027-04-12,2027-04,27,2027
products,2027-04-13,2027-04,27,2027
products,2027-04-14,2027-04,19,2027
products,2027-04-15,2027-04,22,2027
products,2027-04-16,2027-04,31,2027
products,2027-04-17,2027-04,25,2027
products,2027-04-18,2027-04,27,2027
products,2027-04-19,2027-04,21,2027
products,2027-04-20,2027-04,24,2027
products,2027-04-21,2027-04,27,2027
products,2027-04-22,2027-04,21,2027
products,2027-04-23,2027-04,15,2027
products,2027-04-24,2027-04,20,2027
products,2027-04-25,2027-04,20,2027
products,2027-04-26,2027-04,17,2027
products,2027-04-27,2027-04,17,2027
products,2027-04-28,2027-04,20,2027
products,2027-04-29,2027-04,17,2027
products,2027-04-30,2027-04,16,2027
products,2027-05-01,2027-05,13,2027
products,2027-05-02,2027-05,22,2027
products,2027-05-03,2027-05,14,2027
products,2027-05-04,2027-05,11,2027
products,2027-05-05,2027-05,20,2027
products,2027-05-06,2027-05,21,2027
products,2027-05-07,2027-05,20,2027
products,2027-05-08,2027-05,17,2027
products,2027-05-09,2027-05,13,2027
products,2027-05-10,2027-05,16,2027
products,2027-05-11,2027-05,13,2027
products,2027-05-12,2027-05,15,2027
products,2027-05-13,2027-05,7,2027
products,2027-05-14,2027-05,21,2027
products,2027-05-15,2027-05,12,2027
products,2027-05-16,2027-05,20,2027
products,2027-05-17,2027-05,9,2027
products,2027-05-18,2027-05,10,2027
products,2027-05-19,2027-05,12,2027
products,2027-05-20,2027-05,11,2027
products,2027-05-21,2027-05,10,2027
products,2027-05-22,2027-05,7,2027
products,2027-05-23,2027-05,9,2027
products,2027-05-24,2027-05,8,2027
products,2027-05-25,2027-05,13,2027
products,2027-05-26,2027-05,9,2027
products,2027-05-27,2027-05,10,2027
products,2027-05-28,2027-05,14,2027
products,2027-05-29,2027-05,7,2027
products,2027-05-30,2027-05,6,2027
products,2027-05-31,2027-05,6,2027
products,2027-06-01,2027-06,4,2027
products,2027-06-02,2027-06,5,2027
products,2027-06-03,2027-06,6,2027
products,2027-06-04,2027-06,4,2027
products,2027-06-05,2027-06,7,2027
products,2027-06-06,2027-06,2,2027
products,2027-06-07,2027-06,6,2027
products,2027-06-08,2027-06,1,2027
products,2027-06-09,2027-06,3,2027
products,2027-06-10,2027-06,9,2027
products,2027-06-11,2027-06,2,2027
products,2027-06-12,2027-06,3,2027
products,2027-06-13,2027-06,5,2027
products,2027-06-15,2027-06,1,2027
satisfaction_surveys,2023-06-17,2023-06,119,2023
satisfaction_surveys,2023-06-18,2023-06,119,2023
satisfaction_surveys,2023-06-19,2023-06,253,2023
satisfaction_surveys,2023-06-20,2023-06,224,2023
satisfaction_surveys,2023-06-21,2023-06,212,2023
satisfaction_surveys,2023-06-22,2023-06,191,2023
satisfaction_surveys,2023-06-23,2023-06,244,2023
satisfaction_surveys,2023-06-24,2023-06,128,2023
satisfaction_surveys,2023-06-25,2023-06,92,2023
satisfaction_surveys,2023-06-26,2023-06,257,2023
satisfaction_surveys,2023-06-27,2023-06,268,2023
satisfaction_surveys,2023-06-28,2023-06,270,2023
satisfaction_surveys,2023-06-29,2023-06,265,2023
satisfaction_surveys,2023-06-30,2023-06,227,2023
satisfaction_surveys,2023-07-01,2023-07,109,2023
satisfaction_surveys,2023-07-02,2023-07,120,2023
satisfaction_surveys,2023-07-03,2023-07,246,2023
satisfaction_surveys,2023-07-04,2023-07,258,2023
satisfaction_surveys,2023-07-05,2023-07,242,2023
satisfaction_surveys,2023-07-06,2023-07,268,2023
satisfaction_surveys,2023-07-07,2023-07,228,2023
satisfaction_surveys,2023-07-08,2023-07,123,2023
satisfaction_surveys,2023-07-09,2023-07,96,2023
satisfaction_surveys,2023-07-10,2023-07,225,2023
satisfaction_surveys,2023-07-11,2023-07,263,2023
satisfaction_surveys,2023-07-12,2023-07,203,2023
satisfaction_surveys,2023-07-13,2023-07,249,2023
satisfaction_surveys,2023-07-14,2023-07,259,2023
satisfaction_surveys,2023-07-15,2023-07,125,2023
satisfaction_surveys,2023-07-16,2023-07,116,2023
satisfaction_surveys,2023-07-17,2023-07,217,2023
satisfaction_surveys,2023-07-18,2023-07,264,2023
satisfaction_surveys,2023-07-19,2023-07,203,2023
satisfaction_surveys,2023-07-20,2023-07,225,2023
satisfaction_surveys,2023-07-21,2023-07,247,2023
satisfaction_surveys,2023-07-22,2023-07,119,2023
satisfaction_surveys,2023-07-23,2023-07,94,2023
satisfaction_surveys,2023-07-24,2023-07,184,2023
satisfaction_surveys,2023-07-25,2023-07,221,2023
satisfaction_surveys,2023-07-26,2023-07,266,2023
satisfaction_surveys,2023-07-27,2023-07,181,2023
satisfaction_surveys,2023-07-28,2023-07,207,2023
satisfaction_surveys,2023-07-29,2023-07,118,2023
satisfaction_surveys,2023-07-30,2023-07,92,2023
satisfaction_surveys,2023-07-31,2023-07,196,2023
satisfaction_surveys,2023-08-01,2023-08,258,2023
satisfaction_surveys,2023-08-02,2023-08,188,2023
satisfaction_surveys,2023-08-03,2023-08,256,2023
satisfaction_surveys,2023-08-04,2023-08,181,2023
satisfaction_surveys,2023-08-05,2023-08,135,2023
satisfaction_surveys,2023-08-06,2023-08,131,2023
satisfaction_surveys,2023-08-07,2023-08,193,2023
satisfaction_surveys,2023-08-08,2023-08,252,2023
satisfaction_surveys,2023-08-09,2023-08,186,2023
satisfaction_surveys,2023-08-10,2023-08,220,2023
satisfaction_surveys,2023-08-11,2023-08,239,2023
satisfaction_surveys,2023-08-12,2023-08,105,2023
satisfaction_surveys,2023-08-13,2023-08,97,2023
satisfaction_surveys,2023-08-14,2023-08,213,2023
satisfaction_surveys,2023-08-15,2023-08,245,2023
satisfaction_surveys,2023-08-16,2023-08,191,2023
satisfaction_surveys,2023-08-17,2023-08,255,2023
satisfaction_surveys,2023-08-18,2023-08,270,2023
satisfaction_surveys,2023-08-19,2023-08,92,2023
satisfaction_surveys,2023-08-20,2023-08,92,2023
satisfaction_surveys,2023-08-21,2023-08,237,2023
satisfaction_surveys,2023-08-22,2023-08,214,2023
satisfaction_surveys,2023-08-23,2023-08,245,2023
satisfaction_surveys,2023-08-24,2023-08,268,2023
satisfaction_surveys,2023-08-25,2023-08,202,2023
satisfaction_surveys,2023-08-26,2023-08,94,2023
satisfaction_surveys,2023-08-27,2023-08,120,2023
satisfaction_surveys,2023-08-28,2023-08,242,2023
satisfaction_surveys,2023-08-29,2023-08,231,2023
satisfaction_surveys,2023-08-30,2023-08,246,2023
satisfaction_surveys,2023-08-31,2023-08,217,2023
satisfaction_surveys,2023-09-01,2023-09,208,2023
satisfaction_surveys,2023-09-02,2023-09,100,2023
satisfaction_surveys,2023-09-03,2023-09,110,2023
satisfaction_surveys,2023-09-04,2023-09,199,2023
satisfaction_surveys,2023-09-05,2023-09,247,2023
satisfaction_surveys,2023-09-06,2023-09,266,2023
satisfaction_surveys,2023-09-07,2023-09,221,2023
satisfaction_surveys,2023-09-08,2023-09,248,2023
satisfaction_surveys,2023-09-09,2023-09,111,2023
satisfaction_surveys,2023-09-10,2023-09,105,2023
satisfaction_surveys,2023-09-11,2023-09,190,2023
satisfaction_surveys,2023-09-12,2023-09,224,2023
satisfaction_surveys,2023-09-13,2023-09,222,2023
satisfaction_surveys,2023-09-14,2023-09,188,2023
satisfaction_surveys,2023-09-15,2023-09,270,2023
satisfaction_surveys,2023-09-16,2023-09,107,2023
satisfaction_surveys,2023-09-17,2023-09,106,2023
satisfaction_surveys,2023-09-18,2023-09,197,2023
satisfaction_surveys,2023-09-19,2023-09,228,2023
satisfaction_surveys,2023-09-20,2023-09,205,2023
satisfaction_surveys,2023-09-21,2023-09,188,2023
satisfaction_surveys,2023-09-22,2023-09,270,2023
satisfaction_surveys,2023-09-23,2023-09,129,2023
satisfaction_surveys,2023-09-24,2023-09,107,2023
satisfaction_surveys,2023-09-25,2023-09,198,2023
satisfaction_surveys,2023-09-26,2023-09,190,2023
satisfaction_surveys,2023-09-27,2023-09,246,2023
satisfaction_surveys,2023-09-28,2023-09,222,2023
satisfaction_surveys,2023-09-29,2023-09,246,2023
satisfaction_surveys,2023-09-30,2023-09,114,2023
satisfaction_surveys,2023-10-01,2023-10,133,2023
satisfaction_surveys,2023-10-02,2023-10,268,2023
satisfaction_surveys,2023-10-03,2023-10,214,2023
satisfaction_surveys,2023-10-04,2023-10,208,2023
satisfaction_surveys,2023-10-05,2023-10,248,2023
satisfaction_surveys,2023-10-06,2023-10,186,2023
satisfaction_surveys,2023-10-07,2023-10,107,2023
satisfaction_surveys,2023-10-08,2023-10,124,2023
satisfaction_surveys,2023-10-09,2023-10,181,2023
satisfaction_surveys,2023-10-10,2023-10,188,2023
satisfaction_surveys,2023-10-11,2023-10,255,2023
satisfaction_surveys,2023-10-12,2023-10,213,2023
satisfaction_surveys,2023-10-13,2023-10,206,2023
satisfaction_surveys,2023-10-14,2023-10,113,2023
satisfaction_surveys,2023-10-15,2023-10,134,2023
satisfaction_surveys,2023-10-16,2023-10,217,2023
satisfaction_surveys,2023-10-17,2023-10,233,2023
satisfaction_surveys,2023-10-18,2023-10,228,2023
satisfaction_surveys,2023-10-19,2023-10,257,2023
satisfaction_surveys,2023-10-20,2023-10,215,2023
satisfaction_surveys,2023-10-21,2023-10,122,2023
satisfaction_surveys,2023-10-22,2023-10,108,2023
satisfaction_surveys,2023-10-23,2023-10,232,2023
satisfaction_surveys,2023-10-24,2023-10,264,2023
satisfaction_surveys,2023-10-25,2023-10,235,2023
satisfaction_surveys,2023-10-26,2023-10,193,2023
satisfaction_surveys,2023-10-27,2023-10,231,2023
satisfaction_surveys,2023-10-28,2023-10,103,2023
satisfaction_surveys,2023-10-29,2023-10,116,2023
satisfaction_surveys,2023-10-30,2023-10,248,2023
satisfaction_surveys,2023-10-31,2023-10,187,2023
satisfaction_surveys,2023-11-01,2023-11,235,2023
satisfaction_surveys,2023-11-02,2023-11,200,2023
satisfaction_surveys,2023-11-03,2023-11,235,2023
satisfaction_surveys,2023-11-04,2023-11,99,2023
satisfaction_surveys,2023-11-05,2023-11,104,2023
satisfaction_surveys,2023-11-06,2023-11,264,2023
satisfaction_surveys,2023-11-07,2023-11,234,2023
satisfaction_surveys,2023-11-08,2023-11,218,2023
satisfaction_surveys,2023-11-09,2023-11,183,2023
satisfaction_surveys,2023-11-10,2023-11,190,2023
satisfaction_surveys,2023-11-11,2023-11,112,2023
satisfaction_surveys,2023-11-12,2023-11,107,2023
satisfaction_surveys,2023-11-13,2023-11,199,2023
satisfaction_surveys,2023-11-14,2023-11,267,2023
satisfaction_surveys,2023-11-15,2023-11,252,2023
satisfaction_surveys,2023-11-16,2023-11,262,2023
satisfaction_surveys,2023-11-17,2023-11,192,2023
satisfaction_surveys,2023-11-18,2023-11,95,2023
satisfaction_surveys,2023-11-19,2023-11,103,2023
satisfaction_surveys,2023-11-20,2023-11,199,2023
satisfaction_surveys,2023-11-21,2023-11,235,2023
satisfaction_surveys,2023-11-22,2023-11,219,2023
satisfaction_surveys,2023-11-23,2023-11,229,2023
satisfaction_surveys,2023-11-24,2023-11,247,2023
satisfaction_surveys,2023-11-25,2023-11,135,2023
satisfaction_surveys,2023-11-26,2023-11,106,2023
satisfaction_surveys,2023-11-27,2023-11,241,2023
satisfaction_surveys,2023-11-28,2023-11,259,2023
satisfaction_surveys,2023-11-29,2023-11,195,2023
satisfaction_surveys,2023-11-30,2023-11,188,2023
satisfaction_surveys,2023-12-01,2023-12,267,2023
satisfaction_surveys,2023-12-02,2023-12,116,2023
satisfaction_surveys,2023-12-03,2023-12,118,2023
satisfaction_surveys,2023-12-04,2023-12,233,2023
satisfaction_surveys,2023-12-05,2023-12,185,2023
satisfaction_surveys,2023-12-06,2023-12,238,2023
satisfaction_surveys,2023-12-07,2023-12,214,2023
satisfaction_surveys,2023-12-08,2023-12,237,2023
satisfaction_surveys,2023-12-09,2023-12,106,2023
satisfaction_surveys,2023-12-10,2023-12,118,2023
satisfaction_surveys,2023-12-11,2023-12,200,2023
satisfaction_surveys,2023-12-12,2023-12,262,2023
satisfaction_surveys,2023-12-13,2023-12,243,2023
satisfaction_surveys,2023-12-14,2023-12,270,2023
satisfaction_surveys,2023-12-15,2023-12,187,2023
satisfaction_surveys,2023-12-16,2023-12,98,2023
satisfaction_surveys,2023-12-17,2023-12,131,2023
satisfaction_surveys,2023-12-18,2023-12,266,2023
satisfaction_surveys,2023-12-19,2023-12,230,2023
satisfaction_surveys,2023-12-20,2023-12,247,2023
satisfaction_surveys,2023-12-21,2023-12,209,2023
satisfaction_surveys,2023-12-22,2023-12,261,2023
satisfaction_surveys,2023-12-23,2023-12,107,2023
satisfaction_surveys,2023-12-24,2023-12,117,2023
satisfaction_surveys,2023-12-25,2023-12,195,2023
satisfaction_surveys,2023-12-26,2023-12,191,2023
satisfaction_surveys,2023-12-27,2023-12,206,2023
satisfaction_surveys,2023-12-28,2023-12,206,2023
satisfaction_surveys,2023-12-29,2023-12,201,2023
satisfaction_surveys,2023-12-30,2023-12,134,2023
satisfaction_surveys,2023-12-31,2023-12,128,2023
satisfaction_surveys,2024-01-01,2024-01,263,2024
satisfaction_surveys,2024-01-02,2024-01,183,2024
satisfaction_surveys,2024-01-03,2024-01,228,2024
satisfaction_surveys,2024-01-04,2024-01,188,2024
satisfaction_surveys,2024-01-05,2024-01,232,2024
satisfaction_surveys,2024-01-06,2024-01,101,2024
satisfaction_surveys,2024-01-07,2024-01,93,2024
satisfaction_surveys,2024-01-08,2024-01,225,2024
satisfaction_surveys,2024-01-09,2024-01,211,2024
satisfaction_surveys,2024-01-10,2024-01,183,2024
satisfaction_surveys,2024-01-11,2024-01,248,2024
satisfaction_surveys,2024-01-12,2024-01,210,2024
satisfaction_surveys,2024-01-13,2024-01,117,2024
satisfaction_surveys,2024-01-14,2024-01,125,2024
satisfaction_surveys,2024-01-15,2024-01,225,2024
satisfaction_surveys,2024-01-16,2024-01,268,2024
satisfaction_surveys,2024-01-17,2024-01,256,2024
satisfaction_surveys,2024-01-18,2024-01,228,2024
satisfaction_surveys,2024-01-19,2024-01,202,2024
satisfaction_surveys,2024-01-20,2024-01,100,2024
satisfaction_surveys,2024-01-21,2024-01,114,2024
satisfaction_surveys,2024-01-22,2024-01,237,2024
satisfaction_surveys,2024-01-23,2024-01,204,2024
satisfaction_surveys,2024-01-24,2024-01,184,2024
satisfaction_surveys,2024-01-25,2024-01,216,2024
satisfaction_surveys,2024-01-26,2024-01,208,2024
satisfaction_surveys,2024-01-27,2024-01,109,2024
satisfaction_surveys,2024-01-28,2024-01,133,2024
satisfaction_surveys,2024-01-29,2024-01,199,2024
satisfaction_surveys,2024-01-30,2024-01,210,2024
satisfaction_surveys,2024-01-31,2024-01,194,2024
satisfaction_surveys,2024-02-01,2024-02,183,2024
satisfaction_surveys,2024-02-02,2024-02,214,2024
satisfaction_surveys,2024-02-03,2024-02,105,2024
satisfaction_surveys,2024-02-04,2024-02,134,2024
satisfaction_surveys,2024-02-05,2024-02,269,2024
satisfaction_surveys,2024-02-06,2024-02,224,2024
satisfaction_surveys,2024-02-07,2024-02,252,2024
satisfaction_surveys,2024-02-08,2024-02,215,2024
satisfaction_surveys,2024-02-09,2024-02,250,2024
satisfaction_surveys,2024-02-10,2024-02,126,2024
satisfaction_surveys,2024-02-11,2024-02,97,2024
satisfaction_surveys,2024-02-12,2024-02,225,2024
satisfaction_surveys,2024-02-13,2024-02,191,2024
satisfaction_surveys,2024-02-14,2024-02,249,2024
satisfaction_surveys,2024-02-15,2024-02,244,2024
satisfaction_surveys,2024-02-16,2024-02,237,2024
satisfaction_surveys,2024-02-17,2024-02,125,2024
satisfaction_surveys,2024-02-18,2024-02,132,2024
satisfaction_surveys,2024-02-19,2024-02,268,2024
satisfaction_surveys,2024-02-20,2024-02,228,2024
satisfaction_surveys,2024-02-21,2024-02,212,2024
satisfaction_surveys,2024-02-22,2024-02,207,2024
satisfaction_surveys,2024-02-23,2024-02,218,2024
satisfaction_surveys,2024-02-24,2024-02,107,2024
satisfaction_surveys,2024-02-25,2024-02,116,2024
satisfaction_surveys,2024-02-26,2024-02,271,2024
satisfaction_surveys,2024-02-27,2024-02,235,2024
satisfaction_surveys,2024-02-28,2024-02,206,2024
satisfaction_surveys,2024-02-29,2024-02,187,2024
satisfaction_surveys,2024-03-01,2024-03,224,2024
satisfaction_surveys,2024-03-02,2024-03,98,2024
satisfaction_surveys,2024-03-03,2024-03,133,2024
satisfaction_surveys,2024-03-04,2024-03,199,2024
satisfaction_surveys,2024-03-05,2024-03,240,2024
satisfaction_surveys,2024-03-06,2024-03,204,2024
satisfaction_surveys,2024-03-07,2024-03,196,2024
satisfaction_surveys,2024-03-08,2024-03,249,2024
satisfaction_surveys,2024-03-09,2024-03,99,2024
satisfaction_surveys,2024-03-10,2024-03,112,2024
satisfaction_surveys,2024-03-11,2024-03,232,2024
satisfaction_surveys,2024-03-12,2024-03,221,2024
satisfaction_surveys,2024-03-13,2024-03,228,2024
satisfaction_surveys,2024-03-14,2024-03,196,2024
satisfaction_surveys,2024-03-15,2024-03,213,2024
satisfaction_surveys,2024-03-16,2024-03,99,2024
satisfaction_surveys,2024-03-17,2024-03,109,2024
satisfaction_surveys,2024-03-18,2024-03,237,2024
satisfaction_surveys,2024-03-19,2024-03,183,2024
satisfaction_surveys,2024-03-20,2024-03,203,2024
satisfaction_surveys,2024-03-21,2024-03,181,2024
satisfaction_surveys,2024-03-22,2024-03,231,2024
satisfaction_surveys,2024-03-23,2024-03,116,2024
satisfaction_surveys,2024-03-24,2024-03,134,2024
satisfaction_surveys,2024-03-25,2024-03,267,2024
satisfaction_surveys,2024-03-26,2024-03,250,2024
satisfaction_surveys,2024-03-27,2024-03,259,2024
satisfaction_surveys,2024-03-28,2024-03,250,2024
satisfaction_surveys,2024-03-29,2024-03,224,2024
satisfaction_surveys,2024-03-30,2024-03,131,2024
satisfaction_surveys,2024-03-31,2024-03,131,2024
satisfaction_surveys,2024-04-01,2024-04,260,2024
satisfaction_surveys,2024-04-02,2024-04,234,2024
satisfaction_surveys,2024-04-03,2024-04,250,2024
satisfaction_surveys,2024-04-04,2024-04,194,2024
satisfaction_surveys,2024-04-05,2024-04,268,2024
satisfaction_surveys,2024-04-06,2024-04,128,2024
satisfaction_surveys,2024-04-07,2024-04,118,2024
satisfaction_surveys,2024-04-08,2024-04,198,2024
satisfaction_surveys,2024-04-09,2024-04,241,2024
satisfaction_surveys,2024-04-10,2024-04,238,2024
satisfaction_surveys,2024-04-11,2024-04,266,2024
satisfaction_surveys,2024-04-12,2024-04,239,2024
satisfaction_surveys,2024-04-13,2024-04,104,2024
satisfaction_surveys,2024-04-14,2024-04,119,2024
satisfaction_surveys,2024-04-15,2024-04,262,2024
satisfaction_surveys,2024-04-16,2024-04,211,2024
satisfaction_surveys,2024-04-17,2024-04,237,2024
satisfaction_surveys,2024-04-18,2024-04,264,2024
satisfaction_surveys,2024-04-19,2024-04,228,2024
satisfaction_surveys,2024-04-20,2024-04,113,2024
satisfaction_surveys,2024-04-21,2024-04,127,2024
satisfaction_surveys,2024-04-22,2024-04,227,2024
satisfaction_surveys,2024-04-23,2024-04,212,2024
satisfaction_surveys,2024-04-24,2024-04,209,2024
satisfaction_surveys,2024-04-25,2024-04,221,2024
satisfaction_surveys,2024-04-26,2024-04,239,2024
satisfaction_surveys,2024-04-27,2024-04,121,2024
satisfaction_surveys,2024-04-28,2024-04,119,2024
satisfaction_surveys,2024-04-29,2024-04,261,2024
satisfaction_surveys,2024-04-30,2024-04,250,2024
satisfaction_surveys,2024-05-01,2024-05,206,2024
satisfaction_surveys,2024-05-02,2024-05,215,2024
satisfaction_surveys,2024-05-03,2024-05,254,2024
satisfaction_surveys,2024-05-04,2024-05,91,2024
satisfaction_surveys,2024-05-05,2024-05,114,2024
satisfaction_surveys,2024-05-06,2024-05,218,2024
satisfaction_surveys,2024-05-07,2024-05,205,2024
satisfaction_surveys,2024-05-08,2024-05,268,2024
satisfaction_surveys,2024-05-09,2024-05,214,2024
satisfaction_surveys,2024-05-10,2024-05,269,2024
satisfaction_surveys,2024-05-11,2024-05,115,2024
satisfaction_surveys,2024-05-12,2024-05,114,2024
satisfaction_surveys,2024-05-13,2024-05,193,2024
satisfaction_surveys,2024-05-14,2024-05,197,2024
satisfaction_surveys,2024-05-15,2024-05,184,2024
satisfaction_surveys,2024-05-16,2024-05,209,2024
satisfaction_surveys,2024-05-17,2024-05,186,2024
satisfaction_surveys,2024-05-18,2024-05,117,2024
satisfaction_surveys,2024-05-19,2024-05,99,2024
satisfaction_surveys,2024-05-20,2024-05,242,2024
satisfaction_surveys,2024-05-21,2024-05,206,2024
satisfaction_surveys,2024-05-22,2024-05,193,2024
satisfaction_surveys,2024-05-23,2024-05,215,2024
satisfaction_surveys,2024-05-24,2024-05,250,2024
satisfaction_surveys,2024-05-25,2024-05,96,2024
satisfaction_surveys,2024-05-26,2024-05,100,2024
satisfaction_surveys,2024-05-27,2024-05,216,2024
satisfaction_surveys,2024-05-28,2024-05,221,2024
satisfaction_surveys,2024-05-29,2024-05,239,2024
satisfaction_surveys,2024-05-30,2024-05,233,2024
satisfaction_surveys,2024-05-31,2024-05,264,2024
satisfaction_surveys,2024-06-01,2024-06,130,2024
satisfaction_surveys,2024-06-02,2024-06,111,2024
satisfaction_surveys,2024-06-03,2024-06,202,2024
satisfaction_surveys,2024-06-04,2024-06,231,2024
satisfaction_surveys,2024-06-05,2024-06,237,2024
satisfaction_surveys,2024-06-06,2024-06,223,2024
satisfaction_surveys,2024-06-07,2024-06,249,2024
satisfaction_surveys,2024-06-08,2024-06,95,2024
satisfaction_surveys,2024-06-09,2024-06,113,2024
satisfaction_surveys,2024-06-10,2024-06,212,2024
satisfaction_surveys,2024-06-11,2024-06,227,2024
satisfaction_surveys,2024-06-12,2024-06,254,2024
satisfaction_surveys,2024-06-13,2024-06,189,2024
satisfaction_surveys,2024-06-14,2024-06,201,2024
satisfaction_surveys,2024-06-15,2024-06,116,2024
satisfaction_surveys,2024-06-16,2024-06,111,2024
satisfaction_surveys,2024-06-17,2024-06,259,2024
satisfaction_surveys,2024-06-18,2024-06,210,2024
satisfaction_surveys,2024-06-19,2024-06,266,2024
satisfaction_surveys,2024-06-20,2024-06,212,2024
satisfaction_surveys,2024-06-21,2024-06,194,2024
satisfaction_surveys,2024-06-22,2024-06,129,2024
satisfaction_surveys,2024-06-23,2024-06,127,2024
satisfaction_surveys,2024-06-24,2024-06,237,2024
satisfaction_surveys,2024-06-25,2024-06,192,2024
satisfaction_surveys,2024-06-26,2024-06,244,2024
satisfaction_surveys,2024-06-27,2024-06,208,2024
satisfaction_surveys,2024-06-28,2024-06,220,2024
satisfaction_surveys,2024-06-29,2024-06,113,2024
satisfaction_surveys,2024-06-30,2024-06,93,2024
satisfaction_surveys,2024-07-01,2024-07,262,2024
satisfaction_surveys,2024-07-02,2024-07,247,2024
satisfaction_surveys,2024-07-03,2024-07,190,2024
satisfaction_surveys,2024-07-04,2024-07,229,2024
satisfaction_surveys,2024-07-05,2024-07,239,2024
satisfaction_surveys,2024-07-06,2024-07,115,2024
satisfaction_surveys,2024-07-07,2024-07,114,2024
satisfaction_surveys,2024-07-08,2024-07,187,2024
satisfaction_surveys,2024-07-09,2024-07,236,2024
satisfaction_surveys,2024-07-10,2024-07,217,2024
satisfaction_surveys,2024-07-11,2024-07,231,2024
satisfaction_surveys,2024-07-12,2024-07,198,2024
satisfaction_surveys,2024-07-13,2024-07,119,2024
satisfaction_surveys,2024-07-14,2024-07,113,2024
satisfaction_surveys,2024-07-15,2024-07,189,2024
satisfaction_surveys,2024-07-16,2024-07,184,2024
satisfaction_surveys,2024-07-17,2024-07,235,2024
satisfaction_surveys,2024-07-18,2024-07,218,2024
satisfaction_surveys,2024-07-19,2024-07,258,2024
satisfaction_surveys,2024-07-20,2024-07,98,2024
satisfaction_surveys,2024-07-21,2024-07,113,2024
satisfaction_surveys,2024-07-22,2024-07,254,2024
satisfaction_surveys,2024-07-23,2024-07,258,2024
satisfaction_surveys,2024-07-24,2024-07,181,2024
satisfaction_surveys,2024-07-25,2024-07,189,2024
satisfaction_surveys,2024-07-26,2024-07,263,2024
satisfaction_surveys,2024-07-27,2024-07,123,2024
satisfaction_surveys,2024-07-28,2024-07,123,2024
satisfaction_surveys,2024-07-29,2024-07,265,2024
satisfaction_surveys,2024-07-30,2024-07,231,2024
satisfaction_surveys,2024-07-31,2024-07,237,2024
satisfaction_surveys,2024-08-01,2024-08,269,2024
satisfaction_surveys,2024-08-02,2024-08,234,2024
satisfaction_surveys,2024-08-03,2024-08,131,2024
satisfaction_surveys,2024-08-04,2024-08,122,2024
satisfaction_surveys,2024-08-05,2024-08,215,2024
satisfaction_surveys,2024-08-06,2024-08,261,2024
satisfaction_surveys,2024-08-07,2024-08,219,2024
satisfaction_surveys,2024-08-08,2024-08,255,2024
satisfaction_surveys,2024-08-09,2024-08,203,2024
satisfaction_surveys,2024-08-10,2024-08,113,2024
satisfaction_surveys,2024-08-11,2024-08,130,2024
satisfaction_surveys,2024-08-12,2024-08,264,2024
satisfaction_surveys,2024-08-13,2024-08,206,2024
satisfaction_surveys,2024-08-14,2024-08,230,2024
satisfaction_surveys,2024-08-15,2024-08,207,2024
satisfaction_surveys,2024-08-16,2024-08,258,2024
satisfaction_surveys,2024-08-17,2024-08,94,2024
satisfaction_surveys,2024-08-18,2024-08,123,2024
satisfaction_surveys,2024-08-19,2024-08,214,2024
satisfaction_surveys,2024-08-20,2024-08,256,2024
satisfaction_surveys,2024-08-21,2024-08,240,2024
satisfaction_surveys,2024-08-22,2024-08,215,2024
satisfaction_surveys,2024-08-23,2024-08,271,2024
satisfaction_surveys,2024-08-24,2024-08,109,2024
satisfaction_surveys,2024-08-25,2024-08,109,2024
satisfaction_surveys,2024-08-26,2024-08,207,2024
satisfaction_surveys,2024-08-27,2024-08,183,2024
satisfaction_surveys,2024-08-28,2024-08,268,2024
satisfaction_surveys,2024-08-29,2024-08,219,2024
satisfaction_surveys,2024-08-30,2024-08,203,2024
satisfaction_surveys,2024-08-31,2024-08,111,2024
satisfaction_surveys,2024-09-01,2024-09,119,2024
satisfaction_surveys,2024-09-02,2024-09,243,2024
satisfaction_surveys,2024-09-03,2024-09,198,2024
satisfaction_surveys,2024-09-04,2024-09,201,2024
satisfaction_surveys,2024-09-05,2024-09,265,2024
satisfaction_surveys,2024-09-06,2024-09,261,2024
satisfaction_surveys,2024-09-07,2024-09,108,2024
satisfaction_surveys,2024-09-08,2024-09,128,2024
satisfaction_surveys,2024-09-09,2024-09,182,2024
satisfaction_surveys,2024-09-10,2024-09,265,2024
satisfaction_surveys,2024-09-11,2024-09,217,2024
satisfaction_surveys,2024-09-12,2024-09,254,2024
satisfaction_surveys,2024-09-13,2024-09,262,2024
satisfaction_surveys,2024-09-14,2024-09,105,2024
satisfaction_surveys,2024-09-15,2024-09,96,2024
satisfaction_surveys,2024-09-16,2024-09,194,2024
satisfaction_surveys,2024-09-17,2024-09,237,2024
satisfaction_surveys,2024-09-18,2024-09,251,2024
satisfaction_surveys,2024-09-19,2024-09,207,2024
satisfaction_surveys,2024-09-20,2024-09,269,2024
satisfaction_surveys,2024-09-21,2024-09,118,2024
satisfaction_surveys,2024-09-22,2024-09,100,2024
satisfaction_surveys,2024-09-23,2024-09,203,2024
satisfaction_surveys,2024-09-24,2024-09,251,2024
satisfaction_surveys,2024-09-25,2024-09,196,2024
satisfaction_surveys,2024-09-26,2024-09,237,2024
satisfaction_surveys,2024-09-27,2024-09,253,2024
satisfaction_surveys,2024-09-28,2024-09,125,2024
satisfaction_surveys,2024-09-29,2024-09,109,2024
satisfaction_surveys,2024-09-30,2024-09,217,2024
satisfaction_surveys,2024-10-01,2024-10,197,2024
satisfaction_surveys,2024-10-02,2024-10,224,2024
satisfaction_surveys,2024-10-03,2024-10,268,2024
satisfaction_surveys,2024-10-04,2024-10,258,2024
satisfaction_surveys,2024-10-05,2024-10,107,2024
satisfaction_surveys,2024-10-06,2024-10,120,2024
satisfaction_surveys,2024-10-07,2024-10,252,2024
satisfaction_surveys,2024-10-08,2024-10,232,2024
satisfaction_surveys,2024-10-09,2024-10,262,2024
satisfaction_surveys,2024-10-10,2024-10,232,2024
satisfaction_surveys,2024-10-11,2024-10,196,2024
satisfaction_surveys,2024-10-12,2024-10,122,2024
satisfaction_surveys,2024-10-13,2024-10,131,2024
satisfaction_surveys,2024-10-14,2024-10,204,2024
satisfaction_surveys,2024-10-15,2024-10,244,2024
satisfaction_surveys,2024-10-16,2024-10,244,2024
satisfaction_surveys,2024-10-17,2024-10,182,2024
satisfaction_surveys,2024-10-18,2024-10,252,2024
satisfaction_surveys,2024-10-19,2024-10,105,2024
satisfaction_surveys,2024-10-20,2024-10,108,2024
satisfaction_surveys,2024-10-21,2024-10,183,2024
satisfaction_surveys,2024-10-22,2024-10,236,2024
satisfaction_surveys,2024-10-23,2024-10,207,2024
satisfaction_surveys,2024-10-24,2024-10,194,2024
satisfaction_surveys,2024-10-25,2024-10,189,2024
satisfaction_surveys,2024-10-26,2024-10,115,2024
satisfaction_surveys,2024-10-27,2024-10,101,2024
satisfaction_surveys,2024-10-28,2024-10,226,2024
satisfaction_surveys,2024-10-29,2024-10,204,2024
satisfaction_surveys,2024-10-30,2024-10,267,2024
satisfaction_surveys,2024-10-31,2024-10,199,2024
satisfaction_surveys,2024-11-01,2024-11,217,2024
satisfaction_surveys,2024-11-02,2024-11,117,2024
satisfaction_surveys,2024-11-03,2024-11,119,2024
satisfaction_surveys,2024-11-04,2024-11,193,2024
satisfaction_surveys,2024-11-05,2024-11,239,2024
satisfaction_surveys,2024-11-06,2024-11,181,2024
satisfaction_surveys,2024-11-07,2024-11,236,2024
satisfaction_surveys,2024-11-08,2024-11,208,2024
satisfaction_surveys,2024-11-09,2024-11,119,2024
satisfaction_surveys,2024-11-10,2024-11,104,2024
satisfaction_surveys,2024-11-11,2024-11,229,2024
satisfaction_surveys,2024-11-12,2024-11,183,2024
satisfaction_surveys,2024-11-13,2024-11,200,2024
satisfaction_surveys,2024-11-14,2024-11,228,2024
satisfaction_surveys,2024-11-15,2024-11,200,2024
satisfaction_surveys,2024-11-16,2024-11,122,2024
satisfaction_surveys,2024-11-17,2024-11,131,2024
satisfaction_surveys,2024-11-18,2024-11,236,2024
satisfaction_surveys,2024-11-19,2024-11,246,2024
satisfaction_surveys,2024-11-20,2024-11,199,2024
satisfaction_surveys,2024-11-21,2024-11,183,2024
satisfaction_surveys,2024-11-22,2024-11,236,2024
satisfaction_surveys,2024-11-23,2024-11,113,2024
satisfaction_surveys,2024-11-24,2024-11,135,2024
satisfaction_surveys,2024-11-25,2024-11,200,2024
satisfaction_surveys,2024-11-26,2024-11,192,2024
satisfaction_surveys,2024-11-27,2024-11,209,2024
satisfaction_surveys,2024-11-28,2024-11,190,2024
satisfaction_surveys,2024-11-29,2024-11,194,2024
satisfaction_surveys,2024-11-30,2024-11,108,2024
satisfaction_surveys,2024-12-01,2024-12,105,2024
satisfaction_surveys,2024-12-02,2024-12,264,2024
satisfaction_surveys,2024-12-03,2024-12,263,2024
satisfaction_surveys,2024-12-04,2024-12,183,2024
satisfaction_surveys,2024-12-05,2024-12,235,2024
satisfaction_surveys,2024-12-06,2024-12,226,2024
satisfaction_surveys,2024-12-07,2024-12,126,2024
satisfaction_surveys,2024-12-08,2024-12,131,2024
satisfaction_surveys,2024-12-09,2024-12,232,2024
satisfaction_surveys,2024-12-10,2024-12,245,2024
satisfaction_surveys,2024-12-11,2024-12,201,2024
satisfaction_surveys,2024-12-12,2024-12,202,2024
satisfaction_surveys,2024-12-13,2024-12,251,2024
satisfaction_surveys,2024-12-14,2024-12,98,2024
satisfaction_surveys,2024-12-15,2024-12,113,2024
satisfaction_surveys,2024-12-16,2024-12,193,2024
satisfaction_surveys,2024-12-17,2024-12,188,2024
satisfaction_surveys,2024-12-18,2024-12,189,2024
satisfaction_surveys,2024-12-19,2024-12,238,2024
satisfaction_surveys,2024-12-20,2024-12,188,2024
satisfaction_surveys,2024-12-21,2024-12,129,2024
satisfaction_surveys,2024-12-22,2024-12,107,2024
satisfaction_surveys,2024-12-23,2024-12,268,2024
satisfaction_surveys,2024-12-24,2024-12,265,2024
satisfaction_surveys,2024-12-25,2024-12,193,2024
satisfaction_surveys,2024-12-26,2024-12,213,2024
satisfaction_surveys,2024-12-27,2024-12,230,2024
satisfaction_surveys,2024-12-28,2024-12,103,2024
satisfaction_surveys,2024-12-29,2024-12,103,2024
satisfaction_surveys,2024-12-30,2024-12,229,2024
satisfaction_surveys,2024-12-31,2024-12,212,2024
satisfaction_surveys,2025-01-01,2025-01,268,2025
satisfaction_surveys,2025-01-02,2025-01,269,2025
satisfaction_surveys,2025-01-03,2025-01,224,2025
satisfaction_surveys,2025-01-04,2025-01,93,2025
satisfaction_surveys,2025-01-05,2025-01,100,2025
satisfaction_surveys,2025-01-06,2025-01,184,2025
satisfaction_surveys,2025-01-07,2025-01,270,2025
satisfaction_surveys,2025-01-08,2025-01,186,2025
satisfaction_surveys,2025-01-09,2025-01,270,2025
satisfaction_surveys,2025-01-10,2025-01,244,2025
satisfaction_surveys,2025-01-11,2025-01,102,2025
satisfaction_surveys,2025-01-12,2025-01,113,2025
satisfaction_surveys,2025-01-13,2025-01,264,2025
satisfaction_surveys,2025-01-14,2025-01,203,2025
satisfaction_surveys,2025-01-15,2025-01,196,2025
satisfaction_surveys,2025-01-16,2025-01,217,2025
satisfaction_surveys,2025-01-17,2025-01,191,2025
satisfaction_surveys,2025-01-18,2025-01,114,2025
satisfaction_surveys,2025-01-19,2025-01,123,2025
satisfaction_surveys,2025-01-20,2025-01,213,2025
satisfaction_surveys,2025-01-21,2025-01,183,2025
satisfaction_surveys,2025-01-22,2025-01,187,2025
satisfaction_surveys,2025-01-23,2025-01,248,2025
satisfaction_surveys,2025-01-24,2025-01,184,2025
satisfaction_surveys,2025-01-25,2025-01,132,2025
satisfaction_surveys,2025-01-26,2025-01,112,2025
satisfaction_surveys,2025-01-27,2025-01,250,2025
satisfaction_surveys,2025-01-28,2025-01,208,2025
satisfaction_surveys,2025-01-29,2025-01,237,2025
satisfaction_surveys,2025-01-30,2025-01,254,2025
satisfaction_surveys,2025-01-31,2025-01,203,2025
satisfaction_surveys,2025-02-01,2025-02,94,2025
satisfaction_surveys,2025-02-02,2025-02,111,2025
satisfaction_surveys,2025-02-03,2025-02,247,2025
satisfaction_surveys,2025-02-04,2025-02,193,2025
satisfaction_surveys,2025-02-05,2025-02,208,2025
satisfaction_surveys,2025-02-06,2025-02,215,2025
satisfaction_surveys,2025-02-07,2025-02,221,2025
satisfaction_surveys,2025-02-08,2025-02,122,2025
satisfaction_surveys,2025-02-09,2025-02,104,2025
satisfaction_surveys,2025-02-10,2025-02,265,2025
satisfaction_surveys,2025-02-11,2025-02,258,2025
satisfaction_surveys,2025-02-12,2025-02,210,2025
satisfaction_surveys,2025-02-13,2025-02,212,2025
satisfaction_surveys,2025-02-14,2025-02,254,2025
satisfaction_surveys,2025-02-15,2025-02,103,2025
satisfaction_surveys,2025-02-16,2025-02,98,2025
satisfaction_surveys,2025-02-17,2025-02,261,2025
satisfaction_surveys,2025-02-18,2025-02,188,2025
satisfaction_surveys,2025-02-19,2025-02,226,2025
satisfaction_surveys,2025-02-20,2025-02,235,2025
satisfaction_surveys,2025-02-21,2025-02,223,2025
satisfaction_surveys,2025-02-22,2025-02,103,2025
satisfaction_surveys,2025-02-23,2025-02,94,2025
satisfaction_surveys,2025-02-24,2025-02,202,2025
satisfaction_surveys,2025-02-25,2025-02,212,2025
satisfaction_surveys,2025-02-26,2025-02,230,2025
satisfaction_surveys,2025-02-27,2025-02,221,2025
satisfaction_surveys,2025-02-28,2025-02,224,2025
satisfaction_surveys,2025-03-01,2025-03,128,2025
satisfaction_surveys,2025-03-02,2025-03,92,2025
satisfaction_surveys,2025-03-03,2025-03,218,2025
satisfaction_surveys,2025-03-04,2025-03,232,2025
satisfaction_surveys,2025-03-05,2025-03,266,2025
satisfaction_surveys,2025-03-06,2025-03,234,2025
satisfaction_surveys,2025-03-07,2025-03,204,2025
satisfaction_surveys,2025-03-08,2025-03,113,2025
satisfaction_surveys,2025-03-09,2025-03,120,2025
satisfaction_surveys,2025-03-10,2025-03,238,2025
satisfaction_surveys,2025-03-11,2025-03,260,2025
satisfaction_surveys,2025-03-12,2025-03,268,2025
satisfaction_surveys,2025-03-13,2025-03,258,2025
satisfaction_surveys,2025-03-14,2025-03,209,2025
satisfaction_surveys,2025-03-15,2025-03,128,2025
satisfaction_surveys,2025-03-16,2025-03,92,2025
satisfaction_surveys,2025-03-17,2025-03,223,2025
satisfaction_surveys,2025-03-18,2025-03,208,2025
satisfaction_surveys,2025-03-19,2025-03,217,2025
satisfaction_surveys,2025-03-20,2025-03,268,2025
satisfaction_surveys,2025-03-21,2025-03,193,2025
satisfaction_surveys,2025-03-22,2025-03,103,2025
satisfaction_surveys,2025-03-23,2025-03,133,2025
satisfaction_surveys,2025-03-24,2025-03,234,2025
satisfaction_surveys,2025-03-25,2025-03,258,2025
satisfaction_surveys,2025-03-26,2025-03,237,2025
satisfaction_surveys,2025-03-27,2025-03,266,2025
satisfaction_surveys,2025-03-28,2025-03,217,2025
satisfaction_surveys,2025-03-29,2025-03,100,2025
satisfaction_surveys,2025-03-30,2025-03,123,2025
satisfaction_surveys,2025-03-31,2025-03,203,2025
satisfaction_surveys,2025-04-01,2025-04,238,2025
satisfaction_surveys,2025-04-02,2025-04,233,2025
satisfaction_surveys,2025-04-03,2025-04,269,2025
satisfaction_surveys,2025-04-04,2025-04,187,2025
satisfaction_surveys,2025-04-05,2025-04,133,2025
satisfaction_surveys,2025-04-06,2025-04,113,2025
satisfaction_surveys,2025-04-07,2025-04,217,2025
satisfaction_surveys,2025-04-08,2025-04,256,2025
satisfaction_surveys,2025-04-09,2025-04,203,2025
satisfaction_surveys,2025-04-10,2025-04,255,2025
satisfaction_surveys,2025-04-11,2025-04,186,2025
satisfaction_surveys,2025-04-12,2025-04,94,2025
satisfaction_surveys,2025-04-13,2025-04,102,2025
satisfaction_surveys,2025-04-14,2025-04,263,2025
satisfaction_surveys,2025-04-15,2025-04,206,2025
satisfaction_surveys,2025-04-16,2025-04,253,2025
satisfaction_surveys,2025-04-17,2025-04,231,2025
satisfaction_surveys,2025-04-18,2025-04,200,2025
satisfaction_surveys,2025-04-19,2025-04,123,2025
satisfaction_surveys,2025-04-20,2025-04,106,2025
satisfaction_surveys,2025-04-21,2025-04,204,2025
satisfaction_surveys,2025-04-22,2025-04,259,2025
satisfaction_surveys,2025-04-23,2025-04,191,2025
satisfaction_surveys,2025-04-24,2025-04,241,2025
satisfaction_surveys,2025-04-25,2025-04,251,2025
satisfaction_surveys,2025-04-26,2025-04,124,2025
satisfaction_surveys,2025-04-27,2025-04,110,2025
satisfaction_surveys,2025-04-28,2025-04,245,2025
satisfaction_surveys,2025-04-29,2025-04,230,2025
satisfaction_surveys,2025-04-30,2025-04,224,2025
satisfaction_surveys,2025-05-01,2025-05,239,2025
satisfaction_surveys,2025-05-02,2025-05,235,2025
satisfaction_surveys,2025-05-03,2025-05,132,2025
satisfaction_surveys,2025-05-04,2025-05,97,2025
satisfaction_surveys,2025-05-05,2025-05,246,2025
satisfaction_surveys,2025-05-06,2025-05,196,2025
satisfaction_surveys,2025-05-07,2025-05,191,2025
satisfaction_surveys,2025-05-08,2025-05,186,2025
satisfaction_surveys,2025-05-09,2025-05,192,2025
satisfaction_surveys,2025-05-10,2025-05,106,2025
satisfaction_surveys,2025-05-11,2025-05,134,2025
satisfaction_surveys,2025-05-12,2025-05,258,2025
satisfaction_surveys,2025-05-13,2025-05,197,2025
satisfaction_surveys,2025-05-14,2025-05,228,2025
satisfaction_surveys,2025-05-15,2025-05,257,2025
satisfaction_surveys,2025-05-16,2025-05,226,2025
satisfaction_surveys,2025-05-17,2025-05,97,2025
satisfaction_surveys,2025-05-18,2025-05,96,2025
satisfaction_surveys,2025-05-19,2025-05,228,2025
satisfaction_surveys,2025-05-20,2025-05,206,2025
satisfaction_surveys,2025-05-21,2025-05,252,2025
satisfaction_surveys,2025-05-22,2025-05,261,2025
satisfaction_surveys,2025-05-23,2025-05,245,2025
satisfaction_surveys,2025-05-24,2025-05,131,2025
satisfaction_surveys,2025-05-25,2025-05,134,2025
satisfaction_surveys,2025-05-26,2025-05,234,2025
satisfaction_surveys,2025-05-27,2025-05,258,2025
satisfaction_surveys,2025-05-28,2025-05,230,2025
satisfaction_surveys,2025-05-29,2025-05,259,2025
satisfaction_surveys,2025-05-30,2025-05,210,2025
satisfaction_surveys,2025-05-31,2025-05,126,2025
satisfaction_surveys,2025-06-01,2025-06,115,2025
satisfaction_surveys,2025-06-02,2025-06,188,2025
satisfaction_surveys,2025-06-03,2025-06,190,2025
satisfaction_surveys,2025-06-04,2025-06,212,2025
satisfaction_surveys,2025-06-05,2025-06,194,2025
satisfaction_surveys,2025-06-06,2025-06,199,2025
satisfaction_surveys,2025-06-07,2025-06,125,2025
satisfaction_surveys,2025-06-08,2025-06,126,2025
satisfaction_surveys,2025-06-09,2025-06,196,2025
satisfaction_surveys,2025-06-10,2025-06,243,2025
satisfaction_surveys,2025-06-11,2025-06,238,2025
satisfaction_surveys,2025-06-12,2025-06,227,2025
satisfaction_surveys,2025-06-13,2025-06,226,2025
satisfaction_surveys,2025-06-14,2025-06,96,2025
satisfaction_surveys,2025-06-15,2025-06,96,2025
satisfaction_surveys,2025-06-16,2025-06,221,2025
satisfaction_surveys,2025-06-17,2025-06,193,2025
satisfaction_surveys,2025-06-18,2025-06,225,2025
satisfaction_surveys,2025-06-19,2025-06,249,2025
satisfaction_surveys,2025-06-20,2025-06,268,2025
satisfaction_surveys,2025-06-21,2025-06,98,2025
satisfaction_surveys,2025-06-22,2025-06,104,2025
satisfaction_surveys,2025-06-23,2025-06,246,2025
satisfaction_surveys,2025-06-24,2025-06,204,2025
satisfaction_surveys,2025-06-25,2025-06,257,2025
satisfaction_surveys,2025-06-26,2025-06,199,2025
satisfaction_surveys,2025-06-27,2025-06,270,2025
satisfaction_surveys,2025-06-28,2025-06,128,2025
satisfaction_surveys,2025-06-29,2025-06,109,2025
satisfaction_surveys,2025-06-30,2025-06,210,2025
satisfaction_surveys,2025-07-01,2025-07,232,2025
satisfaction_surveys,2025-07-02,2025-07,238,2025
satisfaction_surveys,2025-07-03,2025-07,212,2025
satisfaction_surveys,2025-07-04,2025-07,183,2025
satisfaction_surveys,2025-07-05,2025-07,97,2025
satisfaction_surveys,2025-07-06,2025-07,113,2025
satisfaction_surveys,2025-07-07,2025-07,254,2025
satisfaction_surveys,2025-07-08,2025-07,210,2025
satisfaction_surveys,2025-07-09,2025-07,224,2025
satisfaction_surveys,2025-07-10,2025-07,188,2025
satisfaction_surveys,2025-07-11,2025-07,240,2025
satisfaction_surveys,2025-07-12,2025-07,120,2025
satisfaction_surveys,2025-07-13,2025-07,123,2025
satisfaction_surveys,2025-07-14,2025-07,206,2025
satisfaction_surveys,2025-07-15,2025-07,242,2025
satisfaction_surveys,2025-07-16,2025-07,263,2025
satisfaction_surveys,2025-07-17,2025-07,214,2025
satisfaction_surveys,2025-07-18,2025-07,227,2025
satisfaction_surveys,2025-07-19,2025-07,108,2025
satisfaction_surveys,2025-07-20,2025-07,113,2025
satisfaction_surveys,2025-07-21,2025-07,211,2025
satisfaction_surveys,2025-07-22,2025-07,249,2025
satisfaction_surveys,2025-07-23,2025-07,251,2025
satisfaction_surveys,2025-07-24,2025-07,250,2025
satisfaction_surveys,2025-07-25,2025-07,244,2025
satisfaction_surveys,2025-07-26,2025-07,126,2025
satisfaction_surveys,2025-07-27,2025-07,121,2025
satisfaction_surveys,2025-07-28,2025-07,216,2025
satisfaction_surveys,2025-07-29,2025-07,250,2025
satisfaction_surveys,2025-07-30,2025-07,188,2025
satisfaction_surveys,2025-07-31,2025-07,192,2025
satisfaction_surveys,2025-08-01,2025-08,207,2025
satisfaction_surveys,2025-08-02,2025-08,126,2025
satisfaction_surveys,2025-08-03,2025-08,115,2025
satisfaction_surveys,2025-08-04,2025-08,194,2025
satisfaction_surveys,2025-08-05,2025-08,269,2025
satisfaction_surveys,2025-08-06,2025-08,255,2025
satisfaction_surveys,2025-08-07,2025-08,238,2025
satisfaction_surveys,2025-08-08,2025-08,199,2025
satisfaction_surveys,2025-08-09,2025-08,128,2025
satisfaction_surveys,2025-08-10,2025-08,106,2025
satisfaction_surveys,2025-08-11,2025-08,242,2025
satisfaction_surveys,2025-08-12,2025-08,221,2025
satisfaction_surveys,2025-08-13,2025-08,200,2025
satisfaction_surveys,2025-08-14,2025-08,201,2025
satisfaction_surveys,2025-08-15,2025-08,201,2025
satisfaction_surveys,2025-08-16,2025-08,127,2025
satisfaction_surveys,2025-08-17,2025-08,103,2025
satisfaction_surveys,2025-08-18,2025-08,261,2025
satisfaction_surveys,2025-08-19,2025-08,182,2025
satisfaction_surveys,2025-08-20,2025-08,253,2025
satisfaction_surveys,2025-08-21,2025-08,214,2025
satisfaction_surveys,2025-08-22,2025-08,268,2025
satisfaction_surveys,2025-08-23,2025-08,105,2025
satisfaction_surveys,2025-08-24,2025-08,94,2025
satisfaction_surveys,2025-08-25,2025-08,213,2025
satisfaction_surveys,2025-08-26,2025-08,261,2025
satisfaction_surveys,2025-08-27,2025-08,255,2025
satisfaction_surveys,2025-08-28,2025-08,244,2025
satisfaction_surveys,2025-08-29,2025-08,189,2025
satisfaction_surveys,2025-08-30,2025-08,101,2025
satisfaction_surveys,2025-08-31,2025-08,121,2025
satisfaction_surveys,2025-09-01,2025-09,244,2025
satisfaction_surveys,2025-09-02,2025-09,200,2025
satisfaction_surveys,2025-09-03,2025-09,243,2025
satisfaction_surveys,2025-09-04,2025-09,258,2025
satisfaction_surveys,2025-09-05,2025-09,203,2025
satisfaction_surveys,2025-09-06,2025-09,115,2025
satisfaction_surveys,2025-09-07,2025-09,101,2025
satisfaction_surveys,2025-09-08,2025-09,206,2025
satisfaction_surveys,2025-09-09,2025-09,261,2025
satisfaction_surveys,2025-09-10,2025-09,195,2025
satisfaction_surveys,2025-09-11,2025-09,227,2025
satisfaction_surveys,2025-09-12,2025-09,227,2025
satisfaction_surveys,2025-09-13,2025-09,114,2025
satisfaction_surveys,2025-09-14,2025-09,106,2025
satisfaction_surveys,2025-09-15,2025-09,187,2025
satisfaction_surveys,2025-09-16,2025-09,207,2025
satisfaction_surveys,2025-09-17,2025-09,265,2025
satisfaction_surveys,2025-09-18,2025-09,252,2025
satisfaction_surveys,2025-09-19,2025-09,210,2025
satisfaction_surveys,2025-09-20,2025-09,118,2025
satisfaction_surveys,2025-09-21,2025-09,130,2025
satisfaction_surveys,2025-09-22,2025-09,258,2025
satisfaction_surveys,2025-09-23,2025-09,267,2025
satisfaction_surveys,2025-09-24,2025-09,241,2025
satisfaction_surveys,2025-09-25,2025-09,255,2025
satisfaction_surveys,2025-09-26,2025-09,249,2025
satisfaction_surveys,2025-09-27,2025-09,123,2025
satisfaction_surveys,2025-09-28,2025-09,109,2025
satisfaction_surveys,2025-09-29,2025-09,249,2025
satisfaction_surveys,2025-09-30,2025-09,192,2025
satisfaction_surveys,2025-10-01,2025-10,184,2025
satisfaction_surveys,2025-10-02,2025-10,228,2025
satisfaction_surveys,2025-10-03,2025-10,246,2025
satisfaction_surveys,2025-10-04,2025-10,117,2025
satisfaction_surveys,2025-10-05,2025-10,130,2025
satisfaction_surveys,2025-10-06,2025-10,245,2025
satisfaction_surveys,2025-10-07,2025-10,220,2025
satisfaction_surveys,2025-10-08,2025-10,223,2025
satisfaction_surveys,2025-10-09,2025-10,188,2025
satisfaction_surveys,2025-10-10,2025-10,209,2025
satisfaction_surveys,2025-10-11,2025-10,106,2025
satisfaction_surveys,2025-10-12,2025-10,103,2025
satisfaction_surveys,2025-10-13,2025-10,265,2025
satisfaction_surveys,2025-10-14,2025-10,230,2025
satisfaction_surveys,2025-10-15,2025-10,258,2025
satisfaction_surveys,2025-10-16,2025-10,248,2025
satisfaction_surveys,2025-10-17,2025-10,229,2025
satisfaction_surveys,2025-10-18,2025-10,112,2025
satisfaction_surveys,2025-10-19,2025-10,99,2025
satisfaction_surveys,2025-10-20,2025-10,258,2025
satisfaction_surveys,2025-10-21,2025-10,224,2025
satisfaction_surveys,2025-10-22,2025-10,183,2025
satisfaction_surveys,2025-10-23,2025-10,228,2025
satisfaction_surveys,2025-10-24,2025-10,197,2025
satisfaction_surveys,2025-10-25,2025-10,92,2025
satisfaction_surveys,2025-10-26,2025-10,96,2025
satisfaction_surveys,2025-10-27,2025-10,201,2025
satisfaction_surveys,2025-10-28,2025-10,181,2025
satisfaction_surveys,2025-10-29,2025-10,203,2025
satisfaction_surveys,2025-10-30,2025-10,211,2025
satisfaction_surveys,2025-10-31,2025-10,182,2025
satisfaction_surveys,2025-11-01,2025-11,94,2025
satisfaction_surveys,2025-11-02,2025-11,99,2025
satisfaction_surveys,2025-11-03,2025-11,258,2025
satisfaction_surveys,2025-11-04,2025-11,228,2025
satisfaction_surveys,2025-11-05,2025-11,238,2025
satisfaction_surveys,2025-11-06,2025-11,234,2025
satisfaction_surveys,2025-11-07,2025-11,265,2025
satisfaction_surveys,2025-11-08,2025-11,124,2025
satisfaction_surveys,2025-11-09,2025-11,125,2025
satisfaction_surveys,2025-11-10,2025-11,188,2025
satisfaction_surveys,2025-11-11,2025-11,263,2025
satisfaction_surveys,2025-11-12,2025-11,202,2025
satisfaction_surveys,2025-11-13,2025-11,237,2025
satisfaction_surveys,2025-11-14,2025-11,220,2025
satisfaction_surveys,2025-11-15,2025-11,96,2025
satisfaction_surveys,2025-11-16,2025-11,91,2025
satisfaction_surveys,2025-11-17,2025-11,223,2025
satisfaction_surveys,2025-11-18,2025-11,269,2025
satisfaction_surveys,2025-11-19,2025-11,246,2025
satisfaction_surveys,2025-11-20,2025-11,254,2025
satisfaction_surveys,2025-11-21,2025-11,246,2025
satisfaction_surveys,2025-11-22,2025-11,100,2025
satisfaction_surveys,2025-11-23,2025-11,130,2025
satisfaction_surveys,2025-11-24,2025-11,264,2025
satisfaction_surveys,2025-11-25,2025-11,246,2025
satisfaction_surveys,2025-11-26,2025-11,267,2025
satisfaction_surveys,2025-11-27,2025-11,194,2025
satisfaction_surveys,2025-11-28,2025-11,219,2025
satisfaction_surveys,2025-11-29,2025-11,130,2025
satisfaction_surveys,2025-11-30,2025-11,122,2025
satisfaction_surveys,2025-12-01,2025-12,210,2025
satisfaction_surveys,2025-12-02,2025-12,249,2025
satisfaction_surveys,2025-12-03,2025-12,196,2025
satisfaction_surveys,2025-12-04,2025-12,228,2025
satisfaction_surveys,2025-12-05,2025-12,241,2025
satisfaction_surveys,2025-12-06,2025-12,106,2025
satisfaction_surveys,2025-12-07,2025-12,101,2025
satisfaction_surveys,2025-12-08,2025-12,258,2025
satisfaction_surveys,2025-12-09,2025-12,258,2025
satisfaction_surveys,2025-12-10,2025-12,227,2025
satisfaction_surveys,2025-12-11,2025-12,260,2025
satisfaction_surveys,2025-12-12,2025-12,199,2025
satisfaction_surveys,2025-12-13,2025-12,113,2025
satisfaction_surveys,2025-12-14,2025-12,107,2025
satisfaction_surveys,2025-12-15,2025-12,224,2025
satisfaction_surveys,2025-12-16,2025-12,243,2025
satisfaction_surveys,2025-12-17,2025-12,189,2025
satisfaction_surveys,2025-12-18,2025-12,236,2025
satisfaction_surveys,2025-12-19,2025-12,215,2025
satisfaction_surveys,2025-12-20,2025-12,120,2025
satisfaction_surveys,2025-12-21,2025-12,130,2025
satisfaction_surveys,2025-12-22,2025-12,226,2025
satisfaction_surveys,2025-12-23,2025-12,249,2025
satisfaction_surveys,2025-12-24,2025-12,214,2025
satisfaction_surveys,2025-12-25,2025-12,184,2025
satisfaction_surveys,2025-12-26,2025-12,237,2025
satisfaction_surveys,2025-12-27,2025-12,92,2025
satisfaction_surveys,2025-12-28,2025-12,113,2025
satisfaction_surveys,2025-12-29,2025-12,227,2025
satisfaction_surveys,2025-12-30,2025-12,213,2025
satisfaction_surveys,2025-12-31,2025-12,256,2025
satisfaction_surveys,2026-01-01,2026-01,257,2026
satisfaction_surveys,2026-01-02,2026-01,197,2026
satisfaction_surveys,2026-01-03,2026-01,131,2026
satisfaction_surveys,2026-01-04,2026-01,132,2026
satisfaction_surveys,2026-01-05,2026-01,185,2026
satisfaction_surveys,2026-01-06,2026-01,186,2026
satisfaction_surveys,2026-01-07,2026-01,224,2026
satisfaction_surveys,2026-01-08,2026-01,184,2026
satisfaction_surveys,2026-01-09,2026-01,215,2026
satisfaction_surveys,2026-01-10,2026-01,108,2026
satisfaction_surveys,2026-01-11,2026-01,104,2026
satisfaction_surveys,2026-01-12,2026-01,200,2026
satisfaction_surveys,2026-01-13,2026-01,183,2026
satisfaction_surveys,2026-01-14,2026-01,205,2026
satisfaction_surveys,2026-01-15,2026-01,263,2026
satisfaction_surveys,2026-01-16,2026-01,215,2026
satisfaction_surveys,2026-01-17,2026-01,118,2026
satisfaction_surveys,2026-01-18,2026-01,110,2026
satisfaction_surveys,2026-01-19,2026-01,258,2026
satisfaction_surveys,2026-01-20,2026-01,250,2026
satisfaction_surveys,2026-01-21,2026-01,217,2026
satisfaction_surveys,2026-01-22,2026-01,264,2026
satisfaction_surveys,2026-01-23,2026-01,188,2026
satisfaction_surveys,2026-01-24,2026-01,95,2026
satisfaction_surveys,2026-01-25,2026-01,94,2026
satisfaction_surveys,2026-01-26,2026-01,264,2026
satisfaction_surveys,2026-01-27,2026-01,234,2026
satisfaction_surveys,2026-01-28,2026-01,183,2026
satisfaction_surveys,2026-01-29,2026-01,189,2026
satisfaction_surveys,2026-01-30,2026-01,237,2026
satisfaction_surveys,2026-01-31,2026-01,100,2026
satisfaction_surveys,2026-02-01,2026-02,130,2026
satisfaction_surveys,2026-02-02,2026-02,194,2026
satisfaction_surveys,2026-02-03,2026-02,214,2026
satisfaction_surveys,2026-02-04,2026-02,181,2026
satisfaction_surveys,2026-02-05,2026-02,265,2026
satisfaction_surveys,2026-02-06,2026-02,258,2026
satisfaction_surveys,2026-02-07,2026-02,127,2026
satisfaction_surveys,2026-02-08,2026-02,120,2026
satisfaction_surveys,2026-02-09,2026-02,205,2026
satisfaction_surveys,2026-02-10,2026-02,236,2026
satisfaction_surveys,2026-02-11,2026-02,266,2026
satisfaction_surveys,2026-02-12,2026-02,188,2026
satisfaction_surveys,2026-02-13,2026-02,271,2026
satisfaction_surveys,2026-02-14,2026-02,126,2026
satisfaction_surveys,2026-02-15,2026-02,119,2026
satisfaction_surveys,2026-02-16,2026-02,205,2026
satisfaction_surveys,2026-02-17,2026-02,185,2026
satisfaction_surveys,2026-02-18,2026-02,193,2026
satisfaction_surveys,2026-02-19,2026-02,204,2026
satisfaction_surveys,2026-02-20,2026-02,204,2026
satisfaction_surveys,2026-02-21,2026-02,133,2026
satisfaction_surveys,2026-02-22,2026-02,113,2026
satisfaction_surveys,2026-02-23,2026-02,254,2026
satisfaction_surveys,2026-02-24,2026-02,244,2026
satisfaction_surveys,2026-02-25,2026-02,264,2026
satisfaction_surveys,2026-02-26,2026-02,219,2026
satisfaction_surveys,2026-02-27,2026-02,268,2026
satisfaction_surveys,2026-02-28,2026-02,128,2026
satisfaction_surveys,2026-03-01,2026-03,128,2026
satisfaction_surveys,2026-03-02,2026-03,259,2026
satisfaction_surveys,2026-03-03,2026-03,229,2026
satisfaction_surveys,2026-03-04,2026-03,263,2026
satisfaction_surveys,2026-03-05,2026-03,261,2026
satisfaction_surveys,2026-03-06,2026-03,210,2026
satisfaction_surveys,2026-03-07,2026-03,95,2026
satisfaction_surveys,2026-03-08,2026-03,127,2026
satisfaction_surveys,2026-03-09,2026-03,241,2026
satisfaction_surveys,2026-03-10,2026-03,186,2026
satisfaction_surveys,2026-03-11,2026-03,270,2026
satisfaction_surveys,2026-03-12,2026-03,265,2026
satisfaction_surveys,2026-03-13,2026-03,249,2026
satisfaction_surveys,2026-03-14,2026-03,115,2026
satisfaction_surveys,2026-03-15,2026-03,126,2026
satisfaction_surveys,2026-03-16,2026-03,248,2026
satisfaction_surveys,2026-03-17,2026-03,257,2026
satisfaction_surveys,2026-03-18,2026-03,235,2026
satisfaction_surveys,2026-03-19,2026-03,232,2026
satisfaction_surveys,2026-03-20,2026-03,262,2026
satisfaction_surveys,2026-03-21,2026-03,113,2026
satisfaction_surveys,2026-03-22,2026-03,119,2026
satisfaction_surveys,2026-03-23,2026-03,258,2026
satisfaction_surveys,2026-03-24,2026-03,217,2026
satisfaction_surveys,2026-03-25,2026-03,233,2026
satisfaction_surveys,2026-03-26,2026-03,255,2026
satisfaction_surveys,2026-03-27,2026-03,188,2026
satisfaction_surveys,2026-03-28,2026-03,122,2026
satisfaction_surveys,2026-03-29,2026-03,135,2026
satisfaction_surveys,2026-03-30,2026-03,242,2026
satisfaction_surveys,2026-03-31,2026-03,229,2026
satisfaction_surveys,2026-04-01,2026-04,212,2026
satisfaction_surveys,2026-04-02,2026-04,241,2026
satisfaction_surveys,2026-04-03,2026-04,183,2026
satisfaction_surveys,2026-04-04,2026-04,114,2026
satisfaction_surveys,2026-04-05,2026-04,131,2026
satisfaction_surveys,2026-04-06,2026-04,187,2026
satisfaction_surveys,2026-04-07,2026-04,241,2026
satisfaction_surveys,2026-04-08,2026-04,192,2026
satisfaction_surveys,2026-04-09,2026-04,182,2026
satisfaction_surveys,2026-04-10,2026-04,218,2026
satisfaction_surveys,2026-04-11,2026-04,126,2026
satisfaction_surveys,2026-04-12,2026-04,109,2026
satisfaction_surveys,2026-04-13,2026-04,264,2026
satisfaction_surveys,2026-04-14,2026-04,223,2026
satisfaction_surveys,2026-04-15,2026-04,198,2026
satisfaction_surveys,2026-04-16,2026-04,192,2026
satisfaction_surveys,2026-04-17,2026-04,214,2026
satisfaction_surveys,2026-04-18,2026-04,133,2026
satisfaction_surveys,2026-04-19,2026-04,91,2026
satisfaction_surveys,2026-04-20,2026-04,256,2026
satisfaction_surveys,2026-04-21,2026-04,193,2026
satisfaction_surveys,2026-04-22,2026-04,261,2026
satisfaction_surveys,2026-04-23,2026-04,215,2026
satisfaction_surveys,2026-04-24,2026-04,264,2026
satisfaction_surveys,2026-04-25,2026-04,123,2026
satisfaction_surveys,2026-04-26,2026-04,118,2026
satisfaction_surveys,2026-04-27,2026-04,225,2026
satisfaction_surveys,2026-04-28,2026-04,230,2026
satisfaction_surveys,2026-04-29,2026-04,267,2026
satisfaction_surveys,2026-04-30,2026-04,222,2026
satisfaction_surveys,2026-05-01,2026-05,189,2026
satisfaction_surveys,2026-05-02,2026-05,101,2026
satisfaction_surveys,2026-05-03,2026-05,133,2026
satisfaction_surveys,2026-05-04,2026-05,204,2026
satisfaction_surveys,2026-05-05,2026-05,253,2026
satisfaction_surveys,2026-05-06,2026-05,205,2026
satisfaction_surveys,2026-05-07,2026-05,192,2026
satisfaction_surveys,2026-05-08,2026-05,244,2026
satisfaction_surveys,2026-05-09,2026-05,115,2026
satisfaction_surveys,2026-05-10,2026-05,128,2026
satisfaction_surveys,2026-05-11,2026-05,208,2026
satisfaction_surveys,2026-05-12,2026-05,204,2026
satisfaction_surveys,2026-05-13,2026-05,218,2026
satisfaction_surveys,2026-05-14,2026-05,204,2026
satisfaction_surveys,2026-05-15,2026-05,255,2026
satisfaction_surveys,2026-05-16,2026-05,122,2026
satisfaction_surveys,2026-05-17,2026-05,128,2026
satisfaction_surveys,2026-05-18,2026-05,216,2026
satisfaction_surveys,2026-05-19,2026-05,188,2026
satisfaction_surveys,2026-05-20,2026-05,265,2026
satisfaction_surveys,2026-05-21,2026-05,208,2026
satisfaction_surveys,2026-05-22,2026-05,197,2026
satisfaction_surveys,2026-05-23,2026-05,130,2026
satisfaction_surveys,2026-05-24,2026-05,119,2026
satisfaction_surveys,2026-05-25,2026-05,259,2026
satisfaction_surveys,2026-05-26,2026-05,225,2026
satisfaction_surveys,2026-05-27,2026-05,245,2026
satisfaction_surveys,2026-05-28,2026-05,182,2026
satisfaction_surveys,2026-05-29,2026-05,219,2026
satisfaction_surveys,2026-05-30,2026-05,105,2026
satisfaction_surveys,2026-05-31,2026-05,124,2026
satisfaction_surveys,2026-06-01,2026-06,266,2026
satisfaction_surveys,2026-06-02,2026-06,227,2026
satisfaction_surveys,2026-06-03,2026-06,206,2026
satisfaction_surveys,2026-06-04,2026-06,220,2026
satisfaction_surveys,2026-06-05,2026-06,184,2026
satisfaction_surveys,2026-06-06,2026-06,125,2026
satisfaction_surveys,2026-06-07,2026-06,128,2026
satisfaction_surveys,2026-06-08,2026-06,268,2026
satisfaction_surveys,2026-06-09,2026-06,207,2026
satisfaction_surveys,2026-06-10,2026-06,243,2026
satisfaction_surveys,2026-06-11,2026-06,230,2026
satisfaction_surveys,2026-06-12,2026-06,194,2026
satisfaction_surveys,2026-06-13,2026-06,117,2026
satisfaction_surveys,2026-06-14,2026-06,108,2026
satisfaction_surveys,2026-06-15,2026-06,260,2026
satisfaction_surveys,2026-06-16,2026-06,251,2026
satisfaction_surveys,2026-06-17,2026-06,183,2026
service_agents,2013-06-20,2013-06,1,2013
service_agents,2013-06-26,2013-06,1,2013
service_agents,2013-06-30,2013-06,1,2013
service_agents,2013-07-01,2013-07,1,2013
service_agents,2013-07-18,2013-07,1,2013
service_agents,2013-07-23,2013-07,1,2013
service_agents,2013-07-25,2013-07,1,2013
service_agents,2013-07-27,2013-07,1,2013
service_agents,2013-07-28,2013-07,3,2013
service_agents,2013-08-03,2013-08,1,2013
service_agents,2013-08-06,2013-08,1,2013
service_agents,2013-08-10,2013-08,2,2013
service_agents,2013-08-17,2013-08,2,2013
service_agents,2013-08-21,2013-08,2,2013
service_agents,2013-08-24,2013-08,1,2013
service_agents,2013-08-25,2013-08,1,2013
service_agents,2013-08-26,2013-08,1,2013
service_agents,2013-08-29,2013-08,1,2013
service_agents,2013-09-02,2013-09,1,2013
service_agents,2013-09-08,2013-09,1,2013
service_agents,2013-09-25,2013-09,1,2013
service_agents,2013-09-30,2013-09,1,2013
service_agents,2013-10-03,2013-10,1,2013
service_agents,2013-10-12,2013-10,1,2013
service_agents,2013-11-01,2013-11,1,2013
service_agents,2013-11-04,2013-11,1,2013
service_agents,2013-11-08,2013-11,1,2013
service_agents,2013-11-11,2013-11,2,2013
service_agents,2013-11-17,2013-11,1,2013
service_agents,2013-11-21,2013-11,1,2013
service_agents,2013-11-22,2013-11,1,2013
service_agents,2013-11-29,2013-11,2,2013
service_agents,2013-12-08,2013-12,1,2013
service_agents,2013-12-11,2013-12,1,2013
service_agents,2013-12-15,2013-12,1,2013
service_agents,2013-12-19,2013-12,1,2013
service_agents,2013-12-21,2013-12,1,2013
service_agents,2013-12-25,2013-12,1,2013
service_agents,2013-12-28,2013-12,1,2013
service_agents,2014-01-14,2014-01,2,2014
service_agents,2014-01-27,2014-01,1,2014
service_agents,2014-02-02,2014-02,1,2014
service_agents,2014-02-09,2014-02,1,2014
service_agents,2014-02-14,2014-02,1,2014
service_agents,2014-02-16,2014-02,1,2014
service_agents,2014-02-18,2014-02,1,2014
service_agents,2014-02-24,2014-02,1,2014
service_agents,2014-02-26,2014-02,1,2014
service_agents,2014-02-28,2014-02,1,2014
service_agents,2014-03-07,2014-03,1,2014
service_agents,2014-03-17,2014-03,1,2014
service_agents,2014-03-18,2014-03,1,2014
service_agents,2014-03-19,2014-03,1,2014
service_agents,2014-03-23,2014-03,1,2014
service_agents,2014-03-26,2014-03,1,2014
service_agents,2014-04-07,2014-04,1,2014
service_agents,2014-04-09,2014-04,1,2014
service_agents,2014-04-10,2014-04,1,2014
service_agents,2014-04-12,2014-04,1,2014
service_agents,2014-04-16,2014-04,1,2014
service_agents,2014-04-29,2014-04,1,2014
service_agents,2014-04-30,2014-04,1,2014
service_agents,2014-05-07,2014-05,1,2014
service_agents,2014-05-13,2014-05,2,2014
service_agents,2014-05-15,2014-05,1,2014
service_agents,2014-05-26,2014-05,2,2014
service_agents,2014-05-28,2014-05,2,2014
service_agents,2014-05-29,2014-05,1,2014
service_agents,2014-05-31,2014-05,1,2014
service_agents,2014-06-02,2014-06,1,2014
service_agents,2014-06-11,2014-06,1,2014
service_agents,2014-06-16,2014-06,1,2014
service_agents,2014-06-28,2014-06,2,2014
service_agents,2014-06-29,2014-06,1,2014
service_agents,2014-07-02,2014-07,1,2014
service_agents,2014-07-05,2014-07,1,2014
service_agents,2014-07-06,2014-07,1,2014
service_agents,2014-07-13,2014-07,1,2014
service_agents,2014-07-22,2014-07,1,2014
service_agents,2014-07-24,2014-07,1,2014
service_agents,2014-08-04,2014-08,1,2014
service_agents,2014-08-07,2014-08,1,2014
service_agents,2014-08-13,2014-08,2,2014
service_agents,2014-08-16,2014-08,1,2014
service_agents,2014-08-17,2014-08,1,2014
service_agents,2014-09-02,2014-09,1,2014
service_agents,2014-09-04,2014-09,1,2014
service_agents,2014-09-05,2014-09,2,2014
service_agents,2014-09-06,2014-09,2,2014
service_agents,2014-09-09,2014-09,1,2014
service_agents,2014-09-14,2014-09,1,2014
service_agents,2014-09-15,2014-09,1,2014
service_agents,2014-09-17,2014-09,1,2014
service_agents,2014-09-25,2014-09,1,2014
service_agents,2014-10-09,2014-10,1,2014
service_agents,2014-10-12,2014-10,1,2014
service_agents,2014-10-17,2014-10,1,2014
service_agents,2014-10-23,2014-10,1,2014
service_agents,2014-10-27,2014-10,1,2014
service_agents,2014-11-02,2014-11,2,2014
service_agents,2014-11-13,2014-11,1,2014
service_agents,2014-11-14,2014-11,1,2014
service_agents,2014-11-16,2014-11,3,2014
service_agents,2014-11-19,2014-11,1,2014
service_agents,2014-11-24,2014-11,1,2014
service_agents,2014-11-29,2014-11,2,2014
service_agents,2014-11-30,2014-11,1,2014
service_agents,2014-12-01,2014-12,1,2014
service_agents,2014-12-02,2014-12,2,2014
service_agents,2014-12-06,2014-12,2,2014
service_agents,2014-12-08,2014-12,1,2014
service_agents,2014-12-09,2014-12,1,2014
service_agents,2014-12-11,2014-12,1,2014
service_agents,2014-12-12,2014-12,1,2014
service_agents,2014-12-15,2014-12,1,2014
service_agents,2014-12-17,2014-12,3,2014
service_agents,2014-12-23,2014-12,1,2014
service_agents,2014-12-24,2014-12,2,2014
service_agents,2014-12-25,2014-12,1,2014
service_agents,2014-12-27,2014-12,1,2014
service_agents,2014-12-28,2014-12,1,2014
service_agents,2014-12-31,2014-12,1,2014
service_agents,2015-01-03,2015-01,1,2015
service_agents,2015-01-06,2015-01,1,2015
service_agents,2015-01-10,2015-01,1,2015
service_agents,2015-01-11,2015-01,1,2015
service_agents,2015-01-16,2015-01,1,2015
service_agents,2015-01-21,2015-01,1,2015
service_agents,2015-01-26,2015-01,1,2015
service_agents,2015-01-31,2015-01,1,2015
service_agents,2015-02-06,2015-02,1,2015
service_agents,2015-02-12,2015-02,1,2015
service_agents,2015-02-15,2015-02,1,2015
service_agents,2015-02-17,2015-02,1,2015
service_agents,2015-02-23,2015-02,1,2015
service_agents,2015-02-24,2015-02,1,2015
service_agents,2015-02-26,2015-02,2,2015
service_agents,2015-03-02,2015-03,1,2015
service_agents,2015-03-03,2015-03,1,2015
service_agents,2015-03-10,2015-03,1,2015
service_agents,2015-03-12,2015-03,1,2015
service_agents,2015-03-18,2015-03,1,2015
service_agents,2015-03-23,2015-03,1,2015
service_agents,2015-03-24,2015-03,1,2015
service_agents,2015-03-26,2015-03,1,2015
service_agents,2015-04-07,2015-04,1,2015
service_agents,2015-04-08,2015-04,1,2015
service_agents,2015-04-09,2015-04,2,2015
service_agents,2015-04-11,2015-04,1,2015
service_agents,2015-04-24,2015-04,2,2015
service_agents,2015-04-28,2015-04,1,2015
service_agents,2015-05-03,2015-05,2,2015
service_agents,2015-05-10,2015-05,1,2015
service_agents,2015-05-12,2015-05,1,2015
service_agents,2015-05-13,2015-05,1,2015
service_agents,2015-05-17,2015-05,1,2015
service_agents,2015-05-23,2015-05,1,2015
service_agents,2015-05-27,2015-05,1,2015
service_agents,2015-06-01,2015-06,1,2015
service_agents,2015-06-02,2015-06,2,2015
service_agents,2015-06-04,2015-06,1,2015
service_agents,2015-06-06,2015-06,1,2015
service_agents,2015-06-10,2015-06,1,2015
service_agents,2015-06-11,2015-06,1,2015
service_agents,2015-06-12,2015-06,1,2015
service_agents,2015-06-27,2015-06,1,2015
service_agents,2015-07-03,2015-07,1,2015
service_agents,2015-07-07,2015-07,1,2015
service_agents,2015-07-08,2015-07,1,2015
service_agents,2015-07-10,2015-07,1,2015
service_agents,2015-07-15,2015-07,1,2015
service_agents,2015-07-18,2015-07,1,2015
service_agents,2015-07-24,2015-07,1,2015
service_agents,2015-07-25,2015-07,2,2015
service_agents,2015-07-27,2015-07,1,2015
service_agents,2015-07-28,2015-07,1,2015
service_agents,2015-08-02,2015-08,1,2015
service_agents,2015-08-03,2015-08,1,2015
service_agents,2015-08-14,2015-08,1,2015
service_agents,2015-08-17,2015-08,1,2015
service_agents,2015-08-22,2015-08,2,2015
service_agents,2015-08-27,2015-08,1,2015
service_agents,2015-08-28,2015-08,1,2015
service_agents,2015-08-29,2015-08,1,2015
service_agents,2015-09-01,2015-09,1,2015
service_agents,2015-09-09,2015-09,1,2015
service_agents,2015-09-16,2015-09,1,2015
service_agents,2015-09-17,2015-09,1,2015
service_agents,2015-09-23,2015-09,1,2015
service_agents,2015-09-25,2015-09,1,2015
service_agents,2015-09-26,2015-09,1,2015
service_agents,2015-10-07,2015-10,1,2015
service_agents,2015-10-09,2015-10,1,2015
service_agents,2015-10-12,2015-10,1,2015
service_agents,2015-10-21,2015-10,2,2015
service_agents,2015-10-24,2015-10,1,2015
service_agents,2015-10-28,2015-10,1,2015
service_agents,2015-10-30,2015-10,1,2015
service_agents,2015-10-31,2015-10,1,2015
service_agents,2015-11-04,2015-11,1,2015
service_agents,2015-11-13,2015-11,1,2015
service_agents,2015-11-15,2015-11,2,2015
service_agents,2015-11-30,2015-11,2,2015
service_agents,2015-12-06,2015-12,1,2015
service_agents,2015-12-08,2015-12,1,2015
service_agents,2015-12-10,2015-12,1,2015
service_agents,2015-12-12,2015-12,1,2015
service_agents,2015-12-14,2015-12,3,2015
service_agents,2015-12-20,2015-12,1,2015
service_agents,2016-01-03,2016-01,1,2016
service_agents,2016-01-07,2016-01,1,2016
service_agents,2016-01-09,2016-01,1,2016
service_agents,2016-01-12,2016-01,1,2016
service_agents,2016-01-14,2016-01,1,2016
service_agents,2016-01-22,2016-01,1,2016
service_agents,2016-02-03,2016-02,1,2016
service_agents,2016-02-12,2016-02,1,2016
service_agents,2016-02-16,2016-02,1,2016
service_agents,2016-02-19,2016-02,1,2016
service_agents,2016-02-29,2016-02,1,2016
service_agents,2016-03-05,2016-03,1,2016
service_agents,2016-03-06,2016-03,1,2016
service_agents,2016-03-10,2016-03,1,2016
service_agents,2016-03-12,2016-03,1,2016
service_agents,2016-03-14,2016-03,1,2016
service_agents,2016-03-18,2016-03,1,2016
service_agents,2016-03-26,2016-03,1,2016
service_agents,2016-03-27,2016-03,1,2016
service_agents,2016-03-29,2016-03,1,2016
service_agents,2016-04-10,2016-04,1,2016
service_agents,2016-04-11,2016-04,1,2016
service_agents,2016-04-12,2016-04,1,2016
service_agents,2016-04-17,2016-04,1,2016
service_agents,2016-04-18,2016-04,1,2016
service_agents,2016-04-19,2016-04,1,2016
service_agents,2016-04-20,2016-04,1,2016
service_agents,2016-04-23,2016-04,1,2016
service_agents,2016-04-25,2016-04,2,2016
service_agents,2016-04-27,2016-04,1,2016
service_agents,2016-04-28,2016-04,1,2016
service_agents,2016-04-29,2016-04,1,2016
service_agents,2016-05-01,2016-05,1,2016
service_agents,2016-05-05,2016-05,2,2016
service_agents,2016-05-10,2016-05,1,2016
service_agents,2016-05-12,2016-05,1,2016
service_agents,2016-05-18,2016-05,1,2016
service_agents,2016-05-19,2016-05,1,2016
service_agents,2016-05-24,2016-05,1,2016
service_agents,2016-05-28,2016-05,1,2016
service_agents,2016-05-31,2016-05,1,2016
service_agents,2016-06-10,2016-06,3,2016
service_agents,2016-06-15,2016-06,1,2016
service_agents,2016-06-16,2016-06,1,2016
service_agents,2016-06-18,2016-06,1,2016
service_agents,2016-06-21,2016-06,1,2016
service_agents,2016-06-27,2016-06,1,2016
service_agents,2016-07-02,2016-07,2,2016
service_agents,2016-07-07,2016-07,1,2016
service_agents,2016-07-09,2016-07,1,2016
service_agents,2016-07-17,2016-07,1,2016
service_agents,2016-07-24,2016-07,1,2016
service_agents,2016-07-26,2016-07,2,2016
service_agents,2016-07-31,2016-07,1,2016
service_agents,2016-08-01,2016-08,1,2016
service_agents,2016-08-10,2016-08,1,2016
service_agents,2016-08-13,2016-08,3,2016
service_agents,2016-08-15,2016-08,1,2016
service_agents,2016-08-16,2016-08,1,2016
service_agents,2016-08-25,2016-08,1,2016
service_agents,2016-08-26,2016-08,1,2016
service_agents,2016-08-28,2016-08,1,2016
service_agents,2016-08-30,2016-08,2,2016
service_agents,2016-08-31,2016-08,1,2016
service_agents,2016-09-01,2016-09,1,2016
service_agents,2016-09-06,2016-09,1,2016
service_agents,2016-09-09,2016-09,1,2016
service_agents,2016-09-18,2016-09,1,2016
service_agents,2016-09-25,2016-09,2,2016
service_agents,2016-10-01,2016-10,1,2016
service_agents,2016-10-16,2016-10,1,2016
service_agents,2016-10-24,2016-10,1,2016
service_agents,2016-10-26,2016-10,1,2016
service_agents,2016-10-28,2016-10,1,2016
service_agents,2016-10-29,2016-10,2,2016
service_agents,2016-11-10,2016-11,2,2016
service_agents,2016-11-18,2016-11,1,2016
service_agents,2016-11-21,2016-11,1,2016
service_agents,2016-11-26,2016-11,1,2016
service_agents,2016-11-27,2016-11,1,2016
service_agents,2016-11-29,2016-11,1,2016
service_agents,2016-12-03,2016-12,1,2016
service_agents,2016-12-13,2016-12,1,2016
service_agents,2016-12-21,2016-12,1,2016
service_agents,2016-12-24,2016-12,1,2016
service_agents,2016-12-25,2016-12,2,2016
service_agents,2017-01-01,2017-01,1,2017
service_agents,2017-01-06,2017-01,3,2017
service_agents,2017-01-17,2017-01,1,2017
service_agents,2017-01-18,2017-01,1,2017
service_agents,2017-01-28,2017-01,1,2017
service_agents,2017-01-31,2017-01,1,2017
service_agents,2017-02-07,2017-02,1,2017
service_agents,2017-02-08,2017-02,1,2017
service_agents,2017-02-13,2017-02,1,2017
service_agents,2017-02-19,2017-02,1,2017
service_agents,2017-02-23,2017-02,2,2017
service_agents,2017-02-24,2017-02,1,2017
service_agents,2017-03-03,2017-03,1,2017
service_agents,2017-03-04,2017-03,1,2017
service_agents,2017-03-09,2017-03,1,2017
service_agents,2017-03-13,2017-03,2,2017
service_agents,2017-03-16,2017-03,1,2017
service_agents,2017-03-17,2017-03,1,2017
service_agents,2017-04-05,2017-04,1,2017
service_agents,2017-04-08,2017-04,1,2017
service_agents,2017-04-10,2017-04,1,2017
service_agents,2017-04-11,2017-04,1,2017
service_agents,2017-04-16,2017-04,1,2017
service_agents,2017-04-20,2017-04,1,2017
service_agents,2017-04-27,2017-04,1,2017
service_agents,2017-05-03,2017-05,1,2017
service_agents,2017-05-04,2017-05,1,2017
service_agents,2017-05-05,2017-05,1,2017
service_agents,2017-05-16,2017-05,2,2017
service_agents,2017-05-20,2017-05,1,2017
service_agents,2017-05-24,2017-05,1,2017
service_agents,2017-05-28,2017-05,1,2017
service_agents,2017-06-08,2017-06,1,2017
service_agents,2017-06-10,2017-06,1,2017
service_agents,2017-06-11,2017-06,2,2017
service_agents,2017-06-13,2017-06,1,2017
service_agents,2017-06-17,2017-06,1,2017
service_agents,2017-06-19,2017-06,1,2017
service_agents,2017-06-21,2017-06,1,2017
service_agents,2017-06-28,2017-06,1,2017
service_agents,2017-06-29,2017-06,1,2017
service_agents,2017-07-01,2017-07,2,2017
service_agents,2017-07-02,2017-07,1,2017
service_agents,2017-07-04,2017-07,1,2017
service_agents,2017-07-07,2017-07,1,2017
service_agents,2017-07-14,2017-07,1,2017
service_agents,2017-07-21,2017-07,1,2017
service_agents,2017-07-22,2017-07,1,2017
service_agents,2017-07-24,2017-07,1,2017
service_agents,2017-07-26,2017-07,2,2017
service_agents,2017-07-27,2017-07,1,2017
service_agents,2017-08-02,2017-08,1,2017
service_agents,2017-08-15,2017-08,2,2017
service_agents,2017-08-19,2017-08,2,2017
service_agents,2017-08-27,2017-08,1,2017
service_agents,2017-08-28,2017-08,1,2017
service_agents,2017-08-30,2017-08,1,2017
service_agents,2017-09-02,2017-09,1,2017
service_agents,2017-09-03,2017-09,1,2017
service_agents,2017-09-04,2017-09,1,2017
service_agents,2017-09-05,2017-09,1,2017
service_agents,2017-09-11,2017-09,1,2017
service_agents,2017-09-15,2017-09,1,2017
service_agents,2017-09-17,2017-09,1,2017
service_agents,2017-09-21,2017-09,1,2017
service_agents,2017-09-22,2017-09,1,2017
service_agents,2017-10-03,2017-10,1,2017
service_agents,2017-10-05,2017-10,1,2017
service_agents,2017-10-13,2017-10,1,2017
service_agents,2017-10-23,2017-10,1,2017
service_agents,2017-10-29,2017-10,1,2017
service_agents,2017-11-03,2017-11,1,2017
service_agents,2017-11-05,2017-11,1,2017
service_agents,2017-11-07,2017-11,1,2017
service_agents,2017-11-09,2017-11,1,2017
service_agents,2017-11-10,2017-11,1,2017
service_agents,2017-11-26,2017-11,1,2017
service_agents,2017-11-27,2017-11,1,2017
service_agents,2017-11-28,2017-11,1,2017
service_agents,2017-11-30,2017-11,1,2017
service_agents,2017-12-02,2017-12,1,2017
service_agents,2017-12-08,2017-12,1,2017
service_agents,2017-12-12,2017-12,1,2017
service_agents,2017-12-13,2017-12,1,2017
service_agents,2017-12-15,2017-12,2,2017
service_agents,2017-12-18,2017-12,2,2017
service_agents,2017-12-30,2017-12,1,2017
service_agents,2017-12-31,2017-12,1,2017
service_agents,2018-01-01,2018-01,1,2018
service_agents,2018-01-08,2018-01,1,2018
service_agents,2018-01-11,2018-01,2,2018
service_agents,2018-01-13,2018-01,1,2018
service_agents,2018-01-15,2018-01,1,2018
service_agents,2018-01-17,2018-01,1,2018
service_agents,2018-01-20,2018-01,1,2018
service_agents,2018-01-22,2018-01,1,2018
service_agents,2018-02-03,2018-02,1,2018
service_agents,2018-02-07,2018-02,1,2018
service_agents,2018-02-08,2018-02,1,2018
service_agents,2018-02-14,2018-02,1,2018
service_agents,2018-02-16,2018-02,1,2018
service_agents,2018-02-24,2018-02,1,2018
service_agents,2018-02-26,2018-02,1,2018
service_agents,2018-03-02,2018-03,1,2018
service_agents,2018-03-05,2018-03,1,2018
service_agents,2018-03-07,2018-03,1,2018
service_agents,2018-03-10,2018-03,1,2018
service_agents,2018-03-18,2018-03,1,2018
service_agents,2018-03-21,2018-03,1,2018
service_agents,2018-03-24,2018-03,1,2018
service_agents,2018-04-01,2018-04,1,2018
service_agents,2018-04-09,2018-04,1,2018
service_agents,2018-04-24,2018-04,1,2018
service_agents,2018-05-01,2018-05,1,2018
service_agents,2018-05-07,2018-05,2,2018
service_agents,2018-05-09,2018-05,1,2018
service_agents,2018-05-12,2018-05,1,2018
service_agents,2018-05-14,2018-05,1,2018
service_agents,2018-05-16,2018-05,1,2018
service_agents,2018-05-17,2018-05,1,2018
service_agents,2018-05-24,2018-05,1,2018
service_agents,2018-05-29,2018-05,1,2018
service_agents,2018-06-02,2018-06,1,2018
service_agents,2018-06-04,2018-06,1,2018
service_agents,2018-06-09,2018-06,1,2018
service_agents,2018-06-11,2018-06,1,2018
service_agents,2018-06-12,2018-06,1,2018
service_agents,2018-06-17,2018-06,1,2018
service_agents,2018-06-25,2018-06,1,2018
service_agents,2018-07-02,2018-07,1,2018
service_agents,2018-07-08,2018-07,1,2018
service_agents,2018-07-22,2018-07,1,2018
service_agents,2018-07-28,2018-07,1,2018
service_agents,2018-07-29,2018-07,1,2018
service_agents,2018-07-31,2018-07,1,2018
service_agents,2018-08-02,2018-08,1,2018
service_agents,2018-08-08,2018-08,1,2018
service_agents,2018-08-14,2018-08,1,2018
service_agents,2018-08-19,2018-08,1,2018
service_agents,2018-08-30,2018-08,1,2018
service_agents,2018-08-31,2018-08,1,2018
service_agents,2018-09-01,2018-09,1,2018
service_agents,2018-09-02,2018-09,1,2018
service_agents,2018-09-03,2018-09,1,2018
service_agents,2018-09-07,2018-09,1,2018
service_agents,2018-09-11,2018-09,1,2018
service_agents,2018-09-16,2018-09,2,2018
service_agents,2018-09-19,2018-09,1,2018
service_agents,2018-09-23,2018-09,2,2018
service_agents,2018-09-25,2018-09,1,2018
service_agents,2018-10-07,2018-10,1,2018
service_agents,2018-10-09,2018-10,1,2018
service_agents,2018-10-15,2018-10,1,2018
service_agents,2018-10-16,2018-10,1,2018
service_agents,2018-10-18,2018-10,1,2018
service_agents,2018-10-22,2018-10,1,2018
service_agents,2018-10-23,2018-10,1,2018
service_agents,2018-10-30,2018-10,1,2018
service_agents,2018-11-02,2018-11,1,2018
service_agents,2018-11-17,2018-11,1,2018
service_agents,2018-11-20,2018-11,1,2018
service_agents,2018-11-22,2018-11,1,2018
service_agents,2018-11-24,2018-11,1,2018
service_agents,2018-11-26,2018-11,1,2018
service_agents,2018-12-07,2018-12,1,2018
service_agents,2018-12-11,2018-12,1,2018
service_agents,2018-12-14,2018-12,1,2018
service_agents,2018-12-22,2018-12,1,2018
service_agents,2018-12-24,2018-12,1,2018
service_agents,2018-12-25,2018-12,1,2018
service_agents,2018-12-27,2018-12,1,2018
service_agents,2019-01-05,2019-01,1,2019
service_agents,2019-01-06,2019-01,3,2019
service_agents,2019-01-08,2019-01,1,2019
service_agents,2019-01-09,2019-01,1,2019
service_agents,2019-01-12,2019-01,1,2019
service_agents,2019-01-14,2019-01,1,2019
service_agents,2019-01-16,2019-01,1,2019
service_agents,2019-01-17,2019-01,1,2019
service_agents,2019-01-19,2019-01,1,2019
service_agents,2019-01-20,2019-01,1,2019
service_agents,2019-02-01,2019-02,1,2019
service_agents,2019-02-05,2019-02,1,2019
service_agents,2019-02-11,2019-02,1,2019
service_agents,2019-02-24,2019-02,1,2019
service_agents,2019-02-28,2019-02,1,2019
service_agents,2019-03-02,2019-03,1,2019
service_agents,2019-03-03,2019-03,1,2019
service_agents,2019-03-04,2019-03,1,2019
service_agents,2019-03-06,2019-03,1,2019
service_agents,2019-03-07,2019-03,1,2019
service_agents,2019-03-14,2019-03,1,2019
service_agents,2019-03-25,2019-03,1,2019
service_agents,2019-03-27,2019-03,1,2019
service_agents,2019-03-28,2019-03,1,2019
service_agents,2019-04-04,2019-04,1,2019
service_agents,2019-04-13,2019-04,1,2019
service_agents,2019-04-20,2019-04,1,2019
service_agents,2019-04-25,2019-04,1,2019
service_agents,2019-04-28,2019-04,1,2019
service_agents,2019-04-29,2019-04,1,2019
service_agents,2019-05-02,2019-05,1,2019
service_agents,2019-05-26,2019-05,1,2019
service_agents,2019-06-10,2019-06,1,2019
service_agents,2019-06-13,2019-06,1,2019
service_agents,2019-06-20,2019-06,1,2019
service_agents,2019-06-26,2019-06,1,2019
service_agents,2019-06-28,2019-06,1,2019
service_agents,2019-06-29,2019-06,1,2019
service_agents,2019-06-30,2019-06,1,2019
service_agents,2019-07-02,2019-07,1,2019
service_agents,2019-07-03,2019-07,1,2019
service_agents,2019-07-10,2019-07,1,2019
service_agents,2019-07-16,2019-07,1,2019
service_agents,2019-07-18,2019-07,1,2019
service_agents,2019-07-22,2019-07,2,2019
service_agents,2019-07-23,2019-07,1,2019
service_agents,2019-08-03,2019-08,1,2019
service_agents,2019-08-07,2019-08,3,2019
service_agents,2019-08-20,2019-08,1,2019
service_agents,2019-08-27,2019-08,1,2019
service_agents,2019-08-28,2019-08,1,2019
service_agents,2019-09-03,2019-09,1,2019
service_agents,2019-09-07,2019-09,1,2019
service_agents,2019-09-10,2019-09,1,2019
service_agents,2019-09-11,2019-09,1,2019
service_agents,2019-09-13,2019-09,1,2019
service_agents,2019-09-18,2019-09,2,2019
service_agents,2019-09-26,2019-09,1,2019
service_agents,2019-10-11,2019-10,1,2019
service_agents,2019-10-12,2019-10,1,2019
service_agents,2019-10-13,2019-10,1,2019
service_agents,2019-10-14,2019-10,1,2019
service_agents,2019-10-16,2019-10,1,2019
service_agents,2019-10-17,2019-10,1,2019
service_agents,2019-10-19,2019-10,1,2019
service_agents,2019-10-24,2019-10,1,2019
service_agents,2019-10-29,2019-10,1,2019
service_agents,2019-11-01,2019-11,1,2019
service_agents,2019-11-10,2019-11,1,2019
service_agents,2019-11-20,2019-11,1,2019
service_agents,2019-12-03,2019-12,1,2019
service_agents,2019-12-11,2019-12,1,2019
service_agents,2019-12-12,2019-12,1,2019
service_agents,2019-12-16,2019-12,1,2019
service_agents,2019-12-18,2019-12,1,2019
service_agents,2019-12-19,2019-12,1,2019
service_agents,2019-12-21,2019-12,1,2019
service_agents,2019-12-25,2019-12,3,2019
service_agents,2019-12-26,2019-12,1,2019
service_agents,2019-12-28,2019-12,1,2019
service_agents,2019-12-29,2019-12,1,2019
service_agents,2019-12-31,2019-12,1,2019
service_agents,2020-01-03,2020-01,2,2020
service_agents,2020-01-09,2020-01,1,2020
service_agents,2020-01-11,2020-01,3,2020
service_agents,2020-01-16,2020-01,1,2020
service_agents,2020-01-17,2020-01,1,2020
service_agents,2020-01-24,2020-01,1,2020
service_agents,2020-01-26,2020-01,1,2020
service_agents,2020-01-27,2020-01,1,2020
service_agents,2020-01-29,2020-01,1,2020
service_agents,2020-02-02,2020-02,1,2020
service_agents,2020-02-13,2020-02,1,2020
service_agents,2020-02-19,2020-02,1,2020
service_agents,2020-02-26,2020-02,2,2020
service_agents,2020-03-01,2020-03,2,2020
service_agents,2020-03-02,2020-03,1,2020
service_agents,2020-03-11,2020-03,1,2020
service_agents,2020-03-15,2020-03,1,2020
service_agents,2020-03-20,2020-03,1,2020
service_agents,2020-03-25,2020-03,1,2020
service_agents,2020-03-26,2020-03,1,2020
service_agents,2020-03-27,2020-03,1,2020
service_agents,2020-03-28,2020-03,2,2020
service_agents,2020-03-31,2020-03,1,2020
service_agents,2020-04-01,2020-04,1,2020
service_agents,2020-04-14,2020-04,2,2020
service_agents,2020-04-16,2020-04,1,2020
service_agents,2020-04-17,2020-04,3,2020
service_agents,2020-04-22,2020-04,1,2020
service_agents,2020-04-26,2020-04,1,2020
service_agents,2020-04-28,2020-04,1,2020
service_agents,2020-04-29,2020-04,1,2020
service_agents,2020-05-01,2020-05,1,2020
service_agents,2020-05-04,2020-05,1,2020
service_agents,2020-05-10,2020-05,1,2020
service_agents,2020-05-23,2020-05,1,2020
service_agents,2020-05-26,2020-05,1,2020
service_agents,2020-05-28,2020-05,2,2020
service_agents,2020-06-02,2020-06,2,2020
service_agents,2020-06-05,2020-06,1,2020
service_agents,2020-06-07,2020-06,1,2020
service_agents,2020-06-21,2020-06,2,2020
service_agents,2020-06-28,2020-06,1,2020
service_agents,2020-07-23,2020-07,1,2020
service_agents,2020-07-26,2020-07,2,2020
service_agents,2020-08-03,2020-08,1,2020
service_agents,2020-08-08,2020-08,1,2020
service_agents,2020-08-15,2020-08,1,2020
service_agents,2020-08-17,2020-08,2,2020
service_agents,2020-08-26,2020-08,2,2020
service_agents,2020-08-28,2020-08,1,2020
service_agents,2020-09-01,2020-09,2,2020
service_agents,2020-09-03,2020-09,1,2020
service_agents,2020-09-08,2020-09,1,2020
service_agents,2020-09-09,2020-09,1,2020
service_agents,2020-09-16,2020-09,1,2020
service_agents,2020-09-30,2020-09,1,2020
service_agents,2020-10-07,2020-10,1,2020
service_agents,2020-10-09,2020-10,1,2020
service_agents,2020-10-10,2020-10,2,2020
service_agents,2020-10-20,2020-10,1,2020
service_agents,2020-10-21,2020-10,1,2020
service_agents,2020-10-29,2020-10,1,2020
service_agents,2020-10-31,2020-10,1,2020
service_agents,2020-11-04,2020-11,1,2020
service_agents,2020-11-06,2020-11,3,2020
service_agents,2020-11-16,2020-11,1,2020
service_agents,2020-11-24,2020-11,1,2020
service_agents,2020-11-25,2020-11,1,2020
service_agents,2020-12-05,2020-12,1,2020
service_agents,2020-12-06,2020-12,1,2020
service_agents,2020-12-07,2020-12,1,2020
service_agents,2020-12-08,2020-12,1,2020
service_agents,2020-12-14,2020-12,1,2020
service_agents,2020-12-17,2020-12,1,2020
service_agents,2020-12-23,2020-12,1,2020
service_agents,2020-12-27,2020-12,1,2020
service_agents,2021-01-10,2021-01,1,2021
service_agents,2021-01-11,2021-01,1,2021
service_agents,2021-01-13,2021-01,1,2021
service_agents,2021-01-16,2021-01,1,2021
service_agents,2021-01-17,2021-01,1,2021
service_agents,2021-01-29,2021-01,1,2021
service_agents,2021-01-30,2021-01,1,2021
service_agents,2021-02-02,2021-02,1,2021
service_agents,2021-02-04,2021-02,1,2021
service_agents,2021-02-11,2021-02,1,2021
service_agents,2021-02-13,2021-02,1,2021
service_agents,2021-02-28,2021-02,1,2021
service_agents,2021-03-03,2021-03,1,2021
service_agents,2021-03-07,2021-03,1,2021
service_agents,2021-03-08,2021-03,1,2021
service_agents,2021-03-12,2021-03,1,2021
service_agents,2021-03-14,2021-03,1,2021
service_agents,2021-03-19,2021-03,1,2021
service_agents,2021-03-21,2021-03,1,2021
service_agents,2021-03-26,2021-03,1,2021
service_agents,2021-03-27,2021-03,1,2021
service_agents,2021-03-31,2021-03,1,2021
service_agents,2021-04-01,2021-04,1,2021
service_agents,2021-04-02,2021-04,2,2021
service_agents,2021-04-07,2021-04,1,2021
service_agents,2021-04-25,2021-04,1,2021
service_agents,2021-04-27,2021-04,1,2021
service_agents,2021-04-30,2021-04,2,2021
service_agents,2021-05-03,2021-05,1,2021
service_agents,2021-05-14,2021-05,1,2021
service_agents,2021-05-16,2021-05,1,2021
service_agents,2021-05-17,2021-05,1,2021
service_agents,2021-05-18,2021-05,1,2021
service_agents,2021-05-19,2021-05,1,2021
service_agents,2021-05-20,2021-05,1,2021
service_agents,2021-05-27,2021-05,2,2021
service_agents,2021-06-01,2021-06,1,2021
service_agents,2021-06-04,2021-06,3,2021
service_agents,2021-06-08,2021-06,1,2021
service_agents,2021-06-17,2021-06,1,2021
service_agents,2021-06-27,2021-06,2,2021
service_agents,2021-07-03,2021-07,1,2021
service_agents,2021-07-06,2021-07,1,2021
service_agents,2021-07-11,2021-07,2,2021
service_agents,2021-07-15,2021-07,2,2021
service_agents,2021-07-17,2021-07,1,2021
service_agents,2021-07-18,2021-07,1,2021
service_agents,2021-07-28,2021-07,1,2021
service_agents,2021-07-30,2021-07,1,2021
service_agents,2021-08-03,2021-08,1,2021
service_agents,2021-08-11,2021-08,1,2021
service_agents,2021-08-21,2021-08,1,2021
service_agents,2021-08-24,2021-08,1,2021
service_agents,2021-08-29,2021-08,1,2021
service_agents,2021-09-02,2021-09,1,2021
service_agents,2021-09-05,2021-09,1,2021
service_agents,2021-09-07,2021-09,1,2021
service_agents,2021-09-12,2021-09,1,2021
service_agents,2021-09-17,2021-09,1,2021
service_agents,2021-09-19,2021-09,2,2021
service_agents,2021-09-24,2021-09,1,2021
service_agents,2021-09-27,2021-09,1,2021
service_agents,2021-09-29,2021-09,1,2021
service_agents,2021-10-04,2021-10,1,2021
service_agents,2021-10-18,2021-10,1,2021
service_agents,2021-10-23,2021-10,1,2021
service_agents,2021-10-24,2021-10,1,2021
service_agents,2021-11-05,2021-11,1,2021
service_agents,2021-11-08,2021-11,2,2021
service_agents,2021-11-09,2021-11,1,2021
service_agents,2021-11-13,2021-11,1,2021
service_agents,2021-11-16,2021-11,3,2021
service_agents,2021-11-22,2021-11,1,2021
service_agents,2021-11-23,2021-11,1,2021
service_agents,2021-11-25,2021-11,1,2021
service_agents,2021-11-26,2021-11,1,2021
service_agents,2021-11-29,2021-11,2,2021
service_agents,2021-12-02,2021-12,1,2021
service_agents,2021-12-09,2021-12,1,2021
service_agents,2021-12-18,2021-12,1,2021
service_agents,2021-12-21,2021-12,1,2021
service_agents,2021-12-25,2021-12,1,2021
service_agents,2021-12-28,2021-12,1,2021
service_agents,2021-12-30,2021-12,1,2021
service_agents,2021-12-31,2021-12,1,2021
service_agents,2022-01-03,2022-01,3,2022
service_agents,2022-01-05,2022-01,1,2022
service_agents,2022-01-08,2022-01,2,2022
service_agents,2022-01-17,2022-01,2,2022
service_agents,2022-01-28,2022-01,1,2022
service_agents,2022-01-29,2022-01,1,2022
service_agents,2022-02-04,2022-02,2,2022
service_agents,2022-02-11,2022-02,1,2022
service_agents,2022-02-18,2022-02,1,2022
service_agents,2022-02-20,2022-02,1,2022
service_agents,2022-02-27,2022-02,1,2022
service_agents,2022-03-04,2022-03,2,2022
service_agents,2022-03-08,2022-03,1,2022
service_agents,2022-03-12,2022-03,1,2022
service_agents,2022-03-13,2022-03,1,2022
service_agents,2022-03-14,2022-03,2,2022
service_agents,2022-03-25,2022-03,1,2022
service_agents,2022-04-02,2022-04,2,2022
service_agents,2022-04-03,2022-04,1,2022
service_agents,2022-04-05,2022-04,1,2022
service_agents,2022-04-11,2022-04,1,2022
service_agents,2022-04-14,2022-04,1,2022
service_agents,2022-04-19,2022-04,1,2022
service_agents,2022-04-29,2022-04,1,2022
service_agents,2022-04-30,2022-04,1,2022
service_agents,2022-05-04,2022-05,1,2022
service_agents,2022-05-05,2022-05,1,2022
service_agents,2022-05-09,2022-05,1,2022
service_agents,2022-05-16,2022-05,1,2022
service_agents,2022-05-19,2022-05,2,2022
service_agents,2022-05-23,2022-05,1,2022
service_agents,2022-05-24,2022-05,1,2022
service_agents,2022-05-25,2022-05,1,2022
service_agents,2022-06-01,2022-06,1,2022
service_agents,2022-06-02,2022-06,1,2022
service_agents,2022-06-03,2022-06,1,2022
service_agents,2022-06-04,2022-06,1,2022
service_agents,2022-06-12,2022-06,1,2022
service_agents,2022-06-22,2022-06,1,2022
service_agents,2022-06-29,2022-06,1,2022
service_agents,2022-07-02,2022-07,1,2022
service_agents,2022-07-03,2022-07,1,2022
service_agents,2022-07-13,2022-07,1,2022
service_agents,2022-07-15,2022-07,1,2022
service_agents,2022-07-20,2022-07,1,2022
service_agents,2022-07-24,2022-07,1,2022
service_agents,2022-07-26,2022-07,1,2022
service_agents,2022-07-30,2022-07,1,2022
service_agents,2022-08-05,2022-08,2,2022
service_agents,2022-08-10,2022-08,1,2022
service_agents,2022-08-20,2022-08,2,2022
service_agents,2022-08-23,2022-08,1,2022
service_agents,2022-08-25,2022-08,1,2022
service_agents,2022-08-28,2022-08,1,2022
service_agents,2022-08-31,2022-08,1,2022
service_agents,2022-09-03,2022-09,1,2022
service_agents,2022-09-04,2022-09,1,2022
service_agents,2022-09-05,2022-09,2,2022
service_agents,2022-09-13,2022-09,1,2022
service_agents,2022-09-16,2022-09,1,2022
service_agents,2022-09-19,2022-09,1,2022
service_agents,2022-09-24,2022-09,1,2022
service_agents,2022-09-29,2022-09,1,2022
service_agents,2022-10-06,2022-10,1,2022
service_agents,2022-10-12,2022-10,1,2022
service_agents,2022-10-13,2022-10,1,2022
service_agents,2022-10-15,2022-10,1,2022
service_agents,2022-10-22,2022-10,2,2022
service_agents,2022-10-25,2022-10,1,2022
service_agents,2022-10-27,2022-10,1,2022
service_agents,2022-10-29,2022-10,1,2022
service_agents,2022-10-30,2022-10,1,2022
service_agents,2022-11-02,2022-11,1,2022
service_agents,2022-11-04,2022-11,1,2022
service_agents,2022-11-06,2022-11,1,2022
service_agents,2022-11-08,2022-11,2,2022
service_agents,2022-11-11,2022-11,1,2022
service_agents,2022-11-17,2022-11,1,2022
service_agents,2022-11-18,2022-11,1,2022
service_agents,2022-11-19,2022-11,3,2022
service_agents,2022-11-27,2022-11,1,2022
service_agents,2022-12-05,2022-12,1,2022
service_agents,2022-12-07,2022-12,2,2022
service_agents,2022-12-08,2022-12,1,2022
service_agents,2022-12-14,2022-12,1,2022
service_agents,2022-12-16,2022-12,1,2022
service_agents,2022-12-18,2022-12,1,2022
service_agents,2022-12-21,2022-12,1,2022
service_agents,2022-12-23,2022-12,1,2022
service_agents,2022-12-24,2022-12,1,2022
service_agents,2022-12-25,2022-12,1,2022
service_agents,2023-01-04,2023-01,1,2023
service_agents,2023-01-10,2023-01,1,2023
service_agents,2023-01-11,2023-01,1,2023
service_agents,2023-01-13,2023-01,1,2023
service_agents,2023-01-15,2023-01,1,2023
service_agents,2023-01-18,2023-01,1,2023
service_agents,2023-01-25,2023-01,1,2023
service_agents,2023-02-08,2023-02,1,2023
service_agents,2023-02-13,2023-02,1,2023
service_agents,2023-02-14,2023-02,1,2023
service_agents,2023-02-15,2023-02,1,2023
service_agents,2023-02-18,2023-02,2,2023
service_agents,2023-02-20,2023-02,1,2023
service_agents,2023-02-22,2023-02,1,2023
service_agents,2023-02-23,2023-02,1,2023
service_agents,2023-02-28,2023-02,1,2023
service_agents,2023-03-09,2023-03,1,2023
service_agents,2023-03-12,2023-03,1,2023
service_agents,2023-03-14,2023-03,1,2023
service_agents,2023-03-16,2023-03,1,2023
service_agents,2023-03-19,2023-03,3,2023
service_agents,2023-03-23,2023-03,1,2023
service_agents,2023-03-24,2023-03,1,2023
service_agents,2023-03-28,2023-03,1,2023
service_agents,2023-04-03,2023-04,1,2023
service_agents,2023-04-07,2023-04,1,2023
service_agents,2023-04-13,2023-04,1,2023
service_agents,2023-04-24,2023-04,1,2023
service_agents,2023-04-25,2023-04,1,2023
service_agents,2023-05-01,2023-05,1,2023
service_agents,2023-05-02,2023-05,1,2023
service_agents,2023-05-03,2023-05,1,2023
service_agents,2023-05-04,2023-05,1,2023
service_agents,2023-05-05,2023-05,1,2023
service_agents,2023-05-13,2023-05,2,2023
service_agents,2023-05-20,2023-05,1,2023
service_agents,2023-05-21,2023-05,1,2023
service_agents,2023-06-08,2023-06,2,2023
service_agents,2023-06-16,2023-06,1,2023
service_agents,2023-06-24,2023-06,1,2023
service_agents,2023-06-27,2023-06,1,2023
service_agents,2023-06-30,2023-06,1,2023
service_agents,2023-07-02,2023-07,1,2023
service_agents,2023-07-05,2023-07,1,2023
service_agents,2023-07-08,2023-07,1,2023
service_agents,2023-07-14,2023-07,1,2023
service_agents,2023-07-15,2023-07,1,2023
service_agents,2023-07-22,2023-07,1,2023
service_agents,2023-08-22,2023-08,2,2023
service_agents,2023-08-23,2023-08,1,2023
service_agents,2023-08-29,2023-08,1,2023
service_agents,2023-09-02,2023-09,1,2023
service_agents,2023-09-05,2023-09,1,2023
service_agents,2023-09-08,2023-09,1,2023
service_agents,2023-09-17,2023-09,1,2023
service_agents,2023-09-20,2023-09,1,2023
service_agents,2023-09-25,2023-09,1,2023
service_agents,2023-09-27,2023-09,1,2023
service_agents,2023-10-01,2023-10,1,2023
service_agents,2023-10-09,2023-10,1,2023
service_agents,2023-10-15,2023-10,1,2023
service_agents,2023-10-28,2023-10,1,2023
service_agents,2023-10-30,2023-10,1,2023
service_agents,2023-11-06,2023-11,1,2023
service_agents,2023-11-07,2023-11,1,2023
service_agents,2023-11-18,2023-11,1,2023
service_agents,2023-11-26,2023-11,1,2023
service_agents,2023-11-27,2023-11,1,2023
service_agents,2023-11-29,2023-11,1,2023
service_agents,2023-12-01,2023-12,2,2023
service_agents,2023-12-06,2023-12,1,2023
service_agents,2023-12-11,2023-12,1,2023
service_agents,2023-12-24,2023-12,1,2023
service_agents,2024-01-01,2024-01,1,2024
service_agents,2024-01-11,2024-01,1,2024
service_agents,2024-01-12,2024-01,1,2024
service_agents,2024-01-14,2024-01,1,2024
service_agents,2024-01-25,2024-01,1,2024
service_agents,2024-02-01,2024-02,1,2024
service_agents,2024-02-09,2024-02,2,2024
service_agents,2024-02-12,2024-02,1,2024
service_agents,2024-02-16,2024-02,1,2024
service_agents,2024-02-17,2024-02,2,2024
service_agents,2024-02-18,2024-02,2,2024
service_agents,2024-02-20,2024-02,1,2024
service_agents,2024-02-21,2024-02,1,2024
service_agents,2024-02-22,2024-02,1,2024
service_agents,2024-02-27,2024-02,1,2024
service_agents,2024-02-29,2024-02,1,2024
service_agents,2024-03-02,2024-03,1,2024
service_agents,2024-03-06,2024-03,1,2024
service_agents,2024-03-12,2024-03,1,2024
service_agents,2024-03-15,2024-03,1,2024
service_agents,2024-03-18,2024-03,1,2024
service_agents,2024-03-27,2024-03,1,2024
service_agents,2024-04-05,2024-04,1,2024
service_agents,2024-04-12,2024-04,1,2024
service_agents,2024-04-13,2024-04,1,2024
service_agents,2024-04-16,2024-04,1,2024
service_agents,2024-04-18,2024-04,1,2024
service_agents,2024-04-21,2024-04,2,2024
service_agents,2024-04-22,2024-04,1,2024
service_agents,2024-04-24,2024-04,1,2024
service_agents,2024-04-25,2024-04,1,2024
service_agents,2024-05-05,2024-05,1,2024
service_agents,2024-05-15,2024-05,1,2024
service_agents,2024-05-16,2024-05,1,2024
service_agents,2024-05-17,2024-05,1,2024
service_agents,2024-05-18,2024-05,1,2024
service_agents,2024-05-26,2024-05,1,2024
service_agents,2024-06-03,2024-06,1,2024
service_agents,2024-06-12,2024-06,1,2024
service_agents,2024-06-15,2024-06,1,2024
service_agents,2024-06-16,2024-06,1,2024
service_agents,2024-06-29,2024-06,1,2024
service_agents,2024-07-01,2024-07,1,2024
service_agents,2024-07-07,2024-07,1,2024
service_agents,2024-07-12,2024-07,1,2024
service_agents,2024-07-16,2024-07,1,2024
service_agents,2024-07-20,2024-07,1,2024
service_agents,2024-07-28,2024-07,1,2024
service_agents,2024-07-30,2024-07,1,2024
service_agents,2024-08-16,2024-08,1,2024
service_agents,2024-08-21,2024-08,1,2024
service_agents,2024-08-25,2024-08,2,2024
service_agents,2024-08-26,2024-08,1,2024
service_agents,2024-08-27,2024-08,1,2024
service_agents,2024-08-28,2024-08,1,2024
service_agents,2024-08-29,2024-08,1,2024
service_agents,2024-08-31,2024-08,1,2024
service_agents,2024-09-06,2024-09,1,2024
service_agents,2024-09-20,2024-09,1,2024
service_agents,2024-09-23,2024-09,1,2024
service_agents,2024-09-28,2024-09,2,2024
service_agents,2024-10-01,2024-10,1,2024
service_agents,2024-10-13,2024-10,1,2024
service_agents,2024-10-15,2024-10,1,2024
service_agents,2024-10-16,2024-10,1,2024
service_agents,2024-10-17,2024-10,1,2024
service_agents,2024-10-23,2024-10,1,2024
service_agents,2024-10-24,2024-10,1,2024
service_agents,2024-10-30,2024-10,1,2024
service_agents,2024-11-01,2024-11,1,2024
service_agents,2024-11-12,2024-11,1,2024
service_agents,2024-11-14,2024-11,1,2024
service_agents,2024-11-16,2024-11,1,2024
service_agents,2024-11-17,2024-11,1,2024
service_agents,2024-11-18,2024-11,1,2024
service_agents,2024-11-21,2024-11,1,2024
service_agents,2024-11-25,2024-11,1,2024
service_agents,2024-11-30,2024-11,1,2024
service_agents,2024-12-04,2024-12,1,2024
service_agents,2024-12-06,2024-12,1,2024
service_agents,2024-12-16,2024-12,1,2024
service_agents,2024-12-29,2024-12,1,2024
service_agents,2025-01-02,2025-01,1,2025
service_agents,2025-01-04,2025-01,1,2025
service_agents,2025-01-09,2025-01,1,2025
service_agents,2025-01-10,2025-01,2,2025
service_agents,2025-01-15,2025-01,1,2025
service_agents,2025-01-24,2025-01,1,2025
service_agents,2025-02-05,2025-02,1,2025
service_agents,2025-02-06,2025-02,1,2025
service_agents,2025-02-12,2025-02,1,2025
service_agents,2025-02-19,2025-02,1,2025
service_agents,2025-02-21,2025-02,1,2025
service_agents,2025-02-23,2025-02,1,2025
service_agents,2025-02-25,2025-02,1,2025
service_agents,2025-02-26,2025-02,1,2025
service_agents,2025-02-28,2025-02,2,2025
service_agents,2025-03-06,2025-03,1,2025
service_agents,2025-03-10,2025-03,1,2025
service_agents,2025-03-20,2025-03,1,2025
service_agents,2025-03-21,2025-03,1,2025
service_agents,2025-03-22,2025-03,1,2025
service_agents,2025-03-23,2025-03,1,2025
service_agents,2025-04-04,2025-04,1,2025
service_agents,2025-04-14,2025-04,1,2025
service_agents,2025-04-16,2025-04,1,2025
service_agents,2025-04-23,2025-04,2,2025
service_agents,2025-04-30,2025-04,2,2025
service_agents,2025-05-02,2025-05,1,2025
service_agents,2025-05-05,2025-05,1,2025
service_agents,2025-05-13,2025-05,1,2025
service_agents,2025-05-15,2025-05,1,2025
service_agents,2025-05-16,2025-05,1,2025
service_agents,2025-05-18,2025-05,1,2025
service_agents,2025-05-21,2025-05,1,2025
service_agents,2025-05-22,2025-05,1,2025
service_agents,2025-05-27,2025-05,1,2025
service_agents,2025-05-30,2025-05,1,2025
service_agents,2025-05-31,2025-05,1,2025
service_agents,2025-06-02,2025-06,2,2025
service_agents,2025-06-07,2025-06,1,2025
service_agents,2025-06-08,2025-06,1,2025
service_agents,2025-06-09,2025-06,1,2025
service_agents,2025-06-12,2025-06,1,2025
service_agents,2025-06-22,2025-06,1,2025
service_agents,2025-06-27,2025-06,1,2025
service_agents,2025-07-06,2025-07,1,2025
service_agents,2025-07-08,2025-07,1,2025
service_agents,2025-07-11,2025-07,1,2025
service_agents,2025-07-15,2025-07,1,2025
service_agents,2025-07-19,2025-07,2,2025
service_agents,2025-07-29,2025-07,1,2025
service_agents,2025-08-02,2025-08,1,2025
service_agents,2025-08-03,2025-08,1,2025
service_agents,2025-08-10,2025-08,1,2025
service_agents,2025-08-12,2025-08,1,2025
service_agents,2025-08-16,2025-08,1,2025
service_agents,2025-08-17,2025-08,1,2025
service_agents,2025-08-24,2025-08,1,2025
service_agents,2025-08-27,2025-08,1,2025
service_agents,2025-08-29,2025-08,1,2025
service_agents,2025-09-01,2025-09,1,2025
service_agents,2025-09-11,2025-09,2,2025
service_agents,2025-09-14,2025-09,1,2025
service_agents,2025-09-21,2025-09,1,2025
service_agents,2025-09-27,2025-09,1,2025
service_agents,2025-10-03,2025-10,1,2025
service_agents,2025-10-04,2025-10,1,2025
service_agents,2025-10-11,2025-10,1,2025
service_agents,2025-10-22,2025-10,1,2025
service_agents,2025-10-30,2025-10,1,2025
service_agents,2025-10-31,2025-10,1,2025
service_agents,2025-11-01,2025-11,1,2025
service_agents,2025-11-03,2025-11,1,2025
service_agents,2025-11-05,2025-11,1,2025
service_agents,2025-11-06,2025-11,1,2025
service_agents,2025-11-11,2025-11,1,2025
service_agents,2025-11-17,2025-11,2,2025
service_agents,2025-11-23,2025-11,1,2025
service_agents,2025-11-26,2025-11,2,2025
service_agents,2025-12-07,2025-12,1,2025
service_agents,2025-12-10,2025-12,1,2025
service_agents,2025-12-13,2025-12,1,2025
service_agents,2025-12-14,2025-12,1,2025
service_agents,2025-12-18,2025-12,1,2025
service_agents,2025-12-19,2025-12,1,2025
service_agents,2025-12-20,2025-12,1,2025
service_agents,2025-12-27,2025-12,1,2025
service_agents,2025-12-30,2025-12,1,2025
service_agents,2025-12-31,2025-12,1,2025
service_agents,2026-01-05,2026-01,1,2026
service_agents,2026-01-13,2026-01,1,2026
service_agents,2026-01-15,2026-01,1,2026
service_agents,2026-01-21,2026-01,1,2026
service_agents,2026-01-26,2026-01,1,2026
service_agents,2026-01-30,2026-01,2,2026
service_agents,2026-01-31,2026-01,1,2026
service_agents,2026-02-07,2026-02,1,2026
service_agents,2026-02-20,2026-02,1,2026
service_agents,2026-03-09,2026-03,1,2026
service_agents,2026-03-15,2026-03,1,2026
service_agents,2026-03-17,2026-03,1,2026
transactions,2023-06-17,2023-06,2886,2023
transactions,2023-06-18,2023-06,2907,2023
transactions,2023-06-19,2023-06,4142,2023
transactions,2023-06-20,2023-06,4273,2023
transactions,2023-06-21,2023-06,4893,2023
transactions,2023-06-22,2023-06,4478,2023
transactions,2023-06-23,2023-06,5360,2023
transactions,2023-06-24,2023-06,2856,2023
transactions,2023-06-25,2023-06,2844,2023
transactions,2023-06-26,2023-06,4981,2023
transactions,2023-06-27,2023-06,4465,2023
transactions,2023-06-28,2023-06,4187,2023
transactions,2023-06-29,2023-06,4388,2023
transactions,2023-06-30,2023-06,4758,2023
transactions,2023-07-01,2023-07,2456,2023
transactions,2023-07-02,2023-07,2826,2023
transactions,2023-07-03,2023-07,5375,2023
transactions,2023-07-04,2023-07,4263,2023
transactions,2023-07-05,2023-07,3797,2023
transactions,2023-07-06,2023-07,5209,2023
transactions,2023-07-07,2023-07,4996,2023
transactions,2023-07-08,2023-07,2851,2023
transactions,2023-07-09,2023-07,3225,2023
transactions,2023-07-10,2023-07,3901,2023
transactions,2023-07-11,2023-07,3712,2023
transactions,2023-07-12,2023-07,4401,2023
transactions,2023-07-13,2023-07,4843,2023
transactions,2023-07-14,2023-07,3711,2023
transactions,2023-07-15,2023-07,2428,2023
transactions,2023-07-16,2023-07,2454,2023
transactions,2023-07-17,2023-07,4523,2023
transactions,2023-07-18,2023-07,3670,2023
transactions,2023-07-19,2023-07,5397,2023
transactions,2023-07-20,2023-07,5281,2023
transactions,2023-07-21,2023-07,4915,2023
transactions,2023-07-22,2023-07,2665,2023
transactions,2023-07-23,2023-07,2697,2023
transactions,2023-07-24,2023-07,3768,2023
transactions,2023-07-25,2023-07,4677,2023
transactions,2023-07-26,2023-07,5241,2023
transactions,2023-07-27,2023-07,4733,2023
transactions,2023-07-28,2023-07,4224,2023
transactions,2023-07-29,2023-07,2404,2023
transactions,2023-07-30,2023-07,2439,2023
transactions,2023-07-31,2023-07,4039,2023
transactions,2023-08-01,2023-08,3893,2023
transactions,2023-08-02,2023-08,4896,2023
transactions,2023-08-03,2023-08,5113,2023
transactions,2023-08-04,2023-08,4474,2023
transactions,2023-08-05,2023-08,2305,2023
transactions,2023-08-06,2023-08,2614,2023
transactions,2023-08-07,2023-08,5224,2023
transactions,2023-08-08,2023-08,5161,2023
transactions,2023-08-09,2023-08,5179,2023
transactions,2023-08-10,2023-08,4666,2023
transactions,2023-08-11,2023-08,3723,2023
transactions,2023-08-12,2023-08,2889,2023
transactions,2023-08-13,2023-08,2421,2023
transactions,2023-08-14,2023-08,5242,2023
transactions,2023-08-15,2023-08,5271,2023
transactions,2023-08-16,2023-08,4224,2023
transactions,2023-08-17,2023-08,3846,2023
transactions,2023-08-18,2023-08,5034,2023
transactions,2023-08-19,2023-08,2355,2023
transactions,2023-08-20,2023-08,2700,2023
transactions,2023-08-21,2023-08,4249,2023
transactions,2023-08-22,2023-08,3810,2023
transactions,2023-08-23,2023-08,4780,2023
transactions,2023-08-24,2023-08,4834,2023
transactions,2023-08-25,2023-08,5309,2023
transactions,2023-08-26,2023-08,3136,2023
transactions,2023-08-27,2023-08,2386,2023
transactions,2023-08-28,2023-08,4121,2023
transactions,2023-08-29,2023-08,4539,2023
transactions,2023-08-30,2023-08,4366,2023
transactions,2023-08-31,2023-08,5159,2023
transactions,2023-09-01,2023-09,4091,2023
transactions,2023-09-02,2023-09,2985,2023
transactions,2023-09-03,2023-09,2578,2023
transactions,2023-09-04,2023-09,4653,2023
transactions,2023-09-05,2023-09,4278,2023
transactions,2023-09-06,2023-09,4484,2023
transactions,2023-09-07,2023-09,5449,2023
transactions,2023-09-08,2023-09,4757,2023
transactions,2023-09-09,2023-09,2330,2023
transactions,2023-09-10,2023-09,2469,2023
transactions,2023-09-11,2023-09,4583,2023
transactions,2023-09-12,2023-09,5107,2023
transactions,2023-09-13,2023-09,4727,2023
transactions,2023-09-14,2023-09,3979,2023
transactions,2023-09-15,2023-09,4037,2023
transactions,2023-09-16,2023-09,3046,2023
transactions,2023-09-17,2023-09,2391,2023
transactions,2023-09-18,2023-09,3671,2023
transactions,2023-09-19,2023-09,3805,2023
transactions,2023-09-20,2023-09,4902,2023
transactions,2023-09-21,2023-09,5427,2023
transactions,2023-09-22,2023-09,4951,2023
transactions,2023-09-23,2023-09,2392,2023
transactions,2023-09-24,2023-09,2736,2023
transactions,2023-09-25,2023-09,4932,2023
transactions,2023-09-26,2023-09,4629,2023
transactions,2023-09-27,2023-09,4430,2023
transactions,2023-09-28,2023-09,3901,2023
transactions,2023-09-29,2023-09,4531,2023
transactions,2023-09-30,2023-09,2651,2023
transactions,2023-10-01,2023-10,2371,2023
transactions,2023-10-02,2023-10,4608,2023
transactions,2023-10-03,2023-10,4409,2023
transactions,2023-10-04,2023-10,4854,2023
transactions,2023-10-05,2023-10,5436,2023
transactions,2023-10-06,2023-10,4731,2023
transactions,2023-10-07,2023-10,2824,2023
transactions,2023-10-08,2023-10,2805,2023
transactions,2023-10-09,2023-10,5329,2023
transactions,2023-10-10,2023-10,3787,2023
transactions,2023-10-11,2023-10,4660,2023
transactions,2023-10-12,2023-10,4081,2023
transactions,2023-10-13,2023-10,4797,2023
transactions,2023-10-14,2023-10,3252,2023
transactions,2023-10-15,2023-10,2559,2023
transactions,2023-10-16,2023-10,3685,2023
transactions,2023-10-17,2023-10,5121,2023
transactions,2023-10-18,2023-10,3734,2023
transactions,2023-10-19,2023-10,5375,2023
transactions,2023-10-20,2023-10,5258,2023
transactions,2023-10-21,2023-10,3132,2023
transactions,2023-10-22,2023-10,2958,2023
transactions,2023-10-23,2023-10,4950,2023
transactions,2023-10-24,2023-10,4936,2023
transactions,2023-10-25,2023-10,5115,2023
transactions,2023-10-26,2023-10,4380,2023
transactions,2023-10-27,2023-10,4967,2023
transactions,2023-10-28,2023-10,2211,2023
transactions,2023-10-29,2023-10,3084,2023
transactions,2023-10-30,2023-10,4977,2023
transactions,2023-10-31,2023-10,3679,2023
transactions,2023-11-01,2023-11,5380,2023
transactions,2023-11-02,2023-11,4574,2023
transactions,2023-11-03,2023-11,3724,2023
transactions,2023-11-04,2023-11,2287,2023
transactions,2023-11-05,2023-11,2976,2023
transactions,2023-11-06,2023-11,5209,2023
transactions,2023-11-07,2023-11,3658,2023
transactions,2023-11-08,2023-11,3801,2023
transactions,2023-11-09,2023-11,4489,2023
transactions,2023-11-10,2023-11,3864,2023
transactions,2023-11-11,2023-11,2979,2023
transactions,2023-11-12,2023-11,2950,2023
transactions,2023-11-13,2023-11,5377,2023
transactions,2023-11-14,2023-11,4854,2023
transactions,2023-11-15,2023-11,3896,2023
transactions,2023-11-16,2023-11,4758,2023
transactions,2023-11-17,2023-11,5306,2023
transactions,2023-11-18,2023-11,2916,2023
transactions,2023-11-19,2023-11,3101,2023
transactions,2023-11-20,2023-11,4665,2023
transactions,2023-11-21,2023-11,4190,2023
transactions,2023-11-22,2023-11,4195,2023
transactions,2023-11-23,2023-11,4106,2023
transactions,2023-11-24,2023-11,4031,2023
transactions,2023-11-25,2023-11,3190,2023
transactions,2023-11-26,2023-11,3180,2023
transactions,2023-11-27,2023-11,3732,2023
transactions,2023-11-28,2023-11,4898,2023
transactions,2023-11-29,2023-11,5245,2023
transactions,2023-11-30,2023-11,4724,2023
transactions,2023-12-01,2023-12,4987,2023
transactions,2023-12-02,2023-12,2200,2023
transactions,2023-12-03,2023-12,2838,2023
transactions,2023-12-04,2023-12,5384,2023
transactions,2023-12-05,2023-12,3831,2023
transactions,2023-12-06,2023-12,4774,2023
transactions,2023-12-07,2023-12,4100,2023
transactions,2023-12-08,2023-12,4803,2023
transactions,2023-12-09,2023-12,2247,2023
transactions,2023-12-10,2023-12,2685,2023
transactions,2023-12-11,2023-12,4944,2023
transactions,2023-12-12,2023-12,5142,2023
transactions,2023-12-13,2023-12,4319,2023
transactions,2023-12-14,2023-12,4306,2023
transactions,2023-12-15,2023-12,4796,2023
transactions,2023-12-16,2023-12,2865,2023
transactions,2023-12-17,2023-12,2603,2023
transactions,2023-12-18,2023-12,5449,2023
transactions,2023-12-19,2023-12,4646,2023
transactions,2023-12-20,2023-12,4558,2023
transactions,2023-12-21,2023-12,4263,2023
transactions,2023-12-22,2023-12,5118,2023
transactions,2023-12-23,2023-12,2863,2023
transactions,2023-12-24,2023-12,2473,2023
transactions,2023-12-25,2023-12,5345,2023
transactions,2023-12-26,2023-12,4325,2023
transactions,2023-12-27,2023-12,4758,2023
transactions,2023-12-28,2023-12,4927,2023
transactions,2023-12-29,2023-12,4777,2023
transactions,2023-12-30,2023-12,2507,2023
transactions,2023-12-31,2023-12,2657,2023
transactions,2024-01-01,2024-01,4588,2024
transactions,2024-01-02,2024-01,5277,2024
transactions,2024-01-03,2024-01,4733,2024
transactions,2024-01-04,2024-01,3696,2024
transactions,2024-01-05,2024-01,4977,2024
transactions,2024-01-06,2024-01,2359,2024
transactions,2024-01-07,2024-01,2359,2024
transactions,2024-01-08,2024-01,4018,2024
transactions,2024-01-09,2024-01,4546,2024
transactions,2024-01-10,2024-01,4555,2024
transactions,2024-01-11,2024-01,3846,2024
transactions,2024-01-12,2024-01,3922,2024
transactions,2024-01-13,2024-01,2434,2024
transactions,2024-01-14,2024-01,3148,2024
transactions,2024-01-15,2024-01,4170,2024
transactions,2024-01-16,2024-01,5253,2024
transactions,2024-01-17,2024-01,3747,2024
transactions,2024-01-18,2024-01,3796,2024
transactions,2024-01-19,2024-01,4210,2024
transactions,2024-01-20,2024-01,3262,2024
transactions,2024-01-21,2024-01,3069,2024
transactions,2024-01-22,2024-01,5020,2024
transactions,2024-01-23,2024-01,4399,2024
transactions,2024-01-24,2024-01,5400,2024
transactions,2024-01-25,2024-01,4266,2024
transactions,2024-01-26,2024-01,3893,2024
transactions,2024-01-27,2024-01,3261,2024
transactions,2024-01-28,2024-01,3162,2024
transactions,2024-01-29,2024-01,3697,2024
transactions,2024-01-30,2024-01,3648,2024
transactions,2024-01-31,2024-01,3707,2024
transactions,2024-02-01,2024-02,4061,2024
transactions,2024-02-02,2024-02,5256,2024
transactions,2024-02-03,2024-02,2553,2024
transactions,2024-02-04,2024-02,3241,2024
transactions,2024-02-05,2024-02,5062,2024
transactions,2024-02-06,2024-02,4656,2024
transactions,2024-02-07,2024-02,4429,2024
transactions,2024-02-08,2024-02,5316,2024
transactions,2024-02-09,2024-02,3692,2024
transactions,2024-02-10,2024-02,2760,2024
transactions,2024-02-11,2024-02,2388,2024
transactions,2024-02-12,2024-02,5462,2024
transactions,2024-02-13,2024-02,3923,2024
transactions,2024-02-14,2024-02,3779,2024
transactions,2024-02-15,2024-02,5364,2024
transactions,2024-02-16,2024-02,5448,2024
transactions,2024-02-17,2024-02,2532,2024
transactions,2024-02-18,2024-02,2354,2024
transactions,2024-02-19,2024-02,4459,2024
transactions,2024-02-20,2024-02,5218,2024
transactions,2024-02-21,2024-02,3948,2024
transactions,2024-02-22,2024-02,4515,2024
transactions,2024-02-23,2024-02,3660,2024
transactions,2024-02-24,2024-02,3093,2024
transactions,2024-02-25,2024-02,2584,2024
transactions,2024-02-26,2024-02,3923,2024
transactions,2024-02-27,2024-02,4688,2024
transactions,2024-02-28,2024-02,4551,2024
transactions,2024-02-29,2024-02,4415,2024
transactions,2024-03-01,2024-03,4949,2024
transactions,2024-03-02,2024-03,3072,2024
transactions,2024-03-03,2024-03,3055,2024
transactions,2024-03-04,2024-03,4426,2024
transactions,2024-03-05,2024-03,4769,2024
transactions,2024-03-06,2024-03,4267,2024
transactions,2024-03-07,2024-03,4740,2024
transactions,2024-03-08,2024-03,4609,2024
transactions,2024-03-09,2024-03,2289,2024
transactions,2024-03-10,2024-03,2827,2024
transactions,2024-03-11,2024-03,4529,2024
transactions,2024-03-12,2024-03,3702,2024
transactions,2024-03-13,2024-03,3986,2024
transactions,2024-03-14,2024-03,4001,2024
transactions,2024-03-15,2024-03,4351,2024
transactions,2024-03-16,2024-03,2966,2024
transactions,2024-03-17,2024-03,2834,2024
transactions,2024-03-18,2024-03,4185,2024
transactions,2024-03-19,2024-03,4918,2024
transactions,2024-03-20,2024-03,3829,2024
transactions,2024-03-21,2024-03,5165,2024
transactions,2024-03-22,2024-03,3819,2024
transactions,2024-03-23,2024-03,3021,2024
transactions,2024-03-24,2024-03,2721,2024
transactions,2024-03-25,2024-03,4821,2024
transactions,2024-03-26,2024-03,4526,2024
transactions,2024-03-27,2024-03,4384,2024
transactions,2024-03-28,2024-03,5099,2024
transactions,2024-03-29,2024-03,3790,2024
transactions,2024-03-30,2024-03,3012,2024
transactions,2024-03-31,2024-03,2443,2024
transactions,2024-04-01,2024-04,4164,2024
transactions,2024-04-02,2024-04,4546,2024
transactions,2024-04-03,2024-04,4960,2024
transactions,2024-04-04,2024-04,5384,2024
transactions,2024-04-05,2024-04,5047,2024
transactions,2024-04-06,2024-04,2433,2024
transactions,2024-04-07,2024-04,2272,2024
transactions,2024-04-08,2024-04,5188,2024
transactions,2024-04-09,2024-04,4397,2024
transactions,2024-04-10,2024-04,5165,2024
transactions,2024-04-11,2024-04,5059,2024
transactions,2024-04-12,2024-04,4443,2024
transactions,2024-04-13,2024-04,2449,2024
transactions,2024-04-14,2024-04,2480,2024
transactions,2024-04-15,2024-04,3851,2024
transactions,2024-04-16,2024-04,5395,2024
transactions,2024-04-17,2024-04,4341,2024
transactions,2024-04-18,2024-04,5399,2024
transactions,2024-04-19,2024-04,3949,2024
transactions,2024-04-20,2024-04,2225,2024
transactions,2024-04-21,2024-04,3172,2024
transactions,2024-04-22,2024-04,4109,2024
transactions,2024-04-23,2024-04,4059,2024
transactions,2024-04-24,2024-04,5382,2024
transactions,2024-04-25,2024-04,3991,2024
transactions,2024-04-26,2024-04,4318,2024
transactions,2024-04-27,2024-04,3064,2024
transactions,2024-04-28,2024-04,2433,2024
transactions,2024-04-29,2024-04,4081,2024
transactions,2024-04-30,2024-04,3975,2024
transactions,2024-05-01,2024-05,4589,2024
transactions,2024-05-02,2024-05,4682,2024
transactions,2024-05-03,2024-05,3831,2024
transactions,2024-05-04,2024-05,2873,2024
transactions,2024-05-05,2024-05,3246,2024
transactions,2024-05-06,2024-05,4600,2024
transactions,2024-05-07,2024-05,5324,2024
transactions,2024-05-08,2024-05,5023,2024
transactions,2024-05-09,2024-05,5319,2024
transactions,2024-05-10,2024-05,4457,2024
transactions,2024-05-11,2024-05,3083,2024
transactions,2024-05-12,2024-05,2990,2024
transactions,2024-05-13,2024-05,4817,2024
transactions,2024-05-14,2024-05,5384,2024
transactions,2024-05-15,2024-05,4490,2024
transactions,2024-05-16,2024-05,4348,2024
transactions,2024-05-17,2024-05,4532,2024
transactions,2024-05-18,2024-05,2520,2024
transactions,2024-05-19,2024-05,3169,2024
transactions,2024-05-20,2024-05,3795,2024
transactions,2024-05-21,2024-05,3834,2024
transactions,2024-05-22,2024-05,3706,2024
transactions,2024-05-23,2024-05,5073,2024
transactions,2024-05-24,2024-05,3933,2024
transactions,2024-05-25,2024-05,2637,2024
transactions,2024-05-26,2024-05,2784,2024
transactions,2024-05-27,2024-05,3718,2024
transactions,2024-05-28,2024-05,4826,2024
transactions,2024-05-29,2024-05,4504,2024
transactions,2024-05-30,2024-05,3978,2024
transactions,2024-05-31,2024-05,4351,2024
transactions,2024-06-01,2024-06,2903,2024
transactions,2024-06-02,2024-06,2414,2024
transactions,2024-06-03,2024-06,4182,2024
transactions,2024-06-04,2024-06,3859,2024
transactions,2024-06-05,2024-06,5118,2024
transactions,2024-06-06,2024-06,3856,2024
transactions,2024-06-07,2024-06,5104,2024
transactions,2024-06-08,2024-06,2767,2024
transactions,2024-06-09,2024-06,2745,2024
transactions,2024-06-10,2024-06,3958,2024
transactions,2024-06-11,2024-06,5208,2024
transactions,2024-06-12,2024-06,4909,2024
transactions,2024-06-13,2024-06,5239,2024
transactions,2024-06-14,2024-06,5442,2024
transactions,2024-06-15,2024-06,3152,2024
transactions,2024-06-16,2024-06,2340,2024
transactions,2024-06-17,2024-06,5428,2024
transactions,2024-06-18,2024-06,5301,2024
transactions,2024-06-19,2024-06,4695,2024
transactions,2024-06-20,2024-06,5080,2024
transactions,2024-06-21,2024-06,3701,2024
transactions,2024-06-22,2024-06,3170,2024
transactions,2024-06-23,2024-06,2794,2024
transactions,2024-06-24,2024-06,4480,2024
transactions,2024-06-25,2024-06,4482,2024
transactions,2024-06-26,2024-06,4526,2024
transactions,2024-06-27,2024-06,4319,2024
transactions,2024-06-28,2024-06,4646,2024
transactions,2024-06-29,2024-06,2736,2024
transactions,2024-06-30,2024-06,2887,2024
transactions,2024-07-01,2024-07,3713,2024
transactions,2024-07-02,2024-07,4406,2024
transactions,2024-07-03,2024-07,5147,2024
transactions,2024-07-04,2024-07,5234,2024
transactions,2024-07-05,2024-07,5352,2024
transactions,2024-07-06,2024-07,3069,2024
transactions,2024-07-07,2024-07,2758,2024
transactions,2024-07-08,2024-07,4294,2024
transactions,2024-07-09,2024-07,4125,2024
transactions,2024-07-10,2024-07,4552,2024
transactions,2024-07-11,2024-07,5112,2024
transactions,2024-07-12,2024-07,5436,2024
transactions,2024-07-13,2024-07,2190,2024
transactions,2024-07-14,2024-07,3204,2024
transactions,2024-07-15,2024-07,4410,2024
transactions,2024-07-16,2024-07,3859,2024
transactions,2024-07-17,2024-07,3880,2024
transactions,2024-07-18,2024-07,5170,2024
transactions,2024-07-19,2024-07,4657,2024
transactions,2024-07-20,2024-07,2373,2024
transactions,2024-07-21,2024-07,3187,2024
transactions,2024-07-22,2024-07,5000,2024
transactions,2024-07-23,2024-07,4796,2024
transactions,2024-07-24,2024-07,5226,2024
transactions,2024-07-25,2024-07,3925,2024
transactions,2024-07-26,2024-07,4904,2024
transactions,2024-07-27,2024-07,2240,2024
transactions,2024-07-28,2024-07,2189,2024
transactions,2024-07-29,2024-07,4598,2024
transactions,2024-07-30,2024-07,5290,2024
transactions,2024-07-31,2024-07,5020,2024
transactions,2024-08-01,2024-08,3657,2024
transactions,2024-08-02,2024-08,3736,2024
transactions,2024-08-03,2024-08,3053,2024
transactions,2024-08-04,2024-08,2272,2024
transactions,2024-08-05,2024-08,3907,2024
transactions,2024-08-06,2024-08,4143,2024
transactions,2024-08-07,2024-08,4097,2024
transactions,2024-08-08,2024-08,4162,2024
transactions,2024-08-09,2024-08,4061,2024
transactions,2024-08-10,2024-08,3244,2024
transactions,2024-08-11,2024-08,2896,2024
transactions,2024-08-12,2024-08,4508,2024
transactions,2024-08-13,2024-08,5367,2024
transactions,2024-08-14,2024-08,5353,2024
transactions,2024-08-15,2024-08,4850,2024
transactions,2024-08-16,2024-08,4592,2024
transactions,2024-08-17,2024-08,2209,2024
transactions,2024-08-18,2024-08,3017,2024
transactions,2024-08-19,2024-08,4118,2024
transactions,2024-08-20,2024-08,4399,2024
transactions,2024-08-21,2024-08,4009,2024
transactions,2024-08-22,2024-08,4356,2024
transactions,2024-08-23,2024-08,4026,2024
transactions,2024-08-24,2024-08,2696,2024
transactions,2024-08-25,2024-08,3058,2024
transactions,2024-08-26,2024-08,4812,2024
transactions,2024-08-27,2024-08,5378,2024
transactions,2024-08-28,2024-08,3742,2024
transactions,2024-08-29,2024-08,4813,2024
transactions,2024-08-30,2024-08,5208,2024
transactions,2024-08-31,2024-08,2370,2024
transactions,2024-09-01,2024-09,3073,2024
transactions,2024-09-02,2024-09,4444,2024
transactions,2024-09-03,2024-09,4623,2024
transactions,2024-09-04,2024-09,5324,2024
transactions,2024-09-05,2024-09,3695,2024
transactions,2024-09-06,2024-09,3901,2024
transactions,2024-09-07,2024-09,2469,2024
transactions,2024-09-08,2024-09,2388,2024
transactions,2024-09-09,2024-09,5185,2024
transactions,2024-09-10,2024-09,4333,2024
transactions,2024-09-11,2024-09,4116,2024
transactions,2024-09-12,2024-09,5327,2024
transactions,2024-09-13,2024-09,3999,2024
transactions,2024-09-14,2024-09,2200,2024
transactions,2024-09-15,2024-09,2306,2024
transactions,2024-09-16,2024-09,4834,2024
transactions,2024-09-17,2024-09,4562,2024
transactions,2024-09-18,2024-09,4652,2024
transactions,2024-09-19,2024-09,3877,2024
transactions,2024-09-20,2024-09,4457,2024
transactions,2024-09-21,2024-09,3051,2024
transactions,2024-09-22,2024-09,3013,2024
transactions,2024-09-23,2024-09,5339,2024
transactions,2024-09-24,2024-09,4335,2024
transactions,2024-09-25,2024-09,4361,2024
transactions,2024-09-26,2024-09,3918,2024
transactions,2024-09-27,2024-09,3814,2024
transactions,2024-09-28,2024-09,3184,2024
transactions,2024-09-29,2024-09,2980,2024
transactions,2024-09-30,2024-09,4252,2024
transactions,2024-10-01,2024-10,3834,2024
transactions,2024-10-02,2024-10,4607,2024
transactions,2024-10-03,2024-10,4564,2024
transactions,2024-10-04,2024-10,4948,2024
transactions,2024-10-05,2024-10,3156,2024
transactions,2024-10-06,2024-10,2910,2024
transactions,2024-10-07,2024-10,4288,2024
transactions,2024-10-08,2024-10,4715,2024
transactions,2024-10-09,2024-10,5158,2024
transactions,2024-10-10,2024-10,5109,2024
transactions,2024-10-11,2024-10,4051,2024
transactions,2024-10-12,2024-10,2655,2024
transactions,2024-10-13,2024-10,2394,2024
transactions,2024-10-14,2024-10,4841,2024
transactions,2024-10-15,2024-10,5403,2024
transactions,2024-10-16,2024-10,3678,2024
transactions,2024-10-17,2024-10,4651,2024
transactions,2024-10-18,2024-10,3842,2024
transactions,2024-10-19,2024-10,2863,2024
transactions,2024-10-20,2024-10,2813,2024
transactions,2024-10-21,2024-10,5413,2024
transactions,2024-10-22,2024-10,3649,2024
transactions,2024-10-23,2024-10,5144,2024
transactions,2024-10-24,2024-10,5168,2024
transactions,2024-10-25,2024-10,5348,2024
transactions,2024-10-26,2024-10,2386,2024
transactions,2024-10-27,2024-10,2478,2024
transactions,2024-10-28,2024-10,4080,2024
transactions,2024-10-29,2024-10,4050,2024
transactions,2024-10-30,2024-10,4359,2024
transactions,2024-10-31,2024-10,5203,2024
transactions,2024-11-01,2024-11,4025,2024
transactions,2024-11-02,2024-11,2875,2024
transactions,2024-11-03,2024-11,2857,2024
transactions,2024-11-04,2024-11,4834,2024
transactions,2024-11-05,2024-11,4773,2024
transactions,2024-11-06,2024-11,5042,2024
transactions,2024-11-07,2024-11,5199,2024
transactions,2024-11-08,2024-11,4295,2024
transactions,2024-11-09,2024-11,2413,2024
transactions,2024-11-10,2024-11,2562,2024
transactions,2024-11-11,2024-11,5257,2024
transactions,2024-11-12,2024-11,5430,2024
transactions,2024-11-13,2024-11,4288,2024
transactions,2024-11-14,2024-11,4282,2024
transactions,2024-11-15,2024-11,4307,2024
transactions,2024-11-16,2024-11,3086,2024
transactions,2024-11-17,2024-11,2623,2024
transactions,2024-11-18,2024-11,3803,2024
transactions,2024-11-19,2024-11,5307,2024
transactions,2024-11-20,2024-11,4099,2024
transactions,2024-11-21,2024-11,4503,2024
transactions,2024-11-22,2024-11,4693,2024
transactions,2024-11-23,2024-11,2286,2024
transactions,2024-11-24,2024-11,2736,2024
transactions,2024-11-25,2024-11,3668,2024
transactions,2024-11-26,2024-11,4549,2024
transactions,2024-11-27,2024-11,4594,2024
transactions,2024-11-28,2024-11,4993,2024
transactions,2024-11-29,2024-11,4902,2024
transactions,2024-11-30,2024-11,2554,2024
transactions,2024-12-01,2024-12,2227,2024
transactions,2024-12-02,2024-12,4974,2024
transactions,2024-12-03,2024-12,4176,2024
transactions,2024-12-04,2024-12,4380,2024
transactions,2024-12-05,2024-12,4312,2024
transactions,2024-12-06,2024-12,4782,2024
transactions,2024-12-07,2024-12,2646,2024
transactions,2024-12-08,2024-12,2896,2024
transactions,2024-12-09,2024-12,4190,2024
transactions,2024-12-10,2024-12,4665,2024
transactions,2024-12-11,2024-12,4615,2024
transactions,2024-12-12,2024-12,5433,2024
transactions,2024-12-13,2024-12,4374,2024
transactions,2024-12-14,2024-12,2633,2024
transactions,2024-12-15,2024-12,2316,2024
transactions,2024-12-16,2024-12,3838,2024
transactions,2024-12-17,2024-12,5123,2024
transactions,2024-12-18,2024-12,5293,2024
transactions,2024-12-19,2024-12,4101,2024
transactions,2024-12-20,2024-12,3783,2024
transactions,2024-12-21,2024-12,2843,2024
transactions,2024-12-22,2024-12,3079,2024
transactions,2024-12-23,2024-12,5092,2024
transactions,2024-12-24,2024-12,3656,2024
transactions,2024-12-25,2024-12,3798,2024
transactions,2024-12-26,2024-12,3940,2024
transactions,2024-12-27,2024-12,4616,2024
transactions,2024-12-28,2024-12,3202,2024
transactions,2024-12-29,2024-12,2392,2024
transactions,2024-12-30,2024-12,4956,2024
transactions,2024-12-31,2024-12,5012,2024
transactions,2025-01-01,2025-01,3773,2025
transactions,2025-01-02,2025-01,3842,2025
transactions,2025-01-03,2025-01,4429,2025
transactions,2025-01-04,2025-01,2873,2025
transactions,2025-01-05,2025-01,3000,2025
transactions,2025-01-06,2025-01,4122,2025
transactions,2025-01-07,2025-01,3949,2025
transactions,2025-01-08,2025-01,4515,2025
transactions,2025-01-09,2025-01,3738,2025
transactions,2025-01-10,2025-01,5084,2025
transactions,2025-01-11,2025-01,2620,2025
transactions,2025-01-12,2025-01,3045,2025
transactions,2025-01-13,2025-01,4828,2025
transactions,2025-01-14,2025-01,4604,2025
transactions,2025-01-15,2025-01,3678,2025
transactions,2025-01-16,2025-01,4957,2025
transactions,2025-01-17,2025-01,4360,2025
transactions,2025-01-18,2025-01,2894,2025
transactions,2025-01-19,2025-01,2232,2025
transactions,2025-01-20,2025-01,4017,2025
transactions,2025-01-21,2025-01,3778,2025
transactions,2025-01-22,2025-01,4521,2025
transactions,2025-01-23,2025-01,3950,2025
transactions,2025-01-24,2025-01,5428,2025
transactions,2025-01-25,2025-01,2856,2025
transactions,2025-01-26,2025-01,2911,2025
transactions,2025-01-27,2025-01,3659,2025
transactions,2025-01-28,2025-01,5069,2025
transactions,2025-01-29,2025-01,3933,2025
transactions,2025-01-30,2025-01,4867,2025
transactions,2025-01-31,2025-01,4524,2025
transactions,2025-02-01,2025-02,2712,2025
transactions,2025-02-02,2025-02,2762,2025
transactions,2025-02-03,2025-02,3751,2025
transactions,2025-02-04,2025-02,4813,2025
transactions,2025-02-05,2025-02,3683,2025
transactions,2025-02-06,2025-02,4449,2025
transactions,2025-02-07,2025-02,3730,2025
transactions,2025-02-08,2025-02,2924,2025
transactions,2025-02-09,2025-02,2682,2025
transactions,2025-02-10,2025-02,3751,2025
transactions,2025-02-11,2025-02,5001,2025
transactions,2025-02-12,2025-02,4698,2025
transactions,2025-02-13,2025-02,5307,2025
transactions,2025-02-14,2025-02,4158,2025
transactions,2025-02-15,2025-02,2684,2025
transactions,2025-02-16,2025-02,2275,2025
transactions,2025-02-17,2025-02,4936,2025
transactions,2025-02-18,2025-02,4331,2025
transactions,2025-02-19,2025-02,4312,2025
transactions,2025-02-20,2025-02,4771,2025
transactions,2025-02-21,2025-02,4486,2025
transactions,2025-02-22,2025-02,2628,2025
transactions,2025-02-23,2025-02,3256,2025
transactions,2025-02-24,2025-02,3984,2025
transactions,2025-02-25,2025-02,4729,2025
transactions,2025-02-26,2025-02,4008,2025
transactions,2025-02-27,2025-02,4513,2025
transactions,2025-02-28,2025-02,5298,2025
transactions,2025-03-01,2025-03,2708,2025
transactions,2025-03-02,2025-03,2524,2025
transactions,2025-03-03,2025-03,3713,2025
transactions,2025-03-04,2025-03,4640,2025
transactions,2025-03-05,2025-03,4667,2025
transactions,2025-03-06,2025-03,4920,2025
transactions,2025-03-07,2025-03,3780,2025
transactions,2025-03-08,2025-03,2264,2025
transactions,2025-03-09,2025-03,3064,2025
transactions,2025-03-10,2025-03,3940,2025
transactions,2025-03-11,2025-03,4816,2025
transactions,2025-03-12,2025-03,5164,2025
transactions,2025-03-13,2025-03,5016,2025
transactions,2025-03-14,2025-03,5446,2025
transactions,2025-03-15,2025-03,3274,2025
transactions,2025-03-16,2025-03,2574,2025
transactions,2025-03-17,2025-03,4217,2025
transactions,2025-03-18,2025-03,3780,2025
transactions,2025-03-19,2025-03,5082,2025
transactions,2025-03-20,2025-03,4745,2025
transactions,2025-03-21,2025-03,4267,2025
transactions,2025-03-22,2025-03,2585,2025
transactions,2025-03-23,2025-03,2790,2025
transactions,2025-03-24,2025-03,4706,2025
transactions,2025-03-25,2025-03,5138,2025
transactions,2025-03-26,2025-03,4638,2025
transactions,2025-03-27,2025-03,4407,2025
transactions,2025-03-28,2025-03,4669,2025
transactions,2025-03-29,2025-03,3184,2025
transactions,2025-03-30,2025-03,2846,2025
transactions,2025-03-31,2025-03,3801,2025
transactions,2025-04-01,2025-04,4351,2025
transactions,2025-04-02,2025-04,4177,2025
transactions,2025-04-03,2025-04,4672,2025
transactions,2025-04-04,2025-04,4254,2025
transactions,2025-04-05,2025-04,2686,2025
transactions,2025-04-06,2025-04,3103,2025
transactions,2025-04-07,2025-04,3822,2025
transactions,2025-04-08,2025-04,5366,2025
transactions,2025-04-09,2025-04,5087,2025
transactions,2025-04-10,2025-04,5021,2025
transactions,2025-04-11,2025-04,4538,2025
transactions,2025-04-12,2025-04,2467,2025
transactions,2025-04-13,2025-04,2629,2025
transactions,2025-04-14,2025-04,4649,2025
transactions,2025-04-15,2025-04,4537,2025
transactions,2025-04-16,2025-04,4116,2025
transactions,2025-04-17,2025-04,4360,2025
transactions,2025-04-18,2025-04,3998,2025
transactions,2025-04-19,2025-04,3084,2025
transactions,2025-04-20,2025-04,2404,2025
transactions,2025-04-21,2025-04,4356,2025
transactions,2025-04-22,2025-04,4273,2025
transactions,2025-04-23,2025-04,4260,2025
transactions,2025-04-24,2025-04,3870,2025
transactions,2025-04-25,2025-04,4070,2025
transactions,2025-04-26,2025-04,3129,2025
transactions,2025-04-27,2025-04,2989,2025
transactions,2025-04-28,2025-04,4917,2025
transactions,2025-04-29,2025-04,5317,2025
transactions,2025-04-30,2025-04,4336,2025
transactions,2025-05-01,2025-05,5148,2025
transactions,2025-05-02,2025-05,5440,2025
transactions,2025-05-03,2025-05,2719,2025
transactions,2025-05-04,2025-05,2710,2025
transactions,2025-05-05,2025-05,4381,2025
transactions,2025-05-06,2025-05,4788,2025
transactions,2025-05-07,2025-05,4943,2025
transactions,2025-05-08,2025-05,3948,2025
transactions,2025-05-09,2025-05,4749,2025
transactions,2025-05-10,2025-05,2248,2025
transactions,2025-05-11,2025-05,2510,2025
transactions,2025-05-12,2025-05,5409,2025
transactions,2025-05-13,2025-05,4870,2025
transactions,2025-05-14,2025-05,5205,2025
transactions,2025-05-15,2025-05,4235,2025
transactions,2025-05-16,2025-05,4211,2025
transactions,2025-05-17,2025-05,3275,2025
transactions,2025-05-18,2025-05,2824,2025
transactions,2025-05-19,2025-05,5230,2025
transactions,2025-05-20,2025-05,4748,2025
transactions,2025-05-21,2025-05,4171,2025
transactions,2025-05-22,2025-05,3953,2025
transactions,2025-05-23,2025-05,4085,2025
transactions,2025-05-24,2025-05,2884,2025
transactions,2025-05-25,2025-05,3261,2025
transactions,2025-05-26,2025-05,3650,2025
transactions,2025-05-27,2025-05,4486,2025
transactions,2025-05-28,2025-05,4859,2025
transactions,2025-05-29,2025-05,5131,2025
transactions,2025-05-30,2025-05,3697,2025
transactions,2025-05-31,2025-05,2911,2025
transactions,2025-06-01,2025-06,2286,2025
transactions,2025-06-02,2025-06,5382,2025
transactions,2025-06-03,2025-06,4165,2025
transactions,2025-06-04,2025-06,4171,2025
transactions,2025-06-05,2025-06,5313,2025
transactions,2025-06-06,2025-06,4293,2025
transactions,2025-06-07,2025-06,2258,2025
transactions,2025-06-08,2025-06,2334,2025
transactions,2025-06-09,2025-06,3709,2025
transactions,2025-06-10,2025-06,4156,2025
transactions,2025-06-11,2025-06,5021,2025
transactions,2025-06-12,2025-06,4818,2025
transactions,2025-06-13,2025-06,3954,2025
transactions,2025-06-14,2025-06,2566,2025
transactions,2025-06-15,2025-06,3114,2025
transactions,2025-06-16,2025-06,5276,2025
transactions,2025-06-17,2025-06,4416,2025
transactions,2025-06-18,2025-06,4786,2025
transactions,2025-06-19,2025-06,4250,2025
transactions,2025-06-20,2025-06,4704,2025
transactions,2025-06-21,2025-06,2274,2025
transactions,2025-06-22,2025-06,3009,2025
transactions,2025-06-23,2025-06,3824,2025
transactions,2025-06-24,2025-06,5426,2025
transactions,2025-06-25,2025-06,4892,2025
transactions,2025-06-26,2025-06,4178,2025
transactions,2025-06-27,2025-06,4974,2025
transactions,2025-06-28,2025-06,2806,2025
transactions,2025-06-29,2025-06,2787,2025
transactions,2025-06-30,2025-06,3856,2025
transactions,2025-07-01,2025-07,5088,2025
transactions,2025-07-02,2025-07,4682,2025
transactions,2025-07-03,2025-07,5245,2025
transactions,2025-07-04,2025-07,4198,2025
transactions,2025-07-05,2025-07,2282,2025
transactions,2025-07-06,2025-07,2214,2025
transactions,2025-07-07,2025-07,4461,2025
transactions,2025-07-08,2025-07,5180,2025
transactions,2025-07-09,2025-07,5192,2025
transactions,2025-07-10,2025-07,3664,2025
transactions,2025-07-11,2025-07,4791,2025
transactions,2025-07-12,2025-07,2788,2025
transactions,2025-07-13,2025-07,2827,2025
transactions,2025-07-14,2025-07,4167,2025
transactions,2025-07-15,2025-07,4104,2025
transactions,2025-07-16,2025-07,5440,2025
transactions,2025-07-17,2025-07,4291,2025
transactions,2025-07-18,2025-07,4331,2025
transactions,2025-07-19,2025-07,2460,2025
transactions,2025-07-20,2025-07,2925,2025
transactions,2025-07-21,2025-07,5364,2025
transactions,2025-07-22,2025-07,4426,2025
transactions,2025-07-23,2025-07,4548,2025
transactions,2025-07-24,2025-07,3734,2025
transactions,2025-07-25,2025-07,4945,2025
transactions,2025-07-26,2025-07,3204,2025
transactions,2025-07-27,2025-07,2413,2025
transactions,2025-07-28,2025-07,5388,2025
transactions,2025-07-29,2025-07,4841,2025
transactions,2025-07-30,2025-07,3959,2025
transactions,2025-07-31,2025-07,3715,2025
transactions,2025-08-01,2025-08,4697,2025
transactions,2025-08-02,2025-08,2345,2025
transactions,2025-08-03,2025-08,2554,2025
transactions,2025-08-04,2025-08,4501,2025
transactions,2025-08-05,2025-08,4300,2025
transactions,2025-08-06,2025-08,5145,2025
transactions,2025-08-07,2025-08,4166,2025
transactions,2025-08-08,2025-08,5269,2025
transactions,2025-08-09,2025-08,2191,2025
transactions,2025-08-10,2025-08,3243,2025
transactions,2025-08-11,2025-08,4278,2025
transactions,2025-08-12,2025-08,3974,2025
transactions,2025-08-13,2025-08,5398,2025
transactions,2025-08-14,2025-08,3733,2025
transactions,2025-08-15,2025-08,5069,2025
transactions,2025-08-16,2025-08,2318,2025
transactions,2025-08-17,2025-08,3167,2025
transactions,2025-08-18,2025-08,4162,2025
transactions,2025-08-19,2025-08,4322,2025
transactions,2025-08-20,2025-08,4888,2025
transactions,2025-08-21,2025-08,5294,2025
transactions,2025-08-22,2025-08,4575,2025
transactions,2025-08-23,2025-08,2875,2025
transactions,2025-08-24,2025-08,3092,2025
transactions,2025-08-25,2025-08,5463,2025
transactions,2025-08-26,2025-08,5317,2025
transactions,2025-08-27,2025-08,4365,2025
transactions,2025-08-28,2025-08,4844,2025
transactions,2025-08-29,2025-08,4839,2025
transactions,2025-08-30,2025-08,2505,2025
transactions,2025-08-31,2025-08,2997,2025
transactions,2025-09-01,2025-09,4501,2025
transactions,2025-09-02,2025-09,3953,2025
transactions,2025-09-03,2025-09,4320,2025
transactions,2025-09-04,2025-09,3957,2025
transactions,2025-09-05,2025-09,4115,2025
transactions,2025-09-06,2025-09,2953,2025
transactions,2025-09-07,2025-09,2199,2025
transactions,2025-09-08,2025-09,4517,2025
transactions,2025-09-09,2025-09,4894,2025
transactions,2025-09-10,2025-09,3841,2025
transactions,2025-09-11,2025-09,5093,2025
transactions,2025-09-12,2025-09,5246,2025
transactions,2025-09-13,2025-09,3267,2025
transactions,2025-09-14,2025-09,3270,2025
transactions,2025-09-15,2025-09,4080,2025
transactions,2025-09-16,2025-09,4275,2025
transactions,2025-09-17,2025-09,4039,2025
transactions,2025-09-18,2025-09,3811,2025
transactions,2025-09-19,2025-09,4413,2025
transactions,2025-09-20,2025-09,2408,2025
transactions,2025-09-21,2025-09,2575,2025
transactions,2025-09-22,2025-09,4273,2025
transactions,2025-09-23,2025-09,3804,2025
transactions,2025-09-24,2025-09,4936,2025
transactions,2025-09-25,2025-09,4239,2025
transactions,2025-09-26,2025-09,5258,2025
transactions,2025-09-27,2025-09,2472,2025
transactions,2025-09-28,2025-09,2757,2025
transactions,2025-09-29,2025-09,5217,2025
transactions,2025-09-30,2025-09,4102,2025
transactions,2025-10-01,2025-10,4548,2025
transactions,2025-10-02,2025-10,4141,2025
transactions,2025-10-03,2025-10,5156,2025
transactions,2025-10-04,2025-10,3218,2025
transactions,2025-10-05,2025-10,2996,2025
transactions,2025-10-06,2025-10,4858,2025
transactions,2025-10-07,2025-10,4289,2025
transactions,2025-10-08,2025-10,3773,2025
transactions,2025-10-09,2025-10,4236,2025
transactions,2025-10-10,2025-10,4421,2025
transactions,2025-10-11,2025-10,3202,2025
transactions,2025-10-12,2025-10,2916,2025
transactions,2025-10-13,2025-10,3835,2025
transactions,2025-10-14,2025-10,4054,2025
transactions,2025-10-15,2025-10,5074,2025
transactions,2025-10-16,2025-10,4204,2025
transactions,2025-10-17,2025-10,5407,2025
transactions,2025-10-18,2025-10,2617,2025
transactions,2025-10-19,2025-10,3148,2025
transactions,2025-10-20,2025-10,4704,2025
transactions,2025-10-21,2025-10,4262,2025
transactions,2025-10-22,2025-10,4941,2025
transactions,2025-10-23,2025-10,3690,2025
transactions,2025-10-24,2025-10,5376,2025
transactions,2025-10-25,2025-10,3096,2025
transactions,2025-10-26,2025-10,3275,2025
transactions,2025-10-27,2025-10,5220,2025
transactions,2025-10-28,2025-10,4312,2025
transactions,2025-10-29,2025-10,4967,2025
transactions,2025-10-30,2025-10,5420,2025
transactions,2025-10-31,2025-10,3900,2025
transactions,2025-11-01,2025-11,2734,2025
transactions,2025-11-02,2025-11,2936,2025
transactions,2025-11-03,2025-11,3769,2025
transactions,2025-11-04,2025-11,5111,2025
transactions,2025-11-05,2025-11,5285,2025
transactions,2025-11-06,2025-11,5245,2025
transactions,2025-11-07,2025-11,4385,2025
transactions,2025-11-08,2025-11,2835,2025
transactions,2025-11-09,2025-11,2571,2025
transactions,2025-11-10,2025-11,3767,2025
transactions,2025-11-11,2025-11,4304,2025
transactions,2025-11-12,2025-11,4182,2025
transactions,2025-11-13,2025-11,5390,2025
transactions,2025-11-14,2025-11,4276,2025
transactions,2025-11-15,2025-11,3039,2025
transactions,2025-11-16,2025-11,2427,2025
transactions,2025-11-17,2025-11,4475,2025
transactions,2025-11-18,2025-11,4026,2025
transactions,2025-11-19,2025-11,4525,2025
transactions,2025-11-20,2025-11,4608,2025
transactions,2025-11-21,2025-11,4824,2025
transactions,2025-11-22,2025-11,3182,2025
transactions,2025-11-23,2025-11,2883,2025
transactions,2025-11-24,2025-11,4388,2025
transactions,2025-11-25,2025-11,4431,2025
transactions,2025-11-26,2025-11,5076,2025
transactions,2025-11-27,2025-11,5245,2025
transactions,2025-11-28,2025-11,4997,2025
transactions,2025-11-29,2025-11,3191,2025
transactions,2025-11-30,2025-11,2216,2025
transactions,2025-12-01,2025-12,4265,2025
transactions,2025-12-02,2025-12,4191,2025
transactions,2025-12-03,2025-12,4129,2025
transactions,2025-12-04,2025-12,4482,2025
transactions,2025-12-05,2025-12,3764,2025
transactions,2025-12-06,2025-12,2664,2025
transactions,2025-12-07,2025-12,2426,2025
transactions,2025-12-08,2025-12,3704,2025
transactions,2025-12-09,2025-12,4173,2025
transactions,2025-12-10,2025-12,4457,2025
transactions,2025-12-11,2025-12,3797,2025
transactions,2025-12-12,2025-12,5107,2025
transactions,2025-12-13,2025-12,2229,2025
transactions,2025-12-14,2025-12,2806,2025
transactions,2025-12-15,2025-12,4968,2025
transactions,2025-12-16,2025-12,5152,2025
transactions,2025-12-17,2025-12,5188,2025
transactions,2025-12-18,2025-12,4063,2025
transactions,2025-12-19,2025-12,3866,2025
transactions,2025-12-20,2025-12,3119,2025
transactions,2025-12-21,2025-12,2319,2025
transactions,2025-12-22,2025-12,4067,2025
transactions,2025-12-23,2025-12,5325,2025
transactions,2025-12-24,2025-12,4423,2025
transactions,2025-12-25,2025-12,4830,2025
transactions,2025-12-26,2025-12,4647,2025
transactions,2025-12-27,2025-12,2320,2025
transactions,2025-12-28,2025-12,2235,2025
transactions,2025-12-29,2025-12,5135,2025
transactions,2025-12-30,2025-12,5076,2025
transactions,2025-12-31,2025-12,3890,2025
transactions,2026-01-01,2026-01,4638,2026
transactions,2026-01-02,2026-01,3851,2026
transactions,2026-01-03,2026-01,3016,2026
transactions,2026-01-04,2026-01,2572,2026
transactions,2026-01-05,2026-01,3830,2026
transactions,2026-01-06,2026-01,5301,2026
transactions,2026-01-07,2026-01,3885,2026
transactions,2026-01-08,2026-01,4272,2026
transactions,2026-01-09,2026-01,4709,2026
transactions,2026-01-10,2026-01,2574,2026
transactions,2026-01-11,2026-01,2284,2026
transactions,2026-01-12,2026-01,4488,2026
transactions,2026-01-13,2026-01,5441,2026
transactions,2026-01-14,2026-01,4985,2026
transactions,2026-01-15,2026-01,4648,2026
transactions,2026-01-16,2026-01,5241,2026
transactions,2026-01-17,2026-01,3037,2026
transactions,2026-01-18,2026-01,2286,2026
transactions,2026-01-19,2026-01,4230,2026
transactions,2026-01-20,2026-01,4479,2026
transactions,2026-01-21,2026-01,3763,2026
transactions,2026-01-22,2026-01,4607,2026
transactions,2026-01-23,2026-01,3757,2026
transactions,2026-01-24,2026-01,2871,2026
transactions,2026-01-25,2026-01,2713,2026
transactions,2026-01-26,2026-01,4714,2026
transactions,2026-01-27,2026-01,3936,2026
transactions,2026-01-28,2026-01,3857,2026
transactions,2026-01-29,2026-01,4404,2026
transactions,2026-01-30,2026-01,4936,2026
transactions,2026-01-31,2026-01,2224,2026
transactions,2026-02-01,2026-02,2611,2026
transactions,2026-02-02,2026-02,5088,2026
transactions,2026-02-03,2026-02,4634,2026
transactions,2026-02-04,2026-02,4120,2026
transactions,2026-02-05,2026-02,4980,2026
transactions,2026-02-06,2026-02,4503,2026
transactions,2026-02-07,2026-02,2572,2026
transactions,2026-02-08,2026-02,2314,2026
transactions,2026-02-09,2026-02,5326,2026
transactions,2026-02-10,2026-02,4916,2026
transactions,2026-02-11,2026-02,5406,2026
transactions,2026-02-12,2026-02,4664,2026
transactions,2026-02-13,2026-02,5019,2026
transactions,2026-02-14,2026-02,2533,2026
transactions,2026-02-15,2026-02,2870,2026
transactions,2026-02-16,2026-02,5215,2026
transactions,2026-02-17,2026-02,4788,2026
transactions,2026-02-18,2026-02,4516,2026
transactions,2026-02-19,2026-02,5193,2026
transactions,2026-02-20,2026-02,4916,2026
transactions,2026-02-21,2026-02,3180,2026
transactions,2026-02-22,2026-02,2653,2026
transactions,2026-02-23,2026-02,4001,2026
transactions,2026-02-24,2026-02,4224,2026
transactions,2026-02-25,2026-02,4452,2026
transactions,2026-02-26,2026-02,3787,2026
transactions,2026-02-27,2026-02,3669,2026
transactions,2026-02-28,2026-02,3182,2026
transactions,2026-03-01,2026-03,2622,2026
transactions,2026-03-02,2026-03,4607,2026
transactions,2026-03-03,2026-03,4115,2026
transactions,2026-03-04,2026-03,5342,2026
transactions,2026-03-05,2026-03,4699,2026
transactions,2026-03-06,2026-03,4667,2026
transactions,2026-03-07,2026-03,2986,2026
transactions,2026-03-08,2026-03,2922,2026
transactions,2026-03-09,2026-03,3654,2026
transactions,2026-03-10,2026-03,4226,2026
transactions,2026-03-11,2026-03,5023,2026
transactions,2026-03-12,2026-03,3980,2026
transactions,2026-03-13,2026-03,5004,2026
transactions,2026-03-14,2026-03,2311,2026
transactions,2026-03-15,2026-03,2815,2026
transactions,2026-03-16,2026-03,3833,2026
transactions,2026-03-17,2026-03,4817,2026
transactions,2026-03-18,2026-03,5194,2026
transactions,2026-03-19,2026-03,4823,2026
transactions,2026-03-20,2026-03,4323,2026
transactions,2026-03-21,2026-03,2735,2026
transactions,2026-03-22,2026-03,2711,2026
transactions,2026-03-23,2026-03,3720,2026
transactions,2026-03-24,2026-03,4241,2026
transactions,2026-03-25,2026-03,4474,2026
transactions,2026-03-26,2026-03,5389,2026
transactions,2026-03-27,2026-03,5432,2026
transactions,2026-03-28,2026-03,2308,2026
transactions,2026-03-29,2026-03,2823,2026
transactions,2026-03-30,2026-03,3866,2026
transactions,2026-03-31,2026-03,4634,2026
transactions,2026-04-01,2026-04,5021,2026
transactions,2026-04-02,2026-04,4017,2026
transactions,2026-04-03,2026-04,4659,2026
transactions,2026-04-04,2026-04,2740,2026
transactions,2026-04-05,2026-04,2889,2026
transactions,2026-04-06,2026-04,5334,2026
transactions,2026-04-07,2026-04,4383,2026
transactions,2026-04-08,2026-04,4787,2026
transactions,2026-04-09,2026-04,4906,2026
transactions,2026-04-10,2026-04,5075,2026
transactions,2026-04-11,2026-04,2753,2026
transactions,2026-04-12,2026-04,2367,2026
transactions,2026-04-13,2026-04,5175,2026
transactions,2026-04-14,2026-04,5447,2026
transactions,2026-04-15,2026-04,4409,2026
transactions,2026-04-16,2026-04,3783,2026
transactions,2026-04-17,2026-04,5202,2026
transactions,2026-04-18,2026-04,3001,2026
transactions,2026-04-19,2026-04,3272,2026
transactions,2026-04-20,2026-04,5209,2026
transactions,2026-04-21,2026-04,4148,2026
transactions,2026-04-22,2026-04,4095,2026
transactions,2026-04-23,2026-04,4785,2026
transactions,2026-04-24,2026-04,5210,2026
transactions,2026-04-25,2026-04,3083,2026
transactions,2026-04-26,2026-04,2530,2026
transactions,2026-04-27,2026-04,3811,2026
transactions,2026-04-28,2026-04,5228,2026
transactions,2026-04-29,2026-04,4220,2026
transactions,2026-04-30,2026-04,4960,2026
transactions,2026-05-01,2026-05,3942,2026
transactions,2026-05-02,2026-05,2411,2026
transactions,2026-05-03,2026-05,2229,2026
transactions,2026-05-04,2026-05,5212,2026
transactions,2026-05-05,2026-05,5208,2026
transactions,2026-05-06,2026-05,4131,2026
transactions,2026-05-07,2026-05,4218,2026
transactions,2026-05-08,2026-05,4675,2026
transactions,2026-05-09,2026-05,2649,2026
transactions,2026-05-10,2026-05,2859,2026
transactions,2026-05-11,2026-05,5407,2026
transactions,2026-05-12,2026-05,4252,2026
transactions,2026-05-13,2026-05,5066,2026
transactions,2026-05-14,2026-05,4441,2026
transactions,2026-05-15,2026-05,5105,2026
transactions,2026-05-16,2026-05,2736,2026
transactions,2026-05-17,2026-05,2615,2026
transactions,2026-05-18,2026-05,3718,2026
transactions,2026-05-19,2026-05,5442,2026
transactions,2026-05-20,2026-05,5083,2026
transactions,2026-05-21,2026-05,4777,2026
transactions,2026-05-22,2026-05,5380,2026
transactions,2026-05-23,2026-05,2572,2026
transactions,2026-05-24,2026-05,3193,2026
transactions,2026-05-25,2026-05,4960,2026
transactions,2026-05-26,2026-05,4641,2026
transactions,2026-05-27,2026-05,5445,2026
transactions,2026-05-28,2026-05,4324,2026
transactions,2026-05-29,2026-05,4538,2026
transactions,2026-05-30,2026-05,2778,2026
transactions,2026-05-31,2026-05,3148,2026
transactions,2026-06-01,2026-06,3935,2026
transactions,2026-06-02,2026-06,4793,2026
transactions,2026-06-03,2026-06,5364,2026
transactions,2026-06-04,2026-06,4021,2026
transactions,2026-06-05,2026-06,4008,2026
transactions,2026-06-06,2026-06,2603,2026
transactions,2026-06-07,2026-06,2442,2026
transactions,2026-06-08,2026-06,5033,2026
transactions,2026-06-09,2026-06,4065,2026
transactions,2026-06-10,2026-06,5268,2026
transactions,2026-06-11,2026-06,4298,2026
transactions,2026-06-12,2026-06,3877,2026
transactions,2026-06-13,2026-06,3210,2026
transactions,2026-06-14,2026-06,3115,2026
transactions,2026-06-15,2026-06,4370,2026
transactions,2026-06-16,2026-06,4947,2026
transactions,2026-06-17,2026-06,5342,2026
